region,filename
bangladesh,21.9963_90.5996.png
bangladesh,21.9963_90.6030.png
bangladesh,21.9996_90.6030.png
bangladesh,22.0084_89.8144.png
bangladesh,22.0084_90.5996.png
bangladesh,22.0172_89.7820.png
bangladesh,22.0172_90.5908.png
bangladesh,22.0172_90.7820.png
bangladesh,22.0260_89.8030.png
bangladesh,22.0260_89.8496.png
bangladesh,22.0260_90.2408.png
bangladesh,22.0348_89.7820.png
bangladesh,22.0348_89.8144.png
bangladesh,22.0348_90.2408.png
bangladesh,22.0462_89.7231.png
bangladesh,22.0462_89.7530.png
bangladesh,22.0462_89.7732.png
bangladesh,22.0496_89.7732.png
bangladesh,22.0496_90.2320.png
bangladesh,22.0496_90.2408.png
bangladesh,22.0496_90.6996.png
bangladesh,22.0496_90.7029.png
bangladesh,22.0584_89.6408.png
bangladesh,22.0584_89.6496.png
bangladesh,22.0584_90.2320.png
bangladesh,22.0584_90.2408.png
bangladesh,22.0584_90.5408.png
bangladesh,22.0584_90.5496.png
bangladesh,22.0584_90.6996.png
bangladesh,22.0584_90.7029.png
bangladesh,22.0672_89.6144.png
bangladesh,22.0672_89.7320.png
bangladesh,22.0672_89.7408.png
bangladesh,22.0672_89.7732.png
bangladesh,22.0672_90.2820.png
bangladesh,22.0672_90.2908.png
bangladesh,22.0672_90.9908.png
bangladesh,22.0761_89.5996.png
bangladesh,22.0761_89.6030.png
bangladesh,22.0761_89.7231.png
bangladesh,22.0761_89.7320.png
bangladesh,22.0761_89.7408.png
bangladesh,22.0761_89.7820.png
bangladesh,22.0761_90.2820.png
bangladesh,22.0761_90.2908.png
bangladesh,22.0849_89.5408.png
bangladesh,22.0849_89.5530.png
bangladesh,22.0849_89.7320.png
bangladesh,22.0849_89.7530.png
bangladesh,22.0963_89.7408.png
bangladesh,22.0963_90.2996.png
bangladesh,22.0963_90.3030.png
bangladesh,22.0963_90.6644.png
bangladesh,22.0963_90.6732.png
bangladesh,22.0963_90.6820.png
bangladesh,22.0997_89.7496.png
bangladesh,22.0997_90.2996.png
bangladesh,22.0997_90.3030.png
bangladesh,22.0997_90.6644.png
bangladesh,22.0997_90.6732.png
bangladesh,22.0997_90.6820.png
bangladesh,22.0997_90.6908.png
bangladesh,22.0997_90.7232.png
bangladesh,22.1085_89.4908.png
bangladesh,22.1085_89.6820.png
bangladesh,22.1085_89.6996.png
bangladesh,22.1085_89.7496.png
bangladesh,22.1085_90.2496.png
bangladesh,22.1085_90.2530.png
bangladesh,22.1085_90.6820.png
bangladesh,22.1085_90.6908.png
bangladesh,22.1085_90.6996.png
bangladesh,22.1085_90.7029.png
bangladesh,22.1085_90.7143.png
bangladesh,22.1085_90.7232.png
bangladesh,22.1085_90.9144.png
bangladesh,22.1173_89.4819.png
bangladesh,22.1173_89.4908.png
bangladesh,22.1173_89.6530.png
bangladesh,22.1173_89.6996.png
bangladesh,22.1173_89.7820.png
bangladesh,22.1173_89.7908.png
bangladesh,22.1173_89.8144.png
bangladesh,22.1173_89.8232.png
bangladesh,22.1173_90.2496.png
bangladesh,22.1173_90.2530.png
bangladesh,22.1173_90.6820.png
bangladesh,22.1173_90.7143.png
bangladesh,22.1173_90.7232.png
bangladesh,22.1261_89.4408.png
bangladesh,22.1261_89.5732.png
bangladesh,22.1261_89.7732.png
bangladesh,22.1261_89.8030.png
bangladesh,22.1261_90.6820.png
bangladesh,22.1349_89.4496.png
bangladesh,22.1349_89.5496.png
bangladesh,22.1349_89.6408.png
bangladesh,22.1349_89.6908.png
bangladesh,22.1349_89.7732.png
bangladesh,22.1349_89.8644.png
bangladesh,22.1349_90.6820.png
bangladesh,22.1463_89.4408.png
bangladesh,22.1463_89.5144.png
bangladesh,22.1463_89.5530.png
bangladesh,22.1463_89.6320.png
bangladesh,22.1463_89.6908.png
bangladesh,22.1463_89.7320.png
bangladesh,22.1463_89.7644.png
bangladesh,22.1463_90.2644.png
bangladesh,22.1496_89.4320.png
bangladesh,22.1496_89.6232.png
bangladesh,22.1496_89.7143.png
bangladesh,22.1496_89.7231.png
bangladesh,22.1496_89.7530.png
bangladesh,22.1496_90.2408.png
bangladesh,22.1496_90.2496.png
bangladesh,22.1496_90.2644.png
bangladesh,22.1496_90.3496.png
bangladesh,22.1496_90.3530.png
bangladesh,22.1584_89.5496.png
bangladesh,22.1584_89.6644.png
bangladesh,22.1584_89.7496.png
bangladesh,22.1584_89.8496.png
bangladesh,22.1584_89.8530.png
bangladesh,22.1584_90.0820.png
bangladesh,22.1584_90.0908.png
bangladesh,22.1584_90.3496.png
bangladesh,22.1584_90.3530.png
bangladesh,22.1584_91.0644.png
bangladesh,22.1672_89.3496.png
bangladesh,22.1672_89.5408.png
bangladesh,22.1672_89.5996.png
bangladesh,22.1672_89.6732.png
bangladesh,22.1672_89.7644.png
bangladesh,22.1672_89.8496.png
bangladesh,22.1672_90.0820.png
bangladesh,22.1672_90.0908.png
bangladesh,22.1672_90.0996.png
bangladesh,22.1672_90.1030.png
bangladesh,22.1672_90.1644.png
bangladesh,22.1672_90.2496.png
bangladesh,22.1672_90.2530.png
bangladesh,22.1672_91.0644.png
bangladesh,22.1672_91.0820.png
bangladesh,22.1672_91.0908.png
bangladesh,22.1760_89.3496.png
bangladesh,22.1760_89.4496.png
bangladesh,22.1760_89.5030.png
bangladesh,22.1760_89.5820.png
bangladesh,22.1760_89.7029.png
bangladesh,22.1760_89.7231.png
bangladesh,22.1760_89.7320.png
bangladesh,22.1760_89.7996.png
bangladesh,22.1760_89.8144.png
bangladesh,22.1760_89.8496.png
bangladesh,22.1760_89.8530.png
bangladesh,22.1760_90.0996.png
bangladesh,22.1760_90.1030.png
bangladesh,22.1760_90.1644.png
bangladesh,22.1760_90.2496.png
bangladesh,22.1760_90.2908.png
bangladesh,22.1760_90.2996.png
bangladesh,22.1848_89.3496.png
bangladesh,22.1848_89.4496.png
bangladesh,22.1848_89.4529.png
bangladesh,22.1848_89.5030.png
bangladesh,22.1848_89.5732.png
bangladesh,22.1848_89.6320.png
bangladesh,22.1848_89.7143.png
bangladesh,22.1848_89.7231.png
bangladesh,22.1848_89.7996.png
bangladesh,22.1848_89.8820.png
bangladesh,22.1848_90.2908.png
bangladesh,22.1848_90.2996.png
bangladesh,22.1962_89.4320.png
bangladesh,22.1962_89.5644.png
bangladesh,22.1962_89.5820.png
bangladesh,22.1962_89.6496.png
bangladesh,22.1962_89.6530.png
bangladesh,22.1962_89.6644.png
bangladesh,22.1962_89.8496.png
bangladesh,22.1962_89.8820.png
bangladesh,22.1997_89.3644.png
bangladesh,22.1997_89.5644.png
bangladesh,22.1997_89.7996.png
bangladesh,22.1997_89.8030.png
bangladesh,22.1997_89.8320.png
bangladesh,22.1997_89.8496.png
bangladesh,22.2085_89.5030.png
bangladesh,22.2085_89.5144.png
bangladesh,22.2085_89.8732.png
bangladesh,22.2085_90.0232.png
bangladesh,22.2085_90.0320.png
bangladesh,22.2085_90.3144.png
bangladesh,22.2173_89.4232.png
bangladesh,22.2173_89.4908.png
bangladesh,22.2173_89.6408.png
bangladesh,22.2173_89.7644.png
bangladesh,22.2173_90.3144.png
bangladesh,22.2261_89.4908.png
bangladesh,22.2261_89.6408.png
bangladesh,22.2261_89.7732.png
bangladesh,22.2261_89.8530.png
bangladesh,22.2261_89.8644.png
bangladesh,22.2261_91.1232.png
bangladesh,22.2261_91.1320.png
bangladesh,22.2349_89.4996.png
bangladesh,22.2349_89.5030.png
bangladesh,22.2349_89.6232.png
bangladesh,22.2349_89.6320.png
bangladesh,22.2349_89.6496.png
bangladesh,22.2349_89.6908.png
bangladesh,22.2349_89.7320.png
bangladesh,22.2349_89.7820.png
bangladesh,22.2349_89.8408.png
bangladesh,22.2349_89.8496.png
bangladesh,22.2463_89.5530.png
bangladesh,22.2463_89.6232.png
bangladesh,22.2463_89.6820.png
bangladesh,22.2463_89.6996.png
bangladesh,22.2463_89.7320.png
bangladesh,22.2463_90.2908.png
bangladesh,22.2463_90.7408.png
bangladesh,22.2463_90.7496.png
bangladesh,22.2463_91.0732.png
bangladesh,22.2463_91.0820.png
bangladesh,22.2496_89.3908.png
bangladesh,22.2496_89.5144.png
bangladesh,22.2496_89.7029.png
bangladesh,22.2496_90.2908.png
bangladesh,22.2496_90.7408.png
bangladesh,22.2496_90.7496.png
bangladesh,22.2496_91.0732.png
bangladesh,22.2496_91.0820.png
bangladesh,22.2584_89.7029.png
bangladesh,22.2584_90.0820.png
bangladesh,22.2584_90.2644.png
bangladesh,22.2584_90.2732.png
bangladesh,22.2672_89.5644.png
bangladesh,22.2672_89.6320.png
bangladesh,22.2672_89.7496.png
bangladesh,22.2672_89.7644.png
bangladesh,22.2672_89.7732.png
bangladesh,22.2672_90.0820.png
bangladesh,22.2672_90.2644.png
bangladesh,22.2672_90.2732.png
bangladesh,22.2672_91.0732.png
bangladesh,22.2672_91.0820.png
bangladesh,22.2760_89.5408.png
bangladesh,22.2760_89.5644.png
bangladesh,22.2760_89.7820.png
bangladesh,22.2848_89.3496.png
bangladesh,22.2848_89.5030.png
bangladesh,22.2848_89.5320.png
bangladesh,22.2848_89.5408.png
bangladesh,22.2848_89.6908.png
bangladesh,22.2848_89.8644.png
bangladesh,22.2848_90.6996.png
bangladesh,22.2848_90.7029.png
bangladesh,22.2848_90.7496.png
bangladesh,22.2848_90.7530.png
bangladesh,22.2962_89.5644.png
bangladesh,22.2962_89.7231.png
bangladesh,22.2962_90.0996.png
bangladesh,22.2962_90.1030.png
bangladesh,22.2962_90.4030.png
bangladesh,22.2996_89.3644.png
bangladesh,22.2996_89.4320.png
bangladesh,22.2996_89.6496.png
bangladesh,22.2996_89.6908.png
bangladesh,22.2996_90.0996.png
bangladesh,22.2996_90.1030.png
bangladesh,22.2996_90.1144.png
bangladesh,22.2996_90.1232.png
bangladesh,22.2996_90.4030.png
bangladesh,22.2996_90.6232.png
bangladesh,22.3084_89.3908.png
bangladesh,22.3084_89.4232.png
bangladesh,22.3084_89.4996.png
bangladesh,22.3084_89.5908.png
bangladesh,22.3084_89.6530.png
bangladesh,22.3084_89.6820.png
bangladesh,22.3084_90.0996.png
bangladesh,22.3084_90.1030.png
bangladesh,22.3084_90.1144.png
bangladesh,22.3084_90.1232.png
bangladesh,22.3084_90.6320.png
bangladesh,22.3084_90.7820.png
bangladesh,22.3084_90.7908.png
bangladesh,22.3084_91.1820.png
bangladesh,22.3173_89.0996.png
bangladesh,22.3173_89.1029.png
bangladesh,22.3173_89.4908.png
bangladesh,22.3173_89.5030.png
bangladesh,22.3173_89.6644.png
bangladesh,22.3173_89.7143.png
bangladesh,22.3173_90.3820.png
bangladesh,22.3173_90.3908.png
bangladesh,22.3173_90.6496.png
bangladesh,22.3173_91.1820.png
bangladesh,22.3261_89.1029.png
bangladesh,22.3261_89.4320.png
bangladesh,22.3261_89.4996.png
bangladesh,22.3261_89.5996.png
bangladesh,22.3261_89.6496.png
bangladesh,22.3261_89.6530.png
bangladesh,22.3261_90.6320.png
bangladesh,22.3349_89.1996.png
bangladesh,22.3349_89.2029.png
bangladesh,22.3349_89.4144.png
bangladesh,22.3349_89.5030.png
bangladesh,22.3349_89.6530.png
bangladesh,22.3349_89.8996.png
bangladesh,22.3349_89.9030.png
bangladesh,22.3349_90.6496.png
bangladesh,22.3349_90.9820.png
bangladesh,22.3463_89.3732.png
bangladesh,22.3463_89.6644.png
bangladesh,22.3463_89.6908.png
bangladesh,22.3463_89.6996.png
bangladesh,22.3463_89.8908.png
bangladesh,22.3463_89.8996.png
bangladesh,22.3463_89.9030.png
bangladesh,22.3463_90.0820.png
bangladesh,22.3463_90.0908.png
bangladesh,22.3463_90.3644.png
bangladesh,22.3463_90.3732.png
bangladesh,22.3463_90.3820.png
bangladesh,22.3463_90.4496.png
bangladesh,22.3463_90.9820.png
bangladesh,22.3497_89.8996.png
bangladesh,22.3497_89.9030.png
bangladesh,22.3497_90.3644.png
bangladesh,22.3497_90.3732.png
bangladesh,22.3497_90.3820.png
bangladesh,22.3497_90.4496.png
bangladesh,22.3497_90.4529.png
bangladesh,22.3497_91.1732.png
bangladesh,22.3585_89.2996.png
bangladesh,22.3585_89.3030.png
bangladesh,22.3585_89.3408.png
bangladesh,22.3585_89.3732.png
bangladesh,22.3585_89.3908.png
bangladesh,22.3585_89.4731.png
bangladesh,22.3585_89.5820.png
bangladesh,22.3585_89.6820.png
bangladesh,22.3585_90.3908.png
bangladesh,22.3585_90.3996.png
bangladesh,22.3585_90.4030.png
bangladesh,22.3585_90.7908.png
bangladesh,22.3585_91.1644.png
bangladesh,22.3673_90.0908.png
bangladesh,22.3673_90.1996.png
bangladesh,22.3673_90.2029.png
bangladesh,22.3673_90.2820.png
bangladesh,22.3673_90.2908.png
bangladesh,22.3673_90.3232.png
bangladesh,22.3673_90.3320.png
bangladesh,22.3673_90.3496.png
bangladesh,22.3673_90.3530.png
bangladesh,22.3673_90.7908.png
bangladesh,22.3673_91.1408.png
bangladesh,22.3673_91.1496.png
bangladesh,22.3673_91.1820.png
bangladesh,22.3761_89.0820.png
bangladesh,22.3761_89.0908.png
bangladesh,22.3761_89.0996.png
bangladesh,22.3761_89.1029.png
bangladesh,22.3761_89.7231.png
bangladesh,22.3761_90.0908.png
bangladesh,22.3761_90.2820.png
bangladesh,22.3761_90.2908.png
bangladesh,22.3761_90.6496.png
bangladesh,22.3761_90.6530.png
bangladesh,22.3761_90.7408.png
bangladesh,22.3761_90.7496.png
bangladesh,22.3761_91.1232.png
bangladesh,22.3849_89.0820.png
bangladesh,22.3849_89.0908.png
bangladesh,22.3849_89.0996.png
bangladesh,22.3849_89.1029.png
bangladesh,22.3849_89.4232.png
bangladesh,22.3963_89.7143.png
bangladesh,22.3963_89.9030.png
bangladesh,22.3963_90.7496.png
bangladesh,22.3963_90.7530.png
bangladesh,22.3963_90.7644.png
bangladesh,22.3963_90.7732.png
bangladesh,22.3963_91.0732.png
bangladesh,22.3996_89.9030.png
bangladesh,22.3996_89.9144.png
bangladesh,22.3996_90.1408.png
bangladesh,22.3996_90.1496.png
bangladesh,22.3996_90.7496.png
bangladesh,22.3996_90.7530.png
bangladesh,22.3996_90.7644.png
bangladesh,22.3996_90.7732.png
bangladesh,22.4084_89.6144.png
bangladesh,22.4084_89.9144.png
bangladesh,22.4084_90.1320.png
bangladesh,22.4084_90.1408.png
bangladesh,22.4084_90.1496.png
bangladesh,22.4084_90.4496.png
bangladesh,22.4084_90.4529.png
bangladesh,22.4084_91.5643.png
bangladesh,22.4172_89.0408.png
bangladesh,22.4172_89.3908.png
bangladesh,22.4172_89.5408.png
bangladesh,22.4172_89.9408.png
bangladesh,22.4172_90.4496.png
bangladesh,22.4172_90.4529.png
bangladesh,22.4172_90.6908.png
bangladesh,22.4172_90.6996.png
bangladesh,22.4172_90.7143.png
bangladesh,22.4172_91.3996.png
bangladesh,22.4260_89.0408.png
bangladesh,22.4260_89.5232.png
bangladesh,22.4260_89.5732.png
bangladesh,22.4260_90.4496.png
bangladesh,22.4260_90.4529.png
bangladesh,22.4260_90.7143.png
bangladesh,22.4348_90.1644.png
bangladesh,22.4348_90.1732.png
bangladesh,22.4348_90.4496.png
bangladesh,22.4348_90.4529.png
bangladesh,22.4348_90.7320.png
bangladesh,22.4348_90.7408.png
bangladesh,22.4462_89.5030.png
bangladesh,22.4462_89.8732.png
bangladesh,22.4462_89.8820.png
bangladesh,22.4462_90.1644.png
bangladesh,22.4462_90.1732.png
bangladesh,22.4462_90.1820.png
bangladesh,22.4462_90.4496.png
bangladesh,22.4497_89.8732.png
bangladesh,22.4497_89.8820.png
bangladesh,22.4497_90.1644.png
bangladesh,22.4497_90.1732.png
bangladesh,22.4497_90.4496.png
bangladesh,22.4585_89.0496.png
bangladesh,22.4585_89.0530.png
bangladesh,22.4585_89.1408.png
bangladesh,22.4585_89.2732.png
bangladesh,22.4585_89.2820.png
bangladesh,22.4585_89.4996.png
bangladesh,22.4585_90.0496.png
bangladesh,22.4585_90.0530.png
bangladesh,22.4585_90.7996.png
bangladesh,22.4585_90.8030.png
bangladesh,22.4585_91.1408.png
bangladesh,22.4585_91.1530.png
bangladesh,22.4673_89.0496.png
bangladesh,22.4673_89.0530.png
bangladesh,22.4673_89.0644.png
bangladesh,22.4673_89.0732.png
bangladesh,22.4673_90.0496.png
bangladesh,22.4673_90.0530.png
bangladesh,22.4673_91.1030.png
bangladesh,22.4673_91.1232.png
bangladesh,22.4673_91.1320.png
bangladesh,22.4761_89.1644.png
bangladesh,22.4761_89.4996.png
bangladesh,22.4761_89.5232.png
bangladesh,22.4761_89.8408.png
bangladesh,22.4761_89.8496.png
bangladesh,22.4761_89.9731.png
bangladesh,22.4761_89.9820.png
bangladesh,22.4761_90.6908.png
bangladesh,22.4761_90.6996.png
bangladesh,22.4761_90.7530.png
bangladesh,22.4761_90.7732.png
bangladesh,22.4761_91.0996.png
bangladesh,22.4761_91.1408.png
bangladesh,22.4761_91.1644.png
bangladesh,22.4849_88.9996.png
bangladesh,22.4849_89.0030.png
bangladesh,22.4849_89.4232.png
bangladesh,22.4849_89.9731.png
bangladesh,22.4849_89.9820.png
bangladesh,22.4849_90.3820.png
bangladesh,22.4849_90.3908.png
bangladesh,22.4849_90.7530.png
bangladesh,22.4849_90.7732.png
bangladesh,22.4849_91.0908.png
bangladesh,22.4849_91.1144.png
bangladesh,22.4849_91.1320.png
bangladesh,22.4963_89.2530.png
bangladesh,22.4963_90.3644.png
bangladesh,22.4963_90.6996.png
bangladesh,22.4963_90.7029.png
bangladesh,22.4963_90.7320.png
bangladesh,22.4963_91.1496.png
bangladesh,22.4996_89.2530.png
bangladesh,22.4996_90.0732.png
bangladesh,22.4996_90.3644.png
bangladesh,22.4996_90.3820.png
bangladesh,22.4996_90.6996.png
bangladesh,22.4996_90.7320.png
bangladesh,22.5084_89.1320.png
bangladesh,22.5084_90.0732.png
bangladesh,22.5084_90.3820.png
bangladesh,22.5084_91.0820.png
bangladesh,22.5084_91.1820.png
bangladesh,22.5172_89.0908.png
bangladesh,22.5172_89.1320.png
bangladesh,22.5172_89.2496.png
bangladesh,22.5172_89.2530.png
bangladesh,22.5172_90.1732.png
bangladesh,22.5172_90.1820.png
bangladesh,22.5172_90.3496.png
bangladesh,22.5172_90.3530.png
bangladesh,22.5172_90.3644.png
bangladesh,22.5172_90.3732.png
bangladesh,22.5172_90.5232.png
bangladesh,22.5172_90.7320.png
bangladesh,22.5172_90.7408.png
bangladesh,22.5172_91.0732.png
bangladesh,22.5172_91.7320.png
bangladesh,22.5260_89.2496.png
bangladesh,22.5260_89.2530.png
bangladesh,22.5260_89.2644.png
bangladesh,22.5260_90.1732.png
bangladesh,22.5260_90.1820.png
bangladesh,22.5260_90.3496.png
bangladesh,22.5260_90.3530.png
bangladesh,22.5260_90.3644.png
bangladesh,22.5260_90.3732.png
bangladesh,22.5260_90.3820.png
bangladesh,22.5260_90.4732.png
bangladesh,22.5260_90.4820.png
bangladesh,22.5260_90.5232.png
bangladesh,22.5260_90.9408.png
bangladesh,22.5260_91.0644.png
bangladesh,22.5260_91.1908.png
bangladesh,22.5260_91.7408.png
bangladesh,22.5348_89.0144.png
bangladesh,22.5348_90.3820.png
bangladesh,22.5348_90.3908.png
bangladesh,22.5348_90.4732.png
bangladesh,22.5348_90.4820.png
bangladesh,22.5348_90.4908.png
bangladesh,22.5348_90.9408.png
bangladesh,22.5348_90.9529.png
bangladesh,22.5348_91.1908.png
bangladesh,22.5348_91.1996.png
bangladesh,22.5348_91.2144.png
bangladesh,22.5348_91.2320.png
bangladesh,22.5348_91.7232.png
bangladesh,22.5348_91.7320.png
bangladesh,22.5348_91.7408.png
bangladesh,22.5348_91.7530.png
bangladesh,22.5462_89.1496.png
bangladesh,22.5462_89.1530.png
bangladesh,22.5462_90.1408.png
bangladesh,22.5462_90.1496.png
bangladesh,22.5462_90.4732.png
bangladesh,22.5462_90.8496.png
bangladesh,22.5462_90.9232.png
bangladesh,22.5462_91.7408.png
bangladesh,22.5462_91.7732.png
bangladesh,22.5496_89.1320.png
bangladesh,22.5496_89.1496.png
bangladesh,22.5496_89.1530.png
bangladesh,22.5496_89.2408.png
bangladesh,22.5496_90.0144.png
bangladesh,22.5496_90.1408.png
bangladesh,22.5496_90.1496.png
bangladesh,22.5496_90.4232.png
bangladesh,22.5496_90.4732.png
bangladesh,22.5496_90.8996.png
bangladesh,22.5496_91.2232.png
bangladesh,22.5496_91.7144.png
bangladesh,22.5496_91.7232.png
bangladesh,22.5496_91.7408.png
bangladesh,22.5496_91.7644.png
bangladesh,22.5496_91.7732.png
bangladesh,22.5584_89.1320.png
bangladesh,22.5584_89.2408.png
bangladesh,22.5584_90.0144.png
bangladesh,22.5584_90.2820.png
bangladesh,22.5584_90.4232.png
bangladesh,22.5584_90.8908.png
bangladesh,22.5584_91.2820.png
bangladesh,22.5584_91.7144.png
bangladesh,22.5584_91.7408.png
bangladesh,22.5584_91.7644.png
bangladesh,22.5584_91.7732.png
bangladesh,22.5673_88.9908.png
bangladesh,22.5673_89.2732.png
bangladesh,22.5673_91.7029.png
bangladesh,22.5673_91.7144.png
bangladesh,22.5673_91.7232.png
bangladesh,22.5673_91.7408.png
bangladesh,22.5761_88.9908.png
bangladesh,22.5761_89.0908.png
bangladesh,22.5761_89.2732.png
bangladesh,22.5761_91.2496.png
bangladesh,22.5761_91.7320.png
bangladesh,22.5849_90.1232.png
bangladesh,22.5849_90.1320.png
bangladesh,22.5849_91.7029.png
bangladesh,22.5849_91.7144.png
bangladesh,22.5963_89.0144.png
bangladesh,22.5963_89.0232.png
bangladesh,22.5963_89.2231.png
bangladesh,22.5963_90.0144.png
bangladesh,22.5963_90.0232.png
bangladesh,22.5963_90.1496.png
bangladesh,22.5963_90.1530.png
bangladesh,22.5963_90.3408.png
bangladesh,22.5963_90.7029.png
bangladesh,22.5963_90.7143.png
bangladesh,22.5963_91.7232.png
bangladesh,22.5963_91.7732.png
bangladesh,22.5963_91.7820.png
bangladesh,22.5997_89.2319.png
bangladesh,22.5997_90.1496.png
bangladesh,22.5997_90.1530.png
bangladesh,22.5997_90.3408.png
bangladesh,22.5997_90.7029.png
bangladesh,22.5997_90.7143.png
bangladesh,22.5997_91.6908.png
bangladesh,22.5997_91.6996.png
bangladesh,22.5997_91.7029.png
bangladesh,22.5997_91.7144.png
bangladesh,22.5997_91.7232.png
bangladesh,22.5997_91.7732.png
bangladesh,22.5997_91.7820.png
bangladesh,22.6085_89.1644.png
bangladesh,22.6085_90.3644.png
bangladesh,22.6085_90.6408.png
bangladesh,22.6085_90.6496.png
bangladesh,22.6085_90.6530.png
bangladesh,22.6085_91.6820.png
bangladesh,22.6085_91.6908.png
bangladesh,22.6085_91.6996.png
bangladesh,22.6085_91.7029.png
bangladesh,22.6085_91.7144.png
bangladesh,22.6085_91.7732.png
bangladesh,22.6173_89.1644.png
bangladesh,22.6173_90.3644.png
bangladesh,22.6173_90.5232.png
bangladesh,22.6173_90.6408.png
bangladesh,22.6173_90.6496.png
bangladesh,22.6173_90.6530.png
bangladesh,22.6173_91.7232.png
bangladesh,22.6173_91.7732.png
bangladesh,22.6261_88.9819.png
bangladesh,22.6261_88.9908.png
bangladesh,22.6261_90.3644.png
bangladesh,22.6261_90.3732.png
bangladesh,22.6261_90.3820.png
bangladesh,22.6261_90.9908.png
bangladesh,22.6261_90.9996.png
bangladesh,22.6261_91.1144.png
bangladesh,22.6261_91.1232.png
bangladesh,22.6261_91.6820.png
bangladesh,22.6261_91.6908.png
bangladesh,22.6261_91.6996.png
bangladesh,22.6349_88.9819.png
bangladesh,22.6349_88.9908.png
bangladesh,22.6349_89.1496.png
bangladesh,22.6349_89.1530.png
bangladesh,22.6349_90.3644.png
bangladesh,22.6349_90.3732.png
bangladesh,22.6349_90.3820.png
bangladesh,22.6349_90.3908.png
bangladesh,22.6349_90.3996.png
bangladesh,22.6349_90.4030.png
bangladesh,22.6349_90.9996.png
bangladesh,22.6349_91.0030.png
bangladesh,22.6349_91.3732.png
bangladesh,22.6349_91.3820.png
bangladesh,22.6349_91.6908.png
bangladesh,22.6349_91.7820.png
bangladesh,22.6349_91.7908.png
bangladesh,22.6463_88.9731.png
bangladesh,22.6463_88.9819.png
bangladesh,22.6463_90.1644.png
bangladesh,22.6463_90.1732.png
bangladesh,22.6463_90.2029.png
bangladesh,22.6463_90.2231.png
bangladesh,22.6463_90.2820.png
bangladesh,22.6463_90.2908.png
bangladesh,22.6463_90.3908.png
bangladesh,22.6463_90.9643.png
bangladesh,22.6463_90.9732.png
bangladesh,22.6463_90.9820.png
bangladesh,22.6463_90.9996.png
bangladesh,22.6463_91.0144.png
bangladesh,22.6463_91.1496.png
bangladesh,22.6463_91.1530.png
bangladesh,22.6463_91.1644.png
bangladesh,22.6463_91.3820.png
bangladesh,22.6463_91.3908.png
bangladesh,22.6463_91.6644.png
bangladesh,22.6463_91.6732.png
bangladesh,22.6463_91.6820.png
bangladesh,22.6463_91.6908.png
bangladesh,22.6463_91.6996.png
bangladesh,22.6463_91.7732.png
bangladesh,22.6463_91.7820.png
bangladesh,22.6463_91.8644.png
bangladesh,22.6496_90.1644.png
bangladesh,22.6496_90.1732.png
bangladesh,22.6496_90.2029.png
bangladesh,22.6496_90.2231.png
bangladesh,22.6496_90.2820.png
bangladesh,22.6496_90.2908.png
bangladesh,22.6496_90.3496.png
bangladesh,22.6496_90.3530.png
bangladesh,22.6496_90.3908.png
bangladesh,22.6496_90.4232.png
bangladesh,22.6496_90.5232.png
bangladesh,22.6496_90.9643.png
bangladesh,22.6496_90.9732.png
bangladesh,22.6496_90.9820.png
bangladesh,22.6496_90.9996.png
bangladesh,22.6496_91.0030.png
bangladesh,22.6496_91.0144.png
bangladesh,22.6496_91.0232.png
bangladesh,22.6496_91.1496.png
bangladesh,22.6496_91.1530.png
bangladesh,22.6496_91.1644.png
bangladesh,22.6496_91.6644.png
bangladesh,22.6496_91.6732.png
bangladesh,22.6496_91.6820.png
bangladesh,22.6496_91.6908.png
bangladesh,22.6496_91.8644.png
bangladesh,22.6496_91.8732.png
bangladesh,22.6584_90.2320.png
bangladesh,22.6584_90.2908.png
bangladesh,22.6584_90.2996.png
bangladesh,22.6584_90.3030.png
bangladesh,22.6584_90.3496.png
bangladesh,22.6584_90.3530.png
bangladesh,22.6584_90.4232.png
bangladesh,22.6584_90.9496.png
bangladesh,22.6584_90.9529.png
bangladesh,22.6584_90.9643.png
bangladesh,22.6584_91.0030.png
bangladesh,22.6584_91.0144.png
bangladesh,22.6584_91.0232.png
bangladesh,22.6584_91.1144.png
bangladesh,22.6584_91.1232.png
bangladesh,22.6584_91.1644.png
bangladesh,22.6584_91.6644.png
bangladesh,22.6584_91.6732.png
bangladesh,22.6584_91.7029.png
bangladesh,22.6584_91.8732.png
bangladesh,22.6672_88.9996.png
bangladesh,22.6672_89.0030.png
bangladesh,22.6672_89.0820.png
bangladesh,22.6672_90.2320.png
bangladesh,22.6672_90.2908.png
bangladesh,22.6672_90.2996.png
bangladesh,22.6672_90.3144.png
bangladesh,22.6672_90.3232.png
bangladesh,22.6672_90.3996.png
bangladesh,22.6672_90.4030.png
bangladesh,22.6672_90.9408.png
bangladesh,22.6672_90.9496.png
bangladesh,22.6672_90.9643.png
bangladesh,22.6672_91.0144.png
bangladesh,22.6672_91.1144.png
bangladesh,22.6672_91.1232.png
bangladesh,22.6672_91.1496.png
bangladesh,22.6672_91.1530.png
bangladesh,22.6672_91.6732.png
bangladesh,22.6672_91.6820.png
bangladesh,22.6672_91.6908.png
bangladesh,22.6760_89.0820.png
bangladesh,22.6760_89.0996.png
bangladesh,22.6760_89.1029.png
bangladesh,22.6760_90.1908.png
bangladesh,22.6760_90.1996.png
bangladesh,22.6760_90.2029.png
bangladesh,22.6760_90.2231.png
bangladesh,22.6760_90.2320.png
bangladesh,22.6760_90.3144.png
bangladesh,22.6760_90.3232.png
bangladesh,22.6760_90.3644.png
bangladesh,22.6760_90.3732.png
bangladesh,22.6760_90.8496.png
bangladesh,22.6760_90.8530.png
bangladesh,22.6760_91.0320.png
bangladesh,22.6760_91.6732.png
bangladesh,22.6760_91.6820.png
bangladesh,22.6760_91.6908.png
bangladesh,22.6848_89.0144.png
bangladesh,22.6848_89.0232.png
bangladesh,22.6848_89.0996.png
bangladesh,22.6848_89.1029.png
bangladesh,22.6848_89.5232.png
bangladesh,22.6848_89.5320.png
bangladesh,22.6848_90.3732.png
bangladesh,22.6848_90.3820.png
bangladesh,22.6848_91.0320.png
bangladesh,22.6848_91.6530.png
bangladesh,22.6848_91.6820.png
bangladesh,22.6848_91.6908.png
bangladesh,22.6848_91.7644.png
bangladesh,22.6963_89.4731.png
bangladesh,22.6963_90.0820.png
bangladesh,22.6963_90.0908.png
bangladesh,22.6963_90.1996.png
bangladesh,22.6963_90.2029.png
bangladesh,22.6963_90.8408.png
bangladesh,22.6963_90.8496.png
bangladesh,22.6963_90.9496.png
bangladesh,22.6963_90.9529.png
bangladesh,22.6963_91.1232.png
bangladesh,22.6963_91.1320.png
bangladesh,22.6963_91.1820.png
bangladesh,22.6963_91.6530.png
bangladesh,22.6963_91.6644.png
bangladesh,22.6963_91.6820.png
bangladesh,22.6963_91.8732.png
bangladesh,22.6997_89.4731.png
bangladesh,22.6997_90.0820.png
bangladesh,22.6997_90.0908.png
bangladesh,22.6997_90.1996.png
bangladesh,22.6997_90.2029.png
bangladesh,22.6997_91.1232.png
bangladesh,22.6997_91.1320.png
bangladesh,22.6997_91.1820.png
bangladesh,22.6997_91.6644.png
bangladesh,22.6997_91.7232.png
bangladesh,22.7085_89.2644.png
bangladesh,22.7085_89.5820.png
bangladesh,22.7085_89.5908.png
bangladesh,22.7085_90.3908.png
bangladesh,22.7085_90.3996.png
bangladesh,22.7085_90.5996.png
bangladesh,22.7085_90.8320.png
bangladesh,22.7085_91.6496.png
bangladesh,22.7085_91.6644.png
bangladesh,22.7085_91.6732.png
bangladesh,22.7085_91.6820.png
bangladesh,22.7085_91.7232.png
bangladesh,22.7085_91.7320.png
bangladesh,22.7085_91.7496.png
bangladesh,22.7085_91.7530.png
bangladesh,22.7085_91.7732.png
bangladesh,22.7085_91.7820.png
bangladesh,22.7173_89.1144.png
bangladesh,22.7173_89.2644.png
bangladesh,22.7173_89.4643.png
bangladesh,22.7173_89.5820.png
bangladesh,22.7173_89.5908.png
bangladesh,22.7173_90.1496.png
bangladesh,22.7173_90.1530.png
bangladesh,22.7173_90.1644.png
bangladesh,22.7173_90.1732.png
bangladesh,22.7173_90.3908.png
bangladesh,22.7173_90.3996.png
bangladesh,22.7173_90.5908.png
bangladesh,22.7173_90.5996.png
bangladesh,22.7173_90.8320.png
bangladesh,22.7173_90.8408.png
bangladesh,22.7173_91.6320.png
bangladesh,22.7173_91.6408.png
bangladesh,22.7173_91.6732.png
bangladesh,22.7173_91.7732.png
bangladesh,22.7173_91.7820.png
bangladesh,22.7173_91.7908.png
bangladesh,22.7173_91.7996.png
bangladesh,22.7261_89.1144.png
bangladesh,22.7261_89.2732.png
bangladesh,22.7261_89.2820.png
bangladesh,22.7261_89.4643.png
bangladesh,22.7261_90.1644.png
bangladesh,22.7261_90.3908.png
bangladesh,22.7261_91.6408.png
bangladesh,22.7261_91.6496.png
bangladesh,22.7261_91.6530.png
bangladesh,22.7261_91.7644.png
bangladesh,22.7261_91.7908.png
bangladesh,22.7261_91.7996.png
bangladesh,22.7261_91.8029.png
bangladesh,22.7349_89.0496.png
bangladesh,22.7349_89.0530.png
bangladesh,22.7349_89.0732.png
bangladesh,22.7349_89.0820.png
bangladesh,22.7349_89.0996.png
bangladesh,22.7349_89.1029.png
bangladesh,22.7349_90.1144.png
bangladesh,22.7349_90.1644.png
bangladesh,22.7349_91.6232.png
bangladesh,22.7349_91.6320.png
bangladesh,22.7349_91.7530.png
bangladesh,22.7349_91.7644.png
bangladesh,22.7349_91.7732.png
bangladesh,22.7349_91.9144.png
bangladesh,22.7463_89.0496.png
bangladesh,22.7463_89.0530.png
bangladesh,22.7463_89.0996.png
bangladesh,22.7463_89.1029.png
bangladesh,22.7463_89.1908.png
bangladesh,22.7463_90.1732.png
bangladesh,22.7463_90.3996.png
bangladesh,22.7463_90.4030.png
bangladesh,22.7463_90.4144.png
bangladesh,22.7463_90.8732.png
bangladesh,22.7463_90.9732.png
bangladesh,22.7463_90.9820.png
bangladesh,22.7463_91.0908.png
bangladesh,22.7463_91.2908.png
bangladesh,22.7463_91.6320.png
bangladesh,22.7463_91.6408.png
bangladesh,22.7463_91.7496.png
bangladesh,22.7463_91.7530.png
bangladesh,22.7463_91.8644.png
bangladesh,22.7463_91.8732.png
bangladesh,22.7463_91.9408.png
bangladesh,22.7463_91.9496.png
bangladesh,22.7496_89.0496.png
bangladesh,22.7496_89.0530.png
bangladesh,22.7496_89.1908.png
bangladesh,22.7496_90.3644.png
bangladesh,22.7496_90.3996.png
bangladesh,22.7496_90.4030.png
bangladesh,22.7496_90.4144.png
bangladesh,22.7496_90.8732.png
bangladesh,22.7496_90.9144.png
bangladesh,22.7496_90.9232.png
bangladesh,22.7496_90.9320.png
bangladesh,22.7496_90.9732.png
bangladesh,22.7496_90.9820.png
bangladesh,22.7496_91.0908.png
bangladesh,22.7496_91.2996.png
bangladesh,22.7496_91.6232.png
bangladesh,22.7496_91.6320.png
bangladesh,22.7496_91.6496.png
bangladesh,22.7496_91.6530.png
bangladesh,22.7496_91.7496.png
bangladesh,22.7496_91.7530.png
bangladesh,22.7496_91.8644.png
bangladesh,22.7496_91.8732.png
bangladesh,22.7496_91.9408.png
bangladesh,22.7496_91.9496.png
bangladesh,22.7584_89.0408.png
bangladesh,22.7584_89.0496.png
bangladesh,22.7584_89.0996.png
bangladesh,22.7584_89.1029.png
bangladesh,22.7584_89.1820.png
bangladesh,22.7584_90.0996.png
bangladesh,22.7584_90.1030.png
bangladesh,22.7584_90.3644.png
bangladesh,22.7584_90.3996.png
bangladesh,22.7584_90.4030.png
bangladesh,22.7584_91.3644.png
bangladesh,22.7584_91.3732.png
bangladesh,22.7584_91.6408.png
bangladesh,22.7584_91.6530.png
bangladesh,22.7584_91.8996.png
bangladesh,22.7584_91.9408.png
bangladesh,22.7584_91.9496.png
bangladesh,22.7584_91.9529.png
bangladesh,22.7672_88.9496.png
bangladesh,22.7672_88.9529.png
bangladesh,22.7672_88.9643.png
bangladesh,22.7672_88.9731.png
bangladesh,22.7672_89.1820.png
bangladesh,22.7672_90.0996.png
bangladesh,22.7672_90.1030.png
bangladesh,22.7672_90.1320.png
bangladesh,22.7672_90.7996.png
bangladesh,22.7672_90.8996.png
bangladesh,22.7672_90.9030.png
bangladesh,22.7672_91.4996.png
bangladesh,22.7672_91.5030.png
bangladesh,22.7672_91.6144.png
bangladesh,22.7672_91.6232.png
bangladesh,22.7672_91.6408.png
bangladesh,22.7672_91.8996.png
bangladesh,22.7672_91.9320.png
bangladesh,22.7672_91.9408.png
bangladesh,22.7760_88.9643.png
bangladesh,22.7760_88.9731.png
bangladesh,22.7760_89.3996.png
bangladesh,22.7760_89.4030.png
bangladesh,22.7760_89.4731.png
bangladesh,22.7760_90.0996.png
bangladesh,22.7760_90.1030.png
bangladesh,22.7760_90.1144.png
bangladesh,22.7760_90.1232.png
bangladesh,22.7760_90.1320.png
bangladesh,22.7760_90.1496.png
bangladesh,22.7760_90.1530.png
bangladesh,22.7760_90.7908.png
bangladesh,22.7760_90.8644.png
bangladesh,22.7760_90.8732.png
bangladesh,22.7760_90.8820.png
bangladesh,22.7760_90.8908.png
bangladesh,22.7760_90.8996.png
bangladesh,22.7760_90.9030.png
bangladesh,22.7760_91.6144.png
bangladesh,22.7760_91.6232.png
bangladesh,22.7760_91.8996.png
bangladesh,22.7760_91.9030.png
bangladesh,22.7848_89.0320.png
bangladesh,22.7848_89.0408.png
bangladesh,22.7848_90.1144.png
bangladesh,22.7848_90.1232.png
bangladesh,22.7848_90.1320.png
bangladesh,22.7848_90.1496.png
bangladesh,22.7848_90.1530.png
bangladesh,22.7848_90.2996.png
bangladesh,22.7848_90.3030.png
bangladesh,22.7848_90.7908.png
bangladesh,22.7848_90.8408.png
bangladesh,22.7848_90.8496.png
bangladesh,22.7848_90.8644.png
bangladesh,22.7848_90.8732.png
bangladesh,22.7848_90.8908.png
bangladesh,22.7848_90.8996.png
bangladesh,22.7848_90.9030.png
bangladesh,22.7848_90.9144.png
bangladesh,22.7848_90.9232.png
bangladesh,22.7848_91.6030.png
bangladesh,22.7848_91.6232.png
bangladesh,22.7962_88.9908.png
bangladesh,22.7962_89.0644.png
bangladesh,22.7962_89.1732.png
bangladesh,22.7962_89.4731.png
bangladesh,22.7962_89.6232.png
bangladesh,22.7962_89.6320.png
bangladesh,22.7962_90.3530.png
bangladesh,22.7962_90.3644.png
bangladesh,22.7962_90.7908.png
bangladesh,22.7962_90.8908.png
bangladesh,22.7962_90.9732.png
bangladesh,22.7962_90.9820.png
bangladesh,22.7962_91.5643.png
bangladesh,22.7962_91.5995.png
bangladesh,22.7962_91.9232.png
bangladesh,22.7962_91.9320.png
bangladesh,22.7962_91.9496.png
bangladesh,22.7962_91.9820.png
bangladesh,22.7996_88.9908.png
bangladesh,22.7996_89.0644.png
bangladesh,22.7996_89.1732.png
bangladesh,22.7996_89.3320.png
bangladesh,22.7996_89.3408.png
bangladesh,22.7996_89.4731.png
bangladesh,22.7996_89.6232.png
bangladesh,22.7996_89.6320.png
bangladesh,22.7996_89.6408.png
bangladesh,22.7996_90.2732.png
bangladesh,22.7996_90.3530.png
bangladesh,22.7996_90.3644.png
bangladesh,22.7996_90.4643.png
bangladesh,22.7996_90.8908.png
bangladesh,22.7996_90.9732.png
bangladesh,22.7996_90.9820.png
bangladesh,22.7996_91.5643.png
bangladesh,22.7996_91.5995.png
bangladesh,22.7996_91.9496.png
bangladesh,22.7996_91.9529.png
bangladesh,22.7996_91.9732.png
bangladesh,22.8084_89.1820.png
bangladesh,22.8084_89.3408.png
bangladesh,22.8084_89.3496.png
bangladesh,22.8084_89.3530.png
bangladesh,22.8084_89.4496.png
bangladesh,22.8084_89.4529.png
bangladesh,22.8084_89.5820.png
bangladesh,22.8084_89.5908.png
bangladesh,22.8084_89.5996.png
bangladesh,22.8084_89.6030.png
bangladesh,22.8084_89.6232.png
bangladesh,22.8084_89.6320.png
bangladesh,22.8084_89.6408.png
bangladesh,22.8084_90.2732.png
bangladesh,22.8084_90.3496.png
bangladesh,22.8084_90.3530.png
bangladesh,22.8084_90.3996.png
bangladesh,22.8084_90.4030.png
bangladesh,22.8084_90.6496.png
bangladesh,22.8084_91.1644.png
bangladesh,22.8084_91.1732.png
bangladesh,22.8084_91.5643.png
bangladesh,22.8084_91.5731.png
bangladesh,22.8084_91.6144.png
bangladesh,22.8084_91.9320.png
bangladesh,22.8084_91.9408.png
bangladesh,22.8084_91.9496.png
bangladesh,22.8084_91.9529.png
bangladesh,22.8084_91.9732.png
bangladesh,22.8173_89.3408.png
bangladesh,22.8173_89.3496.png
bangladesh,22.8173_89.4496.png
bangladesh,22.8173_89.4529.png
bangladesh,22.8173_89.5820.png
bangladesh,22.8173_89.5908.png
bangladesh,22.8173_89.5996.png
bangladesh,22.8173_89.6030.png
bangladesh,22.8173_89.6144.png
bangladesh,22.8173_89.6232.png
bangladesh,22.8173_89.6320.png
bangladesh,22.8173_89.6408.png
bangladesh,22.8173_89.8908.png
bangladesh,22.8173_89.9496.png
bangladesh,22.8173_89.9529.png
bangladesh,22.8173_90.1644.png
bangladesh,22.8173_90.2908.png
bangladesh,22.8173_90.2996.png
bangladesh,22.8173_90.3144.png
bangladesh,22.8173_90.3232.png
bangladesh,22.8173_90.3996.png
bangladesh,22.8173_90.4030.png
bangladesh,22.8173_90.6496.png
bangladesh,22.8173_90.6644.png
bangladesh,22.8173_90.8996.png
bangladesh,22.8173_90.9030.png
bangladesh,22.8173_91.1644.png
bangladesh,22.8173_91.1732.png
bangladesh,22.8173_91.5643.png
bangladesh,22.8173_91.5731.png
bangladesh,22.8173_91.5907.png
bangladesh,22.8173_91.8996.png
bangladesh,22.8173_91.9320.png
bangladesh,22.8173_91.9496.png
bangladesh,22.8173_91.9529.png
bangladesh,22.8173_91.9644.png
bangladesh,22.8173_91.9908.png
bangladesh,22.8261_89.3496.png
bangladesh,22.8261_89.3530.png
bangladesh,22.8261_89.5820.png
bangladesh,22.8261_89.5908.png
bangladesh,22.8261_89.5996.png
bangladesh,22.8261_89.6030.png
bangladesh,22.8261_89.6144.png
bangladesh,22.8261_89.6232.png
bangladesh,22.8261_89.6408.png
bangladesh,22.8261_90.1644.png
bangladesh,22.8261_90.1996.png
bangladesh,22.8261_90.2029.png
bangladesh,22.8261_90.2820.png
bangladesh,22.8261_90.2908.png
bangladesh,22.8261_90.2996.png
bangladesh,22.8261_90.3144.png
bangladesh,22.8261_90.8732.png
bangladesh,22.8261_90.8820.png
bangladesh,22.8261_90.8908.png
bangladesh,22.8261_91.5496.png
bangladesh,22.8261_91.5529.png
bangladesh,22.8261_91.5907.png
bangladesh,22.8261_91.5995.png
bangladesh,22.8261_91.8996.png
bangladesh,22.8261_91.9030.png
bangladesh,22.8261_91.9408.png
bangladesh,22.8261_91.9496.png
bangladesh,22.8349_88.9996.png
bangladesh,22.8349_89.0030.png
bangladesh,22.8349_89.0996.png
bangladesh,22.8349_89.1029.png
bangladesh,22.8349_89.3496.png
bangladesh,22.8349_89.3530.png
bangladesh,22.8349_89.6496.png
bangladesh,22.8349_89.6530.png
bangladesh,22.8349_90.1496.png
bangladesh,22.8349_90.1530.png
bangladesh,22.8349_90.1820.png
bangladesh,22.8349_90.1908.png
bangladesh,22.8349_90.1996.png
bangladesh,22.8349_90.2029.png
bangladesh,22.8349_90.8496.png
bangladesh,22.8349_90.8530.png
bangladesh,22.8349_90.8644.png
bangladesh,22.8349_90.8732.png
bangladesh,22.8349_91.5907.png
bangladesh,22.8349_91.8996.png
bangladesh,22.8349_91.9030.png
bangladesh,22.8349_91.9496.png
bangladesh,22.8349_91.9529.png
bangladesh,22.8349_91.9996.png
bangladesh,22.8349_92.0030.png
bangladesh,22.8349_92.0144.png
bangladesh,22.8463_89.2996.png
bangladesh,22.8463_89.3030.png
bangladesh,22.8463_89.3144.png
bangladesh,22.8463_89.5644.png
bangladesh,22.8463_90.6496.png
bangladesh,22.8463_90.8644.png
bangladesh,22.8463_90.8820.png
bangladesh,22.8463_90.8908.png
bangladesh,22.8463_90.9908.png
bangladesh,22.8463_91.5496.png
bangladesh,22.8463_91.5529.png
bangladesh,22.8463_91.8908.png
bangladesh,22.8463_91.9408.png
bangladesh,22.8463_91.9529.png
bangladesh,22.8463_91.9732.png
bangladesh,22.8463_91.9820.png
bangladesh,22.8463_91.9908.png
bangladesh,22.8463_91.9996.png
bangladesh,22.8463_92.0232.png
bangladesh,22.8497_89.0496.png
bangladesh,22.8497_89.0530.png
bangladesh,22.8497_89.2996.png
bangladesh,22.8497_89.3030.png
bangladesh,22.8497_89.3144.png
bangladesh,22.8497_89.5644.png
bangladesh,22.8497_89.5732.png
bangladesh,22.8497_90.8644.png
bangladesh,22.8497_90.8820.png
bangladesh,22.8497_90.8908.png
bangladesh,22.8497_90.9908.png
bangladesh,22.8497_91.2530.png
bangladesh,22.8497_91.5496.png
bangladesh,22.8497_91.5529.png
bangladesh,22.8497_91.5907.png
bangladesh,22.8497_91.6996.png
bangladesh,22.8497_91.7029.png
bangladesh,22.8497_91.7996.png
bangladesh,22.8497_91.8029.png
bangladesh,22.8497_91.8908.png
bangladesh,22.8497_91.9408.png
bangladesh,22.8497_91.9496.png
bangladesh,22.8497_91.9732.png
bangladesh,22.8497_91.9908.png
bangladesh,22.8497_92.0144.png
bangladesh,22.8497_92.0232.png
bangladesh,22.8585_89.0496.png
bangladesh,22.8585_89.0530.png
bangladesh,22.8585_89.3996.png
bangladesh,22.8585_89.4030.png
bangladesh,22.8585_89.5644.png
bangladesh,22.8585_90.6232.png
bangladesh,22.8585_90.8644.png
bangladesh,22.8585_90.8908.png
bangladesh,22.8585_90.9030.png
bangladesh,22.8585_91.0232.png
bangladesh,22.8585_91.2320.png
bangladesh,22.8585_91.2496.png
bangladesh,22.8585_91.2530.png
bangladesh,22.8585_91.5819.png
bangladesh,22.8585_91.5907.png
bangladesh,22.8585_91.6996.png
bangladesh,22.8585_91.7029.png
bangladesh,22.8585_91.7996.png
bangladesh,22.8585_91.8029.png
bangladesh,22.8585_91.8996.png
bangladesh,22.8585_91.9408.png
bangladesh,22.8585_91.9529.png
bangladesh,22.8585_91.9732.png
bangladesh,22.8585_91.9820.png
bangladesh,22.8585_92.0144.png
bangladesh,22.8673_89.0030.png
bangladesh,22.8673_89.0496.png
bangladesh,22.8673_89.0530.png
bangladesh,22.8673_89.0644.png
bangladesh,22.8673_89.0732.png
bangladesh,22.8673_89.8320.png
bangladesh,22.8673_90.8644.png
bangladesh,22.8673_90.8908.png
bangladesh,22.8673_90.8996.png
bangladesh,22.8673_90.9030.png
bangladesh,22.8673_90.9732.png
bangladesh,22.8673_90.9820.png
bangladesh,22.8673_90.9908.png
bangladesh,22.8673_91.0232.png
bangladesh,22.8673_91.2320.png
bangladesh,22.8673_91.2496.png
bangladesh,22.8673_91.2530.png
bangladesh,22.8673_91.5731.png
bangladesh,22.8673_91.8996.png
bangladesh,22.8673_91.9030.png
bangladesh,22.8673_91.9408.png
bangladesh,22.8673_91.9496.png
bangladesh,22.8673_91.9644.png
bangladesh,22.8673_91.9732.png
bangladesh,22.8673_91.9996.png
bangladesh,22.8761_89.0030.png
bangladesh,22.8761_89.0496.png
bangladesh,22.8761_89.0530.png
bangladesh,22.8761_89.0644.png
bangladesh,22.8761_89.0732.png
bangladesh,22.8761_89.5644.png
bangladesh,22.8761_89.5732.png
bangladesh,22.8761_90.8908.png
bangladesh,22.8761_90.8996.png
bangladesh,22.8761_90.9820.png
bangladesh,22.8761_91.2530.png
bangladesh,22.8761_91.8996.png
bangladesh,22.8761_91.9030.png
bangladesh,22.8761_91.9496.png
bangladesh,22.8761_91.9732.png
bangladesh,22.8761_91.9820.png
bangladesh,22.8761_91.9908.png
bangladesh,22.8849_90.8644.png
bangladesh,22.8849_90.8732.png
bangladesh,22.8849_91.2530.png
bangladesh,22.8849_91.5731.png
bangladesh,22.8849_91.9732.png
bangladesh,22.8849_91.9820.png
bangladesh,22.8849_91.9908.png
bangladesh,22.8963_89.5644.png
bangladesh,22.8963_89.5732.png
bangladesh,22.8963_90.3496.png
bangladesh,22.8963_90.3530.png
bangladesh,22.8963_90.3996.png
bangladesh,22.8963_90.4030.png
bangladesh,22.8963_90.4144.png
bangladesh,22.8963_90.4232.png
bangladesh,22.8963_90.7644.png
bangladesh,22.8963_90.7732.png
bangladesh,22.8963_90.7908.png
bangladesh,22.8963_90.8644.png
bangladesh,22.8963_91.0996.png
bangladesh,22.8963_91.1030.png
bangladesh,22.8963_91.2320.png
bangladesh,22.8963_91.2408.png
bangladesh,22.8963_91.2732.png
bangladesh,22.8963_91.2820.png
bangladesh,22.8963_91.3029.png
bangladesh,22.8963_91.4144.png
bangladesh,22.8963_91.5907.png
bangladesh,22.8963_91.9144.png
bangladesh,22.8963_91.9496.png
bangladesh,22.8963_91.9732.png
bangladesh,22.8963_92.0030.png
bangladesh,22.8996_89.0232.png
bangladesh,22.8996_89.1820.png
bangladesh,22.8996_89.5644.png
bangladesh,22.8996_89.5732.png
bangladesh,22.8996_90.3496.png
bangladesh,22.8996_90.3530.png
bangladesh,22.8996_90.3996.png
bangladesh,22.8996_90.4030.png
bangladesh,22.8996_90.4144.png
bangladesh,22.8996_90.4232.png
bangladesh,22.8996_90.7644.png
bangladesh,22.8996_90.7732.png
bangladesh,22.8996_90.7908.png
bangladesh,22.8996_90.8644.png
bangladesh,22.8996_90.8732.png
bangladesh,22.8996_90.9996.png
bangladesh,22.8996_91.0030.png
bangladesh,22.8996_91.2320.png
bangladesh,22.8996_91.2408.png
bangladesh,22.8996_91.2732.png
bangladesh,22.8996_91.3029.png
bangladesh,22.8996_91.3732.png
bangladesh,22.8996_91.4144.png
bangladesh,22.8996_91.9144.png
bangladesh,22.8996_91.9496.png
bangladesh,22.8996_91.9820.png
bangladesh,22.9084_89.0232.png
bangladesh,22.9084_89.1496.png
bangladesh,22.9084_89.1530.png
bangladesh,22.9084_89.1820.png
bangladesh,22.9084_90.7732.png
bangladesh,22.9084_90.7820.png
bangladesh,22.9084_90.9232.png
bangladesh,22.9084_90.9320.png
bangladesh,22.9084_91.2320.png
bangladesh,22.9084_91.2732.png
bangladesh,22.9084_91.3732.png
bangladesh,22.9084_91.5907.png
bangladesh,22.9084_91.6144.png
bangladesh,22.9084_91.9144.png
bangladesh,22.9084_91.9908.png
bangladesh,22.9172_89.0496.png
bangladesh,22.9172_89.0530.png
bangladesh,22.9172_89.1530.png
bangladesh,22.9172_89.5144.png
bangladesh,22.9172_89.6320.png
bangladesh,22.9172_90.5144.png
bangladesh,22.9172_90.5232.png
bangladesh,22.9172_90.5496.png
bangladesh,22.9172_90.5530.png
bangladesh,22.9172_90.9232.png
bangladesh,22.9172_90.9320.png
bangladesh,22.9172_90.9996.png
bangladesh,22.9172_91.0030.png
bangladesh,22.9172_91.2144.png
bangladesh,22.9172_91.2320.png
bangladesh,22.9172_91.5496.png
bangladesh,22.9172_91.5529.png
bangladesh,22.9172_91.5995.png
bangladesh,22.9172_91.6030.png
bangladesh,22.9172_91.8644.png
bangladesh,22.9172_91.9144.png
bangladesh,22.9172_91.9908.png
bangladesh,22.9172_91.9996.png
bangladesh,22.9172_92.0030.png
bangladesh,22.9260_89.0496.png
bangladesh,22.9260_89.0530.png
bangladesh,22.9260_89.1530.png
bangladesh,22.9260_89.5144.png
bangladesh,22.9260_90.3996.png
bangladesh,22.9260_90.4030.png
bangladesh,22.9260_90.5408.png
bangladesh,22.9260_91.2232.png
bangladesh,22.9260_91.2908.png
bangladesh,22.9260_91.9529.png
bangladesh,22.9348_89.0644.png
bangladesh,22.9348_89.0732.png
bangladesh,22.9348_90.5408.png
bangladesh,22.9348_90.7408.png
bangladesh,22.9348_90.7496.png
bangladesh,22.9348_90.8908.png
bangladesh,22.9348_90.8996.png
bangladesh,22.9348_90.9030.png
bangladesh,22.9348_91.1820.png
bangladesh,22.9348_91.1908.png
bangladesh,22.9348_91.2232.png
bangladesh,22.9348_91.2320.png
bangladesh,22.9348_91.2908.png
bangladesh,22.9348_91.9529.png
bangladesh,22.9348_91.9908.png
bangladesh,22.9348_91.9996.png
bangladesh,22.9463_88.9643.png
bangladesh,22.9463_89.4731.png
bangladesh,22.9463_89.4819.png
bangladesh,22.9463_90.3320.png
bangladesh,22.9463_90.8732.png
bangladesh,22.9463_90.9144.png
bangladesh,22.9463_90.9232.png
bangladesh,22.9463_91.0144.png
bangladesh,22.9463_91.0496.png
bangladesh,22.9463_91.0530.png
bangladesh,22.9463_91.1732.png
bangladesh,22.9463_91.1908.png
bangladesh,22.9463_91.1996.png
bangladesh,22.9463_91.2029.png
bangladesh,22.9463_91.2408.png
bangladesh,22.9463_91.2496.png
bangladesh,22.9463_91.2996.png
bangladesh,22.9463_91.3029.png
bangladesh,22.9463_91.3143.png
bangladesh,22.9463_91.3231.png
bangladesh,22.9463_91.3996.png
bangladesh,22.9463_91.4030.png
bangladesh,22.9463_91.4732.png
bangladesh,22.9463_91.7820.png
bangladesh,22.9463_91.7908.png
bangladesh,22.9463_91.8319.png
bangladesh,22.9463_91.8732.png
bangladesh,22.9463_91.8820.png
bangladesh,22.9463_91.9996.png
bangladesh,22.9497_88.9643.png
bangladesh,22.9497_89.4731.png
bangladesh,22.9497_89.4819.png
bangladesh,22.9497_89.8644.png
bangladesh,22.9497_90.3320.png
bangladesh,22.9497_90.8732.png
bangladesh,22.9497_90.8996.png
bangladesh,22.9497_90.9030.png
bangladesh,22.9497_91.0144.png
bangladesh,22.9497_91.0496.png
bangladesh,22.9497_91.0530.png
bangladesh,22.9497_91.1732.png
bangladesh,22.9497_91.1908.png
bangladesh,22.9497_91.1996.png
bangladesh,22.9497_91.2029.png
bangladesh,22.9497_91.2408.png
bangladesh,22.9497_91.2496.png
bangladesh,22.9497_91.2996.png
bangladesh,22.9497_91.3029.png
bangladesh,22.9497_91.3143.png
bangladesh,22.9497_91.3231.png
bangladesh,22.9497_91.3996.png
bangladesh,22.9497_91.4030.png
bangladesh,22.9497_91.4732.png
bangladesh,22.9497_91.7732.png
bangladesh,22.9497_91.7820.png
bangladesh,22.9497_91.8732.png
bangladesh,22.9497_91.8820.png
bangladesh,22.9497_91.8908.png
bangladesh,22.9497_91.9908.png
bangladesh,22.9585_88.9320.png
bangladesh,22.9585_88.9408.png
bangladesh,22.9585_88.9643.png
bangladesh,22.9585_88.9996.png
bangladesh,22.9585_89.0030.png
bangladesh,22.9585_89.1530.png
bangladesh,22.9585_89.8408.png
bangladesh,22.9585_89.8644.png
bangladesh,22.9585_90.1320.png
bangladesh,22.9585_90.3996.png
bangladesh,22.9585_90.4030.png
bangladesh,22.9585_90.7908.png
bangladesh,22.9585_90.8144.png
bangladesh,22.9585_90.8232.png
bangladesh,22.9585_90.8996.png
bangladesh,22.9585_90.9030.png
bangladesh,22.9585_91.1732.png
bangladesh,22.9585_91.1908.png
bangladesh,22.9585_91.1996.png
bangladesh,22.9585_91.2029.png
bangladesh,22.9585_91.3231.png
bangladesh,22.9585_91.3319.png
bangladesh,22.9585_91.4030.png
bangladesh,22.9585_91.4496.png
bangladesh,22.9585_91.4529.png
bangladesh,22.9585_91.7820.png
bangladesh,22.9585_91.8820.png
bangladesh,22.9585_91.8908.png
bangladesh,22.9585_91.9408.png
bangladesh,22.9585_91.9996.png
bangladesh,22.9585_92.0030.png
bangladesh,22.9673_88.9320.png
bangladesh,22.9673_88.9408.png
bangladesh,22.9673_88.9643.png
bangladesh,22.9673_88.9996.png
bangladesh,22.9673_89.0030.png
bangladesh,22.9673_89.1530.png
bangladesh,22.9673_89.4643.png
bangladesh,22.9673_89.8320.png
bangladesh,22.9673_89.8408.png
bangladesh,22.9673_90.1320.png
bangladesh,22.9673_90.3996.png
bangladesh,22.9673_90.4030.png
bangladesh,22.9673_90.9908.png
bangladesh,22.9673_91.1820.png
bangladesh,22.9673_91.1908.png
bangladesh,22.9673_91.1996.png
bangladesh,22.9673_91.3319.png
bangladesh,22.9673_91.3996.png
bangladesh,22.9673_91.4030.png
bangladesh,22.9673_91.9496.png
bangladesh,22.9673_91.9529.png
bangladesh,22.9673_91.9908.png
bangladesh,22.9673_92.0907.png
bangladesh,22.9761_88.9731.png
bangladesh,22.9761_88.9819.png
bangladesh,22.9761_89.0408.png
bangladesh,22.9761_89.0496.png
bangladesh,22.9761_89.0644.png
bangladesh,22.9761_89.2319.png
bangladesh,22.9761_89.4643.png
bangladesh,22.9761_90.8732.png
bangladesh,22.9761_90.8820.png
bangladesh,22.9761_90.9908.png
bangladesh,22.9761_91.3319.png
bangladesh,22.9761_91.3996.png
bangladesh,22.9761_91.4030.png
bangladesh,22.9761_91.9408.png
bangladesh,22.9761_91.9529.png
bangladesh,22.9761_91.9908.png
bangladesh,22.9761_92.0819.png
bangladesh,22.9761_92.0907.png
bangladesh,22.9849_89.0496.png
bangladesh,22.9849_89.0530.png
bangladesh,22.9849_89.2319.png
bangladesh,22.9849_90.6496.png
bangladesh,22.9849_90.7232.png
bangladesh,22.9849_90.7320.png
bangladesh,22.9849_90.7408.png
bangladesh,22.9849_90.8732.png
bangladesh,22.9849_90.8820.png
bangladesh,22.9849_90.8908.png
bangladesh,22.9849_91.9496.png
bangladesh,22.9849_91.9529.png
bangladesh,22.9963_88.9731.png
bangladesh,22.9963_88.9819.png
bangladesh,22.9963_89.0408.png
bangladesh,22.9963_89.0820.png
bangladesh,22.9963_89.1144.png
bangladesh,22.9963_89.2029.png
bangladesh,22.9963_89.2231.png
bangladesh,22.9963_89.2319.png
bangladesh,22.9963_89.6820.png
bangladesh,22.9963_89.6908.png
bangladesh,22.9963_90.6530.png
bangladesh,22.9963_91.2496.png
bangladesh,22.9963_91.2530.png
bangladesh,22.9963_91.2820.png
bangladesh,22.9963_91.5144.png
bangladesh,22.9963_91.5232.png
bangladesh,22.9963_91.9820.png
bangladesh,22.9963_92.0731.png
bangladesh,22.9996_88.9731.png
bangladesh,22.9996_88.9819.png
bangladesh,22.9996_88.9908.png
bangladesh,22.9996_89.0408.png
bangladesh,22.9996_89.0820.png
bangladesh,22.9996_89.1144.png
bangladesh,22.9996_89.2029.png
bangladesh,22.9996_89.2231.png
bangladesh,22.9996_89.2319.png
bangladesh,22.9996_90.6530.png
bangladesh,22.9996_91.2320.png
bangladesh,22.9996_91.2408.png
bangladesh,22.9996_91.2496.png
bangladesh,22.9996_91.2530.png
bangladesh,22.9996_91.2820.png
bangladesh,22.9996_91.3530.png
bangladesh,22.9996_91.5144.png
bangladesh,22.9996_91.5232.png
bangladesh,22.9996_91.8143.png
bangladesh,22.9996_91.8231.png
bangladesh,22.9996_91.9408.png
bangladesh,22.9996_91.9908.png
bangladesh,23.0084_88.9908.png
bangladesh,23.0084_89.1496.png
bangladesh,23.0084_89.1530.png
bangladesh,23.0084_89.3908.png
bangladesh,23.0084_90.5996.png
bangladesh,23.0084_90.9144.png
bangladesh,23.0084_90.9908.png
bangladesh,23.0084_90.9996.png
bangladesh,23.0084_91.2320.png
bangladesh,23.0084_91.2408.png
bangladesh,23.0084_91.3231.png
bangladesh,23.0084_91.3495.png
bangladesh,23.0084_91.3530.png
bangladesh,23.0084_91.5144.png
bangladesh,23.0084_91.8143.png
bangladesh,23.0084_91.8319.png
bangladesh,23.0084_91.9232.png
bangladesh,23.0084_91.9320.png
bangladesh,23.0084_91.9820.png
bangladesh,23.0084_92.0320.png
bangladesh,23.0172_88.8908.png
bangladesh,23.0172_88.8996.png
bangladesh,23.0172_88.9030.png
bangladesh,23.0172_89.0496.png
bangladesh,23.0172_89.0530.png
bangladesh,23.0172_89.2496.png
bangladesh,23.0172_89.2530.png
bangladesh,23.0172_89.3496.png
bangladesh,23.0172_89.3908.png
bangladesh,23.0172_89.5996.png
bangladesh,23.0172_89.6030.png
bangladesh,23.0172_90.9144.png
bangladesh,23.0172_91.2908.png
bangladesh,23.0172_91.2996.png
bangladesh,23.0172_91.3231.png
bangladesh,23.0172_91.4496.png
bangladesh,23.0172_91.4529.png
bangladesh,23.0172_91.7644.png
bangladesh,23.0172_91.8029.png
bangladesh,23.0172_91.8143.png
bangladesh,23.0172_91.8231.png
bangladesh,23.0172_91.9232.png
bangladesh,23.0172_92.0320.png
bangladesh,23.0172_92.0819.png
bangladesh,23.0260_88.8996.png
bangladesh,23.0260_88.9030.png
bangladesh,23.0260_89.2496.png
bangladesh,23.0260_89.2530.png
bangladesh,23.0260_89.4408.png
bangladesh,23.0260_89.5996.png
bangladesh,23.0260_89.6030.png
bangladesh,23.0260_89.8408.png
bangladesh,23.0260_89.8496.png
bangladesh,23.0260_89.8530.png
bangladesh,23.0260_90.5996.png
bangladesh,23.0260_90.6030.png
bangladesh,23.0260_91.2908.png
bangladesh,23.0260_91.2996.png
bangladesh,23.0260_91.3029.png
bangladesh,23.0260_91.8231.png
bangladesh,23.0260_92.0643.png
bangladesh,23.0348_88.9996.png
bangladesh,23.0348_89.0030.png
bangladesh,23.0348_89.0408.png
bangladesh,23.0348_89.0496.png
bangladesh,23.0348_89.1144.png
bangladesh,23.0348_89.1232.png
bangladesh,23.0348_89.4408.png
bangladesh,23.0348_89.5996.png
bangladesh,23.0348_89.6030.png
bangladesh,23.0348_90.4408.png
bangladesh,23.0348_90.4496.png
bangladesh,23.0348_91.1530.png
bangladesh,23.0348_91.2144.png
bangladesh,23.0348_91.2232.png
bangladesh,23.0348_91.3644.png
bangladesh,23.0348_91.3732.png
bangladesh,23.0348_91.4320.png
bangladesh,23.0348_91.4408.png
bangladesh,23.0348_91.4496.png
bangladesh,23.0348_91.4644.png
bangladesh,23.0348_91.4732.png
bangladesh,23.0348_91.8231.png
bangladesh,23.0348_92.0819.png
bangladesh,23.0462_88.9996.png
bangladesh,23.0462_89.0030.png
bangladesh,23.0462_89.0320.png
bangladesh,23.0462_89.1908.png
bangladesh,23.0462_89.2319.png
bangladesh,23.0462_89.2496.png
bangladesh,23.0462_89.2530.png
bangladesh,23.0462_89.3996.png
bangladesh,23.0462_89.4030.png
bangladesh,23.0462_89.5320.png
bangladesh,23.0462_89.5408.png
bangladesh,23.0462_89.6030.png
bangladesh,23.0462_90.4496.png
bangladesh,23.0462_90.4529.png
bangladesh,23.0462_91.1408.png
bangladesh,23.0462_91.1496.png
bangladesh,23.0462_91.2144.png
bangladesh,23.0462_91.3644.png
bangladesh,23.0462_91.3732.png
bangladesh,23.0462_91.4529.png
bangladesh,23.0462_91.8495.png
bangladesh,23.0462_91.8530.png
bangladesh,23.0462_91.8644.png
bangladesh,23.0462_91.8820.png
bangladesh,23.0462_91.8908.png
bangladesh,23.0462_92.0144.png
bangladesh,23.0462_92.0995.png
bangladesh,23.0462_92.1030.png
bangladesh,23.0462_92.1144.png
bangladesh,23.0496_88.9232.png
bangladesh,23.0496_88.9731.png
bangladesh,23.0496_88.9996.png
bangladesh,23.0496_89.0030.png
bangladesh,23.0496_89.0144.png
bangladesh,23.0496_89.0320.png
bangladesh,23.0496_89.1908.png
bangladesh,23.0496_89.2319.png
bangladesh,23.0496_89.3996.png
bangladesh,23.0496_89.4030.png
bangladesh,23.0496_89.6732.png
bangladesh,23.0496_91.1408.png
bangladesh,23.0496_91.1496.png
bangladesh,23.0496_91.2144.png
bangladesh,23.0496_91.3644.png
bangladesh,23.0496_91.3732.png
bangladesh,23.0496_91.4529.png
bangladesh,23.0496_91.7908.png
bangladesh,23.0496_91.8029.png
bangladesh,23.0496_91.8495.png
bangladesh,23.0496_91.8530.png
bangladesh,23.0496_91.8820.png
bangladesh,23.0496_91.8908.png
bangladesh,23.0496_92.0144.png
bangladesh,23.0496_92.1144.png
bangladesh,23.0585_88.9232.png
bangladesh,23.0585_88.9731.png
bangladesh,23.0585_89.1144.png
bangladesh,23.0585_89.6644.png
bangladesh,23.0585_89.6732.png
bangladesh,23.0585_91.1408.png
bangladesh,23.0585_91.1496.png
bangladesh,23.0585_91.1644.png
bangladesh,23.0585_91.1996.png
bangladesh,23.0585_91.2029.png
bangladesh,23.0585_91.7908.png
bangladesh,23.0585_92.0529.png
bangladesh,23.0585_92.0643.png
bangladesh,23.0585_92.0731.png
bangladesh,23.0673_89.1144.png
bangladesh,23.0673_89.2143.png
bangladesh,23.0673_89.3732.png
bangladesh,23.0673_89.3820.png
bangladesh,23.0673_89.4643.png
bangladesh,23.0673_90.6030.png
bangladesh,23.0673_91.2320.png
bangladesh,23.0673_91.4496.png
bangladesh,23.0673_91.4529.png
bangladesh,23.0673_91.7908.png
bangladesh,23.0673_91.8820.png
bangladesh,23.0673_91.8908.png
bangladesh,23.0673_92.0529.png
bangladesh,23.0761_88.9144.png
bangladesh,23.0761_89.1144.png
bangladesh,23.0761_89.1496.png
bangladesh,23.0761_89.1530.png
bangladesh,23.0761_89.2143.png
bangladesh,23.0761_89.4496.png
bangladesh,23.0761_89.4529.png
bangladesh,23.0761_90.6732.png
bangladesh,23.0761_91.2320.png
bangladesh,23.0761_91.8319.png
bangladesh,23.0761_91.8820.png
bangladesh,23.0761_91.8908.png
bangladesh,23.0761_91.9232.png
bangladesh,23.0761_91.9644.png
bangladesh,23.0761_91.9820.png
bangladesh,23.0761_91.9908.png
bangladesh,23.0761_92.0529.png
bangladesh,23.0761_92.0731.png
bangladesh,23.0761_92.0995.png
bangladesh,23.0761_92.1030.png
bangladesh,23.0849_88.9144.png
bangladesh,23.0849_89.0644.png
bangladesh,23.0849_89.0732.png
bangladesh,23.0849_89.1144.png
bangladesh,23.0849_89.1530.png
bangladesh,23.0849_89.4144.png
bangladesh,23.0849_89.4496.png
bangladesh,23.0849_89.4529.png
bangladesh,23.0849_89.8644.png
bangladesh,23.0849_89.8732.png
bangladesh,23.0849_90.6732.png
bangladesh,23.0849_91.1996.png
bangladesh,23.0849_91.2029.png
bangladesh,23.0849_91.8820.png
bangladesh,23.0849_91.8908.png
bangladesh,23.0849_91.9232.png
bangladesh,23.0849_91.9644.png
bangladesh,23.0849_91.9908.png
bangladesh,23.0849_92.0496.png
bangladesh,23.0849_92.0529.png
bangladesh,23.0849_92.0643.png
bangladesh,23.0849_92.1030.png
bangladesh,23.0963_89.0732.png
bangladesh,23.0963_89.0820.png
bangladesh,23.0963_89.2029.png
bangladesh,23.0963_89.2408.png
bangladesh,23.0963_89.2496.png
bangladesh,23.0963_89.2908.png
bangladesh,23.0963_89.3144.png
bangladesh,23.0963_89.3232.png
bangladesh,23.0963_89.3496.png
bangladesh,23.0963_89.3530.png
bangladesh,23.0963_89.7408.png
bangladesh,23.0963_90.3144.png
bangladesh,23.0963_90.3232.png
bangladesh,23.0963_90.4408.png
bangladesh,23.0963_90.6996.png
bangladesh,23.0963_90.7029.png
bangladesh,23.0963_90.9144.png
bangladesh,23.0963_91.1144.png
bangladesh,23.0963_91.1408.png
bangladesh,23.0963_91.1496.png
bangladesh,23.0963_91.1732.png
bangladesh,23.0963_91.1820.png
bangladesh,23.0963_91.3407.png
bangladesh,23.0963_91.3495.png
bangladesh,23.0963_91.8996.png
bangladesh,23.0963_91.9030.png
bangladesh,23.0963_91.9144.png
bangladesh,23.0963_91.9232.png
bangladesh,23.0963_91.9496.png
bangladesh,23.0963_91.9529.png
bangladesh,23.0963_91.9732.png
bangladesh,23.0963_92.0320.png
bangladesh,23.0963_92.0408.png
bangladesh,23.0963_92.0496.png
bangladesh,23.0963_92.0643.png
bangladesh,23.0963_92.0907.png
bangladesh,23.0963_92.1320.png
bangladesh,23.0997_89.0820.png
bangladesh,23.0997_89.1530.png
bangladesh,23.0997_89.1644.png
bangladesh,23.0997_89.2029.png
bangladesh,23.0997_89.2908.png
bangladesh,23.0997_90.4408.png
bangladesh,23.0997_90.4496.png
bangladesh,23.0997_90.4529.png
bangladesh,23.0997_90.6996.png
bangladesh,23.0997_90.7029.png
bangladesh,23.0997_90.9144.png
bangladesh,23.0997_90.9996.png
bangladesh,23.0997_91.0030.png
bangladesh,23.0997_91.1144.png
bangladesh,23.0997_91.1496.png
bangladesh,23.0997_91.1732.png
bangladesh,23.0997_91.1820.png
bangladesh,23.0997_91.3407.png
bangladesh,23.0997_91.3495.png
bangladesh,23.0997_91.9732.png
bangladesh,23.0997_92.0408.png
bangladesh,23.0997_92.0496.png
bangladesh,23.0997_92.0643.png
bangladesh,23.0997_92.0995.png
bangladesh,23.0997_92.1320.png
bangladesh,23.0997_92.1644.png
bangladesh,23.1085_89.1232.png
bangladesh,23.1085_89.1320.png
bangladesh,23.1085_89.1644.png
bangladesh,23.1085_89.1732.png
bangladesh,23.1085_89.2496.png
bangladesh,23.1085_89.2530.png
bangladesh,23.1085_89.6408.png
bangladesh,23.1085_89.6496.png
bangladesh,23.1085_90.2644.png
bangladesh,23.1085_90.2732.png
bangladesh,23.1085_90.4320.png
bangladesh,23.1085_90.4408.png
bangladesh,23.1085_90.4496.png
bangladesh,23.1085_90.4529.png
bangladesh,23.1085_90.8732.png
bangladesh,23.1085_90.9996.png
bangladesh,23.1085_91.0030.png
bangladesh,23.1085_91.0908.png
bangladesh,23.1085_91.9408.png
bangladesh,23.1085_91.9496.png
bangladesh,23.1085_92.0320.png
bangladesh,23.1173_88.9731.png
bangladesh,23.1173_89.0530.png
bangladesh,23.1173_89.1232.png
bangladesh,23.1173_89.1320.png
bangladesh,23.1173_89.2732.png
bangladesh,23.1173_89.2820.png
bangladesh,23.1173_89.2996.png
bangladesh,23.1173_89.6408.png
bangladesh,23.1173_89.6496.png
bangladesh,23.1173_90.0820.png
bangladesh,23.1173_90.8732.png
bangladesh,23.1173_91.0908.png
bangladesh,23.1173_91.1996.png
bangladesh,23.1173_91.2029.png
bangladesh,23.1173_91.9030.png
bangladesh,23.1173_91.9232.png
bangladesh,23.1173_91.9320.png
bangladesh,23.1173_91.9496.png
bangladesh,23.1173_92.0232.png
bangladesh,23.1173_92.1644.png
bangladesh,23.1261_88.9496.png
bangladesh,23.1261_88.9529.png
bangladesh,23.1261_88.9731.png
bangladesh,23.1261_89.0530.png
bangladesh,23.1261_89.1232.png
bangladesh,23.1261_89.1320.png
bangladesh,23.1261_89.1408.png
bangladesh,23.1261_89.2996.png
bangladesh,23.1261_90.4908.png
bangladesh,23.1261_90.4996.png
bangladesh,23.1261_90.5030.png
bangladesh,23.1261_90.8644.png
bangladesh,23.1261_90.8732.png
bangladesh,23.1261_90.8996.png
bangladesh,23.1261_90.9030.png
bangladesh,23.1261_91.9030.png
bangladesh,23.1261_92.1644.png
bangladesh,23.1349_89.2496.png
bangladesh,23.1349_89.2530.png
bangladesh,23.1349_89.2820.png
bangladesh,23.1349_89.2908.png
bangladesh,23.1349_89.2996.png
bangladesh,23.1349_89.7732.png
bangladesh,23.1349_91.2996.png
bangladesh,23.1349_91.3029.png
bangladesh,23.1349_91.4820.png
bangladesh,23.1349_91.4908.png
bangladesh,23.1349_91.8820.png
bangladesh,23.1349_91.9408.png
bangladesh,23.1349_92.0320.png
bangladesh,23.1349_92.0408.png
bangladesh,23.1349_92.0496.png
bangladesh,23.1349_92.0529.png
bangladesh,23.1349_92.0731.png
bangladesh,23.1463_89.3144.png
bangladesh,23.1463_89.5144.png
bangladesh,23.1463_90.6732.png
bangladesh,23.1463_90.8644.png
bangladesh,23.1463_90.9232.png
bangladesh,23.1463_90.9529.png
bangladesh,23.1496_89.3144.png
bangladesh,23.1496_89.4996.png
bangladesh,23.1496_89.5030.png
bangladesh,23.1496_89.5144.png
bangladesh,23.1496_89.6496.png
bangladesh,23.1496_89.6530.png
bangladesh,23.1496_90.6732.png
bangladesh,23.1496_90.7320.png
bangladesh,23.1496_90.7408.png
bangladesh,23.1496_90.8530.png
bangladesh,23.1496_90.8644.png
bangladesh,23.1496_90.9232.png
bangladesh,23.1496_90.9529.png
bangladesh,23.1496_90.9643.png
bangladesh,23.1496_91.2320.png
bangladesh,23.1496_92.0320.png
bangladesh,23.1496_92.0529.png
bangladesh,23.1496_92.0643.png
bangladesh,23.1584_89.5144.png
bangladesh,23.1584_89.5232.png
bangladesh,23.1584_89.5496.png
bangladesh,23.1584_89.5530.png
bangladesh,23.1584_89.5996.png
bangladesh,23.1584_89.6030.png
bangladesh,23.1584_89.6496.png
bangladesh,23.1584_89.6530.png
bangladesh,23.1584_90.2320.png
bangladesh,23.1584_90.2408.png
bangladesh,23.1584_90.7320.png
bangladesh,23.1584_90.7408.png
bangladesh,23.1584_90.8496.png
bangladesh,23.1584_90.8530.png
bangladesh,23.1584_90.9643.png
bangladesh,23.1584_91.2320.png
bangladesh,23.1584_91.4496.png
bangladesh,23.1584_91.4529.png
bangladesh,23.1584_91.4644.png
bangladesh,23.1584_91.4732.png
bangladesh,23.1584_91.9232.png
bangladesh,23.1584_92.0320.png
bangladesh,23.1584_92.0408.png
bangladesh,23.1584_92.0643.png
bangladesh,23.1672_89.6144.png
bangladesh,23.1672_90.2320.png
bangladesh,23.1672_90.2408.png
bangladesh,23.1672_90.7408.png
bangladesh,23.1672_90.7496.png
bangladesh,23.1672_90.7530.png
bangladesh,23.1672_91.2908.png
bangladesh,23.1672_91.2996.png
bangladesh,23.1672_91.8996.png
bangladesh,23.1672_91.9144.png
bangladesh,23.1672_91.9232.png
bangladesh,23.1672_92.0144.png
bangladesh,23.1760_89.5732.png
bangladesh,23.1760_89.5996.png
bangladesh,23.1760_89.6144.png
bangladesh,23.1760_90.1732.png
bangladesh,23.1760_90.1820.png
bangladesh,23.1760_90.2320.png
bangladesh,23.1760_90.2408.png
bangladesh,23.1760_90.3496.png
bangladesh,23.1760_90.3530.png
bangladesh,23.1760_90.7408.png
bangladesh,23.1760_90.8232.png
bangladesh,23.1760_90.8320.png
bangladesh,23.1760_90.8496.png
bangladesh,23.1760_90.8530.png
bangladesh,23.1760_90.9496.png
bangladesh,23.1760_90.9529.png
bangladesh,23.1760_91.2144.png
bangladesh,23.1760_91.4232.png
bangladesh,23.1760_91.4320.png
bangladesh,23.1760_91.9144.png
bangladesh,23.1760_92.0144.png
bangladesh,23.1760_92.0496.png
bangladesh,23.1760_92.0529.png
bangladesh,23.1760_92.1908.png
bangladesh,23.1848_89.3496.png
bangladesh,23.1848_89.3530.png
bangladesh,23.1848_89.3644.png
bangladesh,23.1848_89.3732.png
bangladesh,23.1848_89.3820.png
bangladesh,23.1848_89.3908.png
bangladesh,23.1848_89.5732.png
bangladesh,23.1848_89.5908.png
bangladesh,23.1848_89.5996.png
bangladesh,23.1848_90.1732.png
bangladesh,23.1848_90.1996.png
bangladesh,23.1848_90.2029.png
bangladesh,23.1848_90.2320.png
bangladesh,23.1848_90.2408.png
bangladesh,23.1848_90.2496.png
bangladesh,23.1848_90.3496.png
bangladesh,23.1848_90.3530.png
bangladesh,23.1848_90.4643.png
bangladesh,23.1848_90.4732.png
bangladesh,23.1848_90.8232.png
bangladesh,23.1848_90.8320.png
bangladesh,23.1848_90.9408.png
bangladesh,23.1848_90.9496.png
bangladesh,23.1848_90.9529.png
bangladesh,23.1848_91.1320.png
bangladesh,23.1848_91.1408.png
bangladesh,23.1848_91.2144.png
bangladesh,23.1848_91.2232.png
bangladesh,23.1848_91.2320.png
bangladesh,23.1848_91.8908.png
bangladesh,23.1848_91.9030.png
bangladesh,23.1848_92.1908.png
bangladesh,23.1963_90.1644.png
bangladesh,23.1963_90.2143.png
bangladesh,23.1963_90.2496.png
bangladesh,23.1963_90.2530.png
bangladesh,23.1963_90.3144.png
bangladesh,23.1963_90.7732.png
bangladesh,23.1963_90.8144.png
bangladesh,23.1963_90.8232.png
bangladesh,23.1963_90.8996.png
bangladesh,23.1963_90.9030.png
bangladesh,23.1963_90.9408.png
bangladesh,23.1963_90.9732.png
bangladesh,23.1963_90.9820.png
bangladesh,23.1963_91.9030.png
bangladesh,23.1963_92.0030.png
bangladesh,23.1963_92.0144.png
bangladesh,23.1963_92.0320.png
bangladesh,23.1963_92.0408.png
bangladesh,23.1963_92.0643.png
bangladesh,23.1963_92.0731.png
bangladesh,23.1997_89.3644.png
bangladesh,23.1997_90.1644.png
bangladesh,23.1997_90.2143.png
bangladesh,23.1997_90.2496.png
bangladesh,23.1997_90.2530.png
bangladesh,23.1997_90.3144.png
bangladesh,23.1997_90.7732.png
bangladesh,23.1997_90.7996.png
bangladesh,23.1997_90.8030.png
bangladesh,23.1997_90.8144.png
bangladesh,23.1997_90.8232.png
bangladesh,23.1997_90.9320.png
bangladesh,23.1997_90.9408.png
bangladesh,23.1997_90.9496.png
bangladesh,23.1997_90.9529.png
bangladesh,23.1997_91.8530.png
bangladesh,23.1997_91.8732.png
bangladesh,23.1997_91.9996.png
bangladesh,23.1997_92.0144.png
bangladesh,23.1997_92.0496.png
bangladesh,23.1997_92.0643.png
bangladesh,23.1997_92.0731.png
bangladesh,23.1997_92.1144.png
bangladesh,23.1997_92.1496.png
bangladesh,23.1997_92.1530.png
bangladesh,23.2085_89.3644.png
bangladesh,23.2085_89.5320.png
bangladesh,23.2085_89.5644.png
bangladesh,23.2085_89.5732.png
bangladesh,23.2085_90.3144.png
bangladesh,23.2085_90.6996.png
bangladesh,23.2085_90.7029.png
bangladesh,23.2085_90.7143.png
bangladesh,23.2085_90.7996.png
bangladesh,23.2085_90.8030.png
bangladesh,23.2085_90.8820.png
bangladesh,23.2085_90.8908.png
bangladesh,23.2085_90.9320.png
bangladesh,23.2085_90.9408.png
bangladesh,23.2085_90.9496.png
bangladesh,23.2085_90.9529.png
bangladesh,23.2085_90.9820.png
bangladesh,23.2085_91.2408.png
bangladesh,23.2085_91.2496.png
bangladesh,23.2085_91.8495.png
bangladesh,23.2085_91.8530.png
bangladesh,23.2085_91.8644.png
bangladesh,23.2085_91.8732.png
bangladesh,23.2085_91.8820.png
bangladesh,23.2085_92.0030.png
bangladesh,23.2085_92.0408.png
bangladesh,23.2173_89.1530.png
bangladesh,23.2173_89.1644.png
bangladesh,23.2173_89.3144.png
bangladesh,23.2173_90.3232.png
bangladesh,23.2173_90.3320.png
bangladesh,23.2173_90.3408.png
bangladesh,23.2173_90.4732.png
bangladesh,23.2173_90.7996.png
bangladesh,23.2173_90.8030.png
bangladesh,23.2173_90.8496.png
bangladesh,23.2173_90.8530.png
bangladesh,23.2173_90.9144.png
bangladesh,23.2173_90.9820.png
bangladesh,23.2173_91.2820.png
bangladesh,23.2173_91.2908.png
bangladesh,23.2173_91.8644.png
bangladesh,23.2173_91.9820.png
bangladesh,23.2173_92.0320.png
bangladesh,23.2173_92.0408.png
bangladesh,23.2173_92.1320.png
bangladesh,23.2261_89.0820.png
bangladesh,23.2261_89.1530.png
bangladesh,23.2261_89.1644.png
bangladesh,23.2261_89.2820.png
bangladesh,23.2261_89.9996.png
bangladesh,23.2261_90.3320.png
bangladesh,23.2261_90.3408.png
bangladesh,23.2261_90.4732.png
bangladesh,23.2261_90.6908.png
bangladesh,23.2261_90.7232.png
bangladesh,23.2261_90.7320.png
bangladesh,23.2261_90.8496.png
bangladesh,23.2261_90.8530.png
bangladesh,23.2261_90.8820.png
bangladesh,23.2261_91.8495.png
bangladesh,23.2261_91.8530.png
bangladesh,23.2261_91.8820.png
bangladesh,23.2261_91.9820.png
bangladesh,23.2261_91.9908.png
bangladesh,23.2261_92.0320.png
bangladesh,23.2261_92.1320.png
bangladesh,23.2261_92.1408.png
bangladesh,23.2261_92.1496.png
bangladesh,23.2261_92.1530.png
bangladesh,23.2349_89.1908.png
bangladesh,23.2349_89.1996.png
bangladesh,23.2349_90.3408.png
bangladesh,23.2349_90.6908.png
bangladesh,23.2349_90.7143.png
bangladesh,23.2349_90.7232.png
bangladesh,23.2349_90.8820.png
bangladesh,23.2349_90.8908.png
bangladesh,23.2349_91.8407.png
bangladesh,23.2349_91.9908.png
bangladesh,23.2349_92.1232.png
bangladesh,23.2349_92.1408.png
bangladesh,23.2463_89.0232.png
bangladesh,23.2463_89.3820.png
bangladesh,23.2463_89.7496.png
bangladesh,23.2463_89.7530.png
bangladesh,23.2463_90.1732.png
bangladesh,23.2463_90.3408.png
bangladesh,23.2463_90.3496.png
bangladesh,23.2463_90.3530.png
bangladesh,23.2463_90.3644.png
bangladesh,23.2463_90.4820.png
bangladesh,23.2463_90.7644.png
bangladesh,23.2463_90.7732.png
bangladesh,23.2463_91.2144.png
bangladesh,23.2463_91.7996.png
bangladesh,23.2463_91.8029.png
bangladesh,23.2463_92.0232.png
bangladesh,23.2463_92.0320.png
bangladesh,23.2463_92.1232.png
bangladesh,23.2463_92.1408.png
bangladesh,23.2496_89.0232.png
bangladesh,23.2496_89.0996.png
bangladesh,23.2496_89.1029.png
bangladesh,23.2496_89.7496.png
bangladesh,23.2496_89.7530.png
bangladesh,23.2496_90.1732.png
bangladesh,23.2496_90.3408.png
bangladesh,23.2496_90.3644.png
bangladesh,23.2496_90.4820.png
bangladesh,23.2496_90.8996.png
bangladesh,23.2496_90.9030.png
bangladesh,23.2496_91.0408.png
bangladesh,23.2496_91.1732.png
bangladesh,23.2496_91.1820.png
bangladesh,23.2496_91.2144.png
bangladesh,23.2496_91.2820.png
bangladesh,23.2496_91.2908.png
bangladesh,23.2496_91.2996.png
bangladesh,23.2496_91.7996.png
bangladesh,23.2496_91.8029.png
bangladesh,23.2496_92.0232.png
bangladesh,23.2496_92.0320.png
bangladesh,23.2584_88.9144.png
bangladesh,23.2584_89.0996.png
bangladesh,23.2584_89.1029.png
bangladesh,23.2584_89.1644.png
bangladesh,23.2584_90.1996.png
bangladesh,23.2584_90.2029.png
bangladesh,23.2584_90.8996.png
bangladesh,23.2584_90.9030.png
bangladesh,23.2584_91.0408.png
bangladesh,23.2584_91.0996.png
bangladesh,23.2584_91.1030.png
bangladesh,23.2584_91.1732.png
bangladesh,23.2584_91.1820.png
bangladesh,23.2584_91.2820.png
bangladesh,23.2584_91.2908.png
bangladesh,23.2584_91.2996.png
bangladesh,23.2584_91.9732.png
bangladesh,23.2584_92.0232.png
bangladesh,23.2672_88.9144.png
bangladesh,23.2672_89.1644.png
bangladesh,23.2672_89.2496.png
bangladesh,23.2672_89.2644.png
bangladesh,23.2672_89.2996.png
bangladesh,23.2672_89.3030.png
bangladesh,23.2672_90.2029.png
bangladesh,23.2672_90.3496.png
bangladesh,23.2672_90.6320.png
bangladesh,23.2672_90.8644.png
bangladesh,23.2672_91.0996.png
bangladesh,23.2672_91.1030.png
bangladesh,23.2672_91.8231.png
bangladesh,23.2672_91.9732.png
bangladesh,23.2672_92.0232.png
bangladesh,23.2760_88.7496.png
bangladesh,23.2760_88.7530.png
bangladesh,23.2760_88.9996.png
bangladesh,23.2760_89.0030.png
bangladesh,23.2760_89.2496.png
bangladesh,23.2760_89.2530.png
bangladesh,23.2760_89.2644.png
bangladesh,23.2760_89.5732.png
bangladesh,23.2760_89.7530.png
bangladesh,23.2760_90.3496.png
bangladesh,23.2760_90.3908.png
bangladesh,23.2760_90.6232.png
bangladesh,23.2760_90.8644.png
bangladesh,23.2760_91.1030.png
bangladesh,23.2760_91.2732.png
bangladesh,23.2760_91.8407.png
bangladesh,23.2760_91.9732.png
bangladesh,23.2760_92.0232.png
bangladesh,23.2848_88.7496.png
bangladesh,23.2848_88.7530.png
bangladesh,23.2848_88.7644.png
bangladesh,23.2848_88.9996.png
bangladesh,23.2848_89.0030.png
bangladesh,23.2848_89.2496.png
bangladesh,23.2848_89.2530.png
bangladesh,23.2848_89.2644.png
bangladesh,23.2848_89.7530.png
bangladesh,23.2848_90.5908.png
bangladesh,23.2848_91.1030.png
bangladesh,23.2848_91.2732.png
bangladesh,23.2848_91.7908.png
bangladesh,23.2848_91.7996.png
bangladesh,23.2848_91.8231.png
bangladesh,23.2848_91.8319.png
bangladesh,23.2848_91.9644.png
bangladesh,23.2848_92.0030.png
bangladesh,23.2848_92.0232.png
bangladesh,23.2848_92.1144.png
bangladesh,23.2848_92.1232.png
bangladesh,23.2848_92.2029.png
bangladesh,23.2962_89.0144.png
bangladesh,23.2962_89.0232.png
bangladesh,23.2962_89.0320.png
bangladesh,23.2962_89.2319.png
bangladesh,23.2962_89.7029.png
bangladesh,23.2962_89.8320.png
bangladesh,23.2962_89.9731.png
bangladesh,23.2962_90.2644.png
bangladesh,23.2962_90.2732.png
bangladesh,23.2962_90.3144.png
bangladesh,23.2962_90.3908.png
bangladesh,23.2962_90.3996.png
bangladesh,23.2962_90.9232.png
bangladesh,23.2962_90.9320.png
bangladesh,23.2962_91.1908.png
bangladesh,23.2962_91.2732.png
bangladesh,23.2962_91.2908.png
bangladesh,23.2962_91.8495.png
bangladesh,23.2962_91.8530.png
bangladesh,23.2962_91.8644.png
bangladesh,23.2962_91.9820.png
bangladesh,23.2962_92.1996.png
bangladesh,23.2962_92.2029.png
bangladesh,23.2996_88.9908.png
bangladesh,23.2996_89.0232.png
bangladesh,23.2996_89.0320.png
bangladesh,23.2996_89.2644.png
bangladesh,23.2996_89.5996.png
bangladesh,23.2996_89.6030.png
bangladesh,23.2996_89.6732.png
bangladesh,23.2996_89.7029.png
bangladesh,23.2996_89.8320.png
bangladesh,23.2996_90.0908.png
bangladesh,23.2996_90.2732.png
bangladesh,23.2996_90.3144.png
bangladesh,23.2996_90.3908.png
bangladesh,23.2996_90.3996.png
bangladesh,23.2996_90.6144.png
bangladesh,23.2996_90.9232.png
bangladesh,23.2996_90.9320.png
bangladesh,23.2996_91.1320.png
bangladesh,23.2996_91.1908.png
bangladesh,23.2996_91.2644.png
bangladesh,23.2996_91.2732.png
bangladesh,23.2996_91.2820.png
bangladesh,23.2996_91.2908.png
bangladesh,23.2996_91.9644.png
bangladesh,23.2996_92.0030.png
bangladesh,23.2996_92.1996.png
bangladesh,23.3085_88.9731.png
bangladesh,23.3085_88.9908.png
bangladesh,23.3085_89.2644.png
bangladesh,23.3085_89.2996.png
bangladesh,23.3085_89.3030.png
bangladesh,23.3085_89.3320.png
bangladesh,23.3085_89.3408.png
bangladesh,23.3085_89.3496.png
bangladesh,23.3085_89.3530.png
bangladesh,23.3085_89.6732.png
bangladesh,23.3085_90.0908.png
bangladesh,23.3085_90.2908.png
bangladesh,23.3085_90.2996.png
bangladesh,23.3085_90.3030.png
bangladesh,23.3085_91.0820.png
bangladesh,23.3085_91.1320.png
bangladesh,23.3085_91.1996.png
bangladesh,23.3085_91.2029.png
bangladesh,23.3085_91.2644.png
bangladesh,23.3085_91.2732.png
bangladesh,23.3085_91.2820.png
bangladesh,23.3085_91.2908.png
bangladesh,23.3085_91.8644.png
bangladesh,23.3085_91.9996.png
bangladesh,23.3085_92.0030.png
bangladesh,23.3085_92.0144.png
bangladesh,23.3085_92.0819.png
bangladesh,23.3085_92.1320.png
bangladesh,23.3085_92.2232.png
bangladesh,23.3085_92.2320.png
bangladesh,23.3085_92.2408.png
bangladesh,23.3173_89.2408.png
bangladesh,23.3173_89.3408.png
bangladesh,23.3173_89.5530.png
bangladesh,23.3173_90.2908.png
bangladesh,23.3173_91.0820.png
bangladesh,23.3173_91.1996.png
bangladesh,23.3173_91.2029.png
bangladesh,23.3173_91.8231.png
bangladesh,23.3173_91.8644.png
bangladesh,23.3173_91.9996.png
bangladesh,23.3173_92.0144.png
bangladesh,23.3173_92.0907.png
bangladesh,23.3173_92.1144.png
bangladesh,23.3173_92.1232.png
bangladesh,23.3173_92.2320.png
bangladesh,23.3173_92.2408.png
bangladesh,23.3261_88.7644.png
bangladesh,23.3261_88.7732.png
bangladesh,23.3261_89.1496.png
bangladesh,23.3261_89.1530.png
bangladesh,23.3261_89.2319.png
bangladesh,23.3261_89.2408.png
bangladesh,23.3261_89.5530.png
bangladesh,23.3261_90.1644.png
bangladesh,23.3261_90.2143.png
bangladesh,23.3261_90.2496.png
bangladesh,23.3261_90.2530.png
bangladesh,23.3261_90.8144.png
bangladesh,23.3261_90.8232.png
bangladesh,23.3261_91.1030.png
bangladesh,23.3261_91.8231.png
bangladesh,23.3261_91.8495.png
bangladesh,23.3261_91.9644.png
bangladesh,23.3261_91.9996.png
bangladesh,23.3261_92.0030.png
bangladesh,23.3261_92.0144.png
bangladesh,23.3261_92.0731.png
bangladesh,23.3261_92.0995.png
bangladesh,23.3261_92.1030.png
bangladesh,23.3261_92.1820.png
bangladesh,23.3261_92.2530.png
bangladesh,23.3349_88.9232.png
bangladesh,23.3349_88.9320.png
bangladesh,23.3349_89.1408.png
bangladesh,23.3349_89.1496.png
bangladesh,23.3349_89.1530.png
bangladesh,23.3349_89.2143.png
bangladesh,23.3349_89.2231.png
bangladesh,23.3349_89.2996.png
bangladesh,23.3349_89.3030.png
bangladesh,23.3349_90.1320.png
bangladesh,23.3349_90.1408.png
bangladesh,23.3349_90.1496.png
bangladesh,23.3349_90.1530.png
bangladesh,23.3349_90.1644.png
bangladesh,23.3349_90.1996.png
bangladesh,23.3349_90.2029.png
bangladesh,23.3349_90.2143.png
bangladesh,23.3349_90.3996.png
bangladesh,23.3349_90.8144.png
bangladesh,23.3349_90.8232.png
bangladesh,23.3349_91.0996.png
bangladesh,23.3349_91.1030.png
bangladesh,23.3349_91.2232.png
bangladesh,23.3349_91.2320.png
bangladesh,23.3349_91.8407.png
bangladesh,23.3349_91.8530.png
bangladesh,23.3349_91.9529.png
bangladesh,23.3349_91.9644.png
bangladesh,23.3349_91.9732.png
bangladesh,23.3349_91.9820.png
bangladesh,23.3349_92.0731.png
bangladesh,23.3349_92.0819.png
bangladesh,23.3349_92.0907.png
bangladesh,23.3349_92.1232.png
bangladesh,23.3349_92.1320.png
bangladesh,23.3349_92.1820.png
bangladesh,23.3349_92.1908.png
bangladesh,23.3349_92.2408.png
bangladesh,23.3463_88.9144.png
bangladesh,23.3463_89.3320.png
bangladesh,23.3463_89.3408.png
bangladesh,23.3463_89.5232.png
bangladesh,23.3463_89.5320.png
bangladesh,23.3463_90.2996.png
bangladesh,23.3463_90.3030.png
bangladesh,23.3463_90.6996.png
bangladesh,23.3463_90.7029.png
bangladesh,23.3463_91.1408.png
bangladesh,23.3463_91.1496.png
bangladesh,23.3463_91.1530.png
bangladesh,23.3463_91.2644.png
bangladesh,23.3463_91.8495.png
bangladesh,23.3463_91.9496.png
bangladesh,23.3463_91.9908.png
bangladesh,23.3463_92.0144.png
bangladesh,23.3463_92.0731.png
bangladesh,23.3463_92.0819.png
bangladesh,23.3463_92.0907.png
bangladesh,23.3463_92.0995.png
bangladesh,23.3463_92.1030.png
bangladesh,23.3463_92.1144.png
bangladesh,23.3463_92.1232.png
bangladesh,23.3463_92.1320.png
bangladesh,23.3463_92.2320.png
bangladesh,23.3463_92.2408.png
bangladesh,23.3497_88.9144.png
bangladesh,23.3497_89.2319.png
bangladesh,23.3497_89.3408.png
bangladesh,23.3497_89.3496.png
bangladesh,23.3497_89.5232.png
bangladesh,23.3497_89.5320.png
bangladesh,23.3497_90.6996.png
bangladesh,23.3497_90.7029.png
bangladesh,23.3497_91.1408.png
bangladesh,23.3497_91.1496.png
bangladesh,23.3497_91.1530.png
bangladesh,23.3497_91.2644.png
bangladesh,23.3497_91.8495.png
bangladesh,23.3497_91.8530.png
bangladesh,23.3497_91.9496.png
bangladesh,23.3497_91.9529.png
bangladesh,23.3497_91.9996.png
bangladesh,23.3497_92.0030.png
bangladesh,23.3497_92.0731.png
bangladesh,23.3497_92.0819.png
bangladesh,23.3497_92.0995.png
bangladesh,23.3497_92.1030.png
bangladesh,23.3585_89.2319.png
bangladesh,23.3585_89.3408.png
bangladesh,23.3585_89.3496.png
bangladesh,23.3585_89.5320.png
bangladesh,23.3585_89.5408.png
bangladesh,23.3585_90.2029.png
bangladesh,23.3585_90.5996.png
bangladesh,23.3585_90.7320.png
bangladesh,23.3585_91.1408.png
bangladesh,23.3585_91.2496.png
bangladesh,23.3585_91.2530.png
bangladesh,23.3585_91.8908.png
bangladesh,23.3585_91.8996.png
bangladesh,23.3585_92.0030.png
bangladesh,23.3585_92.0819.png
bangladesh,23.3585_92.0907.png
bangladesh,23.3585_92.1144.png
bangladesh,23.3585_92.1320.png
bangladesh,23.3585_92.1644.png
bangladesh,23.3673_89.2408.png
bangladesh,23.3673_90.0408.png
bangladesh,23.3673_90.0496.png
bangladesh,23.3673_90.0644.png
bangladesh,23.3673_90.2029.png
bangladesh,23.3673_90.5996.png
bangladesh,23.3673_90.7320.png
bangladesh,23.3673_91.0820.png
bangladesh,23.3673_91.0908.png
bangladesh,23.3673_91.2408.png
bangladesh,23.3673_91.8530.png
bangladesh,23.3673_91.8908.png
bangladesh,23.3673_91.8996.png
bangladesh,23.3673_92.0819.png
bangladesh,23.3673_92.0907.png
bangladesh,23.3673_92.0995.png
bangladesh,23.3673_92.1144.png
bangladesh,23.3673_92.1232.png
bangladesh,23.3673_92.1320.png
bangladesh,23.3673_92.1644.png
bangladesh,23.3761_89.2319.png
bangladesh,23.3761_89.2408.png
bangladesh,23.3761_89.7496.png
bangladesh,23.3761_89.7820.png
bangladesh,23.3761_89.7908.png
bangladesh,23.3761_90.0408.png
bangladesh,23.3761_90.0496.png
bangladesh,23.3761_90.3908.png
bangladesh,23.3761_90.6996.png
bangladesh,23.3761_90.7029.png
bangladesh,23.3761_91.0820.png
bangladesh,23.3761_91.0908.png
bangladesh,23.3761_91.1644.png
bangladesh,23.3761_91.2408.png
bangladesh,23.3761_91.8495.png
bangladesh,23.3761_91.9908.png
bangladesh,23.3761_92.0643.png
bangladesh,23.3761_92.0819.png
bangladesh,23.3761_92.0907.png
bangladesh,23.3761_92.1144.png
bangladesh,23.3761_92.1644.png
bangladesh,23.3849_89.1320.png
bangladesh,23.3849_89.1408.png
bangladesh,23.3849_89.6144.png
bangladesh,23.3849_89.6232.png
bangladesh,23.3849_89.6908.png
bangladesh,23.3849_89.6996.png
bangladesh,23.3849_89.7496.png
bangladesh,23.3849_89.7820.png
bangladesh,23.3849_89.7908.png
bangladesh,23.3849_90.3732.png
bangladesh,23.3849_91.1644.png
bangladesh,23.3849_91.2408.png
bangladesh,23.3849_91.8407.png
bangladesh,23.3849_91.9908.png
bangladesh,23.3849_92.0320.png
bangladesh,23.3849_92.0408.png
bangladesh,23.3849_92.0529.png
bangladesh,23.3849_92.0731.png
bangladesh,23.3849_92.1232.png
bangladesh,23.3849_92.1530.png
bangladesh,23.3849_92.1644.png
bangladesh,23.3849_92.1732.png
bangladesh,23.3963_88.8908.png
bangladesh,23.3963_88.8996.png
bangladesh,23.3963_88.9030.png
bangladesh,23.3963_88.9496.png
bangladesh,23.3963_88.9529.png
bangladesh,23.3963_89.0644.png
bangladesh,23.3963_89.0908.png
bangladesh,23.3963_89.1144.png
bangladesh,23.3963_89.1232.png
bangladesh,23.3963_89.1530.png
bangladesh,23.3963_89.5820.png
bangladesh,23.3963_89.5908.png
bangladesh,23.3963_89.7408.png
bangladesh,23.3963_90.3820.png
bangladesh,23.3963_90.3908.png
bangladesh,23.3963_90.7496.png
bangladesh,23.3963_90.7530.png
bangladesh,23.3963_91.0820.png
bangladesh,23.3963_91.0908.png
bangladesh,23.3963_91.2320.png
bangladesh,23.3963_91.8530.png
bangladesh,23.3963_92.0408.png
bangladesh,23.3963_92.0496.png
bangladesh,23.3963_92.0529.png
bangladesh,23.3963_92.0643.png
bangladesh,23.3963_92.0731.png
bangladesh,23.3963_92.1144.png
bangladesh,23.3963_92.1232.png
bangladesh,23.3963_92.1496.png
bangladesh,23.3963_92.1644.png
bangladesh,23.3963_92.2408.png
bangladesh,23.3996_88.8144.png
bangladesh,23.3996_88.8732.png
bangladesh,23.3996_88.8820.png
bangladesh,23.3996_88.8908.png
bangladesh,23.3996_88.9496.png
bangladesh,23.3996_88.9529.png
bangladesh,23.3996_89.0232.png
bangladesh,23.3996_89.0644.png
bangladesh,23.3996_89.0908.png
bangladesh,23.3996_89.1144.png
bangladesh,23.3996_89.1232.png
bangladesh,23.3996_89.1530.png
bangladesh,23.3996_89.4643.png
bangladesh,23.3996_89.5530.png
bangladesh,23.3996_89.6732.png
bangladesh,23.3996_89.7408.png
bangladesh,23.3996_90.3732.png
bangladesh,23.3996_90.7496.png
bangladesh,23.3996_90.7530.png
bangladesh,23.3996_91.0820.png
bangladesh,23.3996_91.0908.png
bangladesh,23.3996_91.2320.png
bangladesh,23.3996_91.8530.png
bangladesh,23.3996_92.0496.png
bangladesh,23.3996_92.0643.png
bangladesh,23.3996_92.0819.png
bangladesh,23.3996_92.1144.png
bangladesh,23.3996_92.1232.png
bangladesh,23.3996_92.1320.png
bangladesh,23.3996_92.1644.png
bangladesh,23.3996_92.2232.png
bangladesh,23.3996_92.2320.png
bangladesh,23.3996_92.2408.png
bangladesh,23.3996_92.2496.png
bangladesh,23.3996_92.2530.png
bangladesh,23.4084_88.8144.png
bangladesh,23.4084_88.8732.png
bangladesh,23.4084_88.8820.png
bangladesh,23.4084_89.0232.png
bangladesh,23.4084_89.1144.png
bangladesh,23.4084_89.1232.png
bangladesh,23.4084_89.4643.png
bangladesh,23.4084_89.5530.png
bangladesh,23.4084_89.5732.png
bangladesh,23.4084_89.6732.png
bangladesh,23.4084_90.1732.png
bangladesh,23.4084_90.1820.png
bangladesh,23.4084_90.9908.png
bangladesh,23.4084_90.9996.png
bangladesh,23.4084_91.9732.png
bangladesh,23.4084_91.9820.png
bangladesh,23.4084_92.0144.png
bangladesh,23.4084_92.0232.png
bangladesh,23.4084_92.0320.png
bangladesh,23.4084_92.0496.png
bangladesh,23.4084_92.0529.png
bangladesh,23.4084_92.0643.png
bangladesh,23.4084_92.0731.png
bangladesh,23.4084_92.1144.png
bangladesh,23.4084_92.1232.png
bangladesh,23.4084_92.1732.png
bangladesh,23.4172_88.8408.png
bangladesh,23.4172_89.5732.png
bangladesh,23.4172_89.6732.png
bangladesh,23.4172_90.1732.png
bangladesh,23.4172_90.1820.png
bangladesh,23.4172_90.3732.png
bangladesh,23.4172_90.7496.png
bangladesh,23.4172_90.7530.png
bangladesh,23.4172_90.9408.png
bangladesh,23.4172_92.0320.png
bangladesh,23.4172_92.0408.png
bangladesh,23.4172_92.0496.png
bangladesh,23.4172_92.0529.png
bangladesh,23.4172_92.0643.png
bangladesh,23.4172_92.0731.png
bangladesh,23.4172_92.1144.png
bangladesh,23.4172_92.1320.png
bangladesh,23.4172_92.1496.png
bangladesh,23.4172_92.1644.png
bangladesh,23.4172_92.2232.png
bangladesh,23.4260_88.8408.png
bangladesh,23.4260_88.8996.png
bangladesh,23.4260_88.9030.png
bangladesh,23.4260_89.1644.png
bangladesh,23.4260_89.5408.png
bangladesh,23.4260_89.5496.png
bangladesh,23.4260_89.5530.png
bangladesh,23.4260_89.6496.png
bangladesh,23.4260_89.6530.png
bangladesh,23.4260_89.6732.png
bangladesh,23.4260_90.3530.png
bangladesh,23.4260_90.5820.png
bangladesh,23.4260_90.7232.png
bangladesh,23.4260_90.7320.png
bangladesh,23.4260_90.7496.png
bangladesh,23.4260_90.7530.png
bangladesh,23.4260_90.9408.png
bangladesh,23.4260_91.2232.png
bangladesh,23.4260_91.2320.png
bangladesh,23.4260_91.2408.png
bangladesh,23.4260_91.9820.png
bangladesh,23.4260_91.9908.png
bangladesh,23.4260_92.0144.png
bangladesh,23.4260_92.0232.png
bangladesh,23.4260_92.0408.png
bangladesh,23.4260_92.0496.png
bangladesh,23.4260_92.0529.png
bangladesh,23.4260_92.0731.png
bangladesh,23.4260_92.0819.png
bangladesh,23.4260_92.0995.png
bangladesh,23.4260_92.1030.png
bangladesh,23.4260_92.1144.png
bangladesh,23.4260_92.1644.png
bangladesh,23.4260_92.1732.png
bangladesh,23.4260_92.2732.png
bangladesh,23.4348_88.8996.png
bangladesh,23.4348_88.9030.png
bangladesh,23.4348_89.1644.png
bangladesh,23.4348_89.4320.png
bangladesh,23.4348_89.4408.png
bangladesh,23.4348_89.5408.png
bangladesh,23.4348_89.5496.png
bangladesh,23.4348_89.6496.png
bangladesh,23.4348_89.6530.png
bangladesh,23.4348_90.3644.png
bangladesh,23.4348_91.0996.png
bangladesh,23.4348_91.1030.png
bangladesh,23.4348_91.1496.png
bangladesh,23.4348_91.1530.png
bangladesh,23.4348_91.2408.png
bangladesh,23.4348_91.9820.png
bangladesh,23.4348_92.0144.png
bangladesh,23.4348_92.0320.png
bangladesh,23.4348_92.0408.png
bangladesh,23.4348_92.0731.png
bangladesh,23.4348_92.1030.png
bangladesh,23.4348_92.1144.png
bangladesh,23.4348_92.1408.png
bangladesh,23.4348_92.1530.png
bangladesh,23.4348_92.1732.png
bangladesh,23.4348_92.2320.png
bangladesh,23.4463_88.8232.png
bangladesh,23.4463_89.0908.png
bangladesh,23.4463_89.0996.png
bangladesh,23.4463_89.1320.png
bangladesh,23.4463_89.1408.png
bangladesh,23.4463_89.3996.png
bangladesh,23.4463_89.4030.png
bangladesh,23.4463_89.4731.png
bangladesh,23.4463_89.8732.png
bangladesh,23.4463_89.8820.png
bangladesh,23.4463_90.2231.png
bangladesh,23.4463_90.2320.png
bangladesh,23.4463_90.5820.png
bangladesh,23.4463_90.7143.png
bangladesh,23.4463_90.9144.png
bangladesh,23.4463_91.1644.png
bangladesh,23.4463_91.2232.png
bangladesh,23.4463_91.2320.png
bangladesh,23.4463_92.0144.png
bangladesh,23.4463_92.0320.png
bangladesh,23.4463_92.0408.png
bangladesh,23.4463_92.0496.png
bangladesh,23.4463_92.0643.png
bangladesh,23.4463_92.0731.png
bangladesh,23.4463_92.0819.png
bangladesh,23.4463_92.0995.png
bangladesh,23.4463_92.1320.png
bangladesh,23.4463_92.1530.png
bangladesh,23.4463_92.2029.png
bangladesh,23.4463_92.2320.png
bangladesh,23.4463_92.2408.png
bangladesh,23.4497_88.8232.png
bangladesh,23.4497_88.9643.png
bangladesh,23.4497_89.0908.png
bangladesh,23.4497_89.0996.png
bangladesh,23.4497_89.1408.png
bangladesh,23.4497_89.4731.png
bangladesh,23.4497_89.8732.png
bangladesh,23.4497_89.8820.png
bangladesh,23.4497_90.1732.png
bangladesh,23.4497_90.2143.png
bangladesh,23.4497_90.2320.png
bangladesh,23.4497_90.3030.png
bangladesh,23.4497_90.5820.png
bangladesh,23.4497_90.7143.png
bangladesh,23.4497_90.9144.png
bangladesh,23.4497_91.1644.png
bangladesh,23.4497_91.2232.png
bangladesh,23.4497_92.0320.png
bangladesh,23.4497_92.0496.png
bangladesh,23.4497_92.0643.png
bangladesh,23.4497_92.0731.png
bangladesh,23.4497_92.1232.png
bangladesh,23.4497_92.1496.png
bangladesh,23.4497_92.1530.png
bangladesh,23.4497_92.1644.png
bangladesh,23.4497_92.2029.png
bangladesh,23.4497_92.2144.png
bangladesh,23.4497_92.2232.png
bangladesh,23.4497_92.2320.png
bangladesh,23.4585_88.9529.png
bangladesh,23.4585_88.9643.png
bangladesh,23.4585_89.6732.png
bangladesh,23.4585_90.2496.png
bangladesh,23.4585_90.2644.png
bangladesh,23.4585_90.9996.png
bangladesh,23.4585_91.0030.png
bangladesh,23.4585_91.0996.png
bangladesh,23.4585_91.1030.png
bangladesh,23.4585_91.1408.png
bangladesh,23.4585_91.1496.png
bangladesh,23.4585_91.1530.png
bangladesh,23.4585_91.9820.png
bangladesh,23.4585_92.0232.png
bangladesh,23.4585_92.0408.png
bangladesh,23.4585_92.0643.png
bangladesh,23.4585_92.1144.png
bangladesh,23.4585_92.1232.png
bangladesh,23.4585_92.1408.png
bangladesh,23.4585_92.1530.png
bangladesh,23.4585_92.1644.png
bangladesh,23.4585_92.2232.png
bangladesh,23.4673_88.8529.png
bangladesh,23.4673_88.9529.png
bangladesh,23.4673_89.4320.png
bangladesh,23.4673_89.5820.png
bangladesh,23.4673_89.6732.png
bangladesh,23.4673_90.1732.png
bangladesh,23.4673_90.5820.png
bangladesh,23.4673_90.9732.png
bangladesh,23.4673_90.9820.png
bangladesh,23.4673_91.0496.png
bangladesh,23.4673_91.0530.png
bangladesh,23.4673_91.0732.png
bangladesh,23.4673_91.1320.png
bangladesh,23.4673_91.1408.png
bangladesh,23.4673_91.1496.png
bangladesh,23.4673_91.1530.png
bangladesh,23.4673_91.9820.png
bangladesh,23.4673_92.0320.png
bangladesh,23.4673_92.0496.png
bangladesh,23.4673_92.0643.png
bangladesh,23.4673_92.0731.png
bangladesh,23.4673_92.0819.png
bangladesh,23.4673_92.0907.png
bangladesh,23.4673_92.1030.png
bangladesh,23.4673_92.1232.png
bangladesh,23.4673_92.1408.png
bangladesh,23.4673_92.1530.png
bangladesh,23.4673_92.1644.png
bangladesh,23.4673_92.1732.png
bangladesh,23.4673_92.1908.png
bangladesh,23.4673_92.2029.png
bangladesh,23.4673_92.2820.png
bangladesh,23.4673_92.2908.png
bangladesh,23.4761_88.8529.png
bangladesh,23.4761_88.8644.png
bangladesh,23.4761_88.8732.png
bangladesh,23.4761_88.9144.png
bangladesh,23.4761_89.3732.png
bangladesh,23.4761_89.4320.png
bangladesh,23.4761_89.5320.png
bangladesh,23.4761_89.5408.png
bangladesh,23.4761_89.9820.png
bangladesh,23.4761_90.0232.png
bangladesh,23.4761_90.0320.png
bangladesh,23.4761_90.0408.png
bangladesh,23.4761_90.5820.png
bangladesh,23.4761_91.0496.png
bangladesh,23.4761_91.0530.png
bangladesh,23.4761_91.0732.png
bangladesh,23.4761_91.0996.png
bangladesh,23.4761_91.1030.png
bangladesh,23.4761_91.1996.png
bangladesh,23.4761_91.2029.png
bangladesh,23.4761_92.0144.png
bangladesh,23.4761_92.0320.png
bangladesh,23.4761_92.0529.png
bangladesh,23.4761_92.0643.png
bangladesh,23.4761_92.0731.png
bangladesh,23.4761_92.0995.png
bangladesh,23.4761_92.1030.png
bangladesh,23.4761_92.1232.png
bangladesh,23.4761_92.1908.png
bangladesh,23.4761_92.1996.png
bangladesh,23.4761_92.2232.png
bangladesh,23.4761_92.2820.png
bangladesh,23.4761_92.2908.png
bangladesh,23.4849_88.9144.png
bangladesh,23.4849_89.0496.png
bangladesh,23.4849_89.0530.png
bangladesh,23.4849_89.3732.png
bangladesh,23.4849_89.5320.png
bangladesh,23.4849_89.9820.png
bangladesh,23.4849_90.0232.png
bangladesh,23.4849_90.0408.png
bangladesh,23.4849_90.5820.png
bangladesh,23.4849_91.1996.png
bangladesh,23.4849_91.2029.png
bangladesh,23.4849_92.0030.png
bangladesh,23.4849_92.0144.png
bangladesh,23.4849_92.0320.png
bangladesh,23.4849_92.0496.png
bangladesh,23.4849_92.0643.png
bangladesh,23.4849_92.0731.png
bangladesh,23.4849_92.0995.png
bangladesh,23.4849_92.1144.png
bangladesh,23.4849_92.1232.png
bangladesh,23.4849_92.1496.png
bangladesh,23.4849_92.1996.png
bangladesh,23.4849_92.2530.png
bangladesh,23.4849_92.2644.png
bangladesh,23.4849_92.2908.png
bangladesh,23.4963_88.9144.png
bangladesh,23.4963_89.1029.png
bangladesh,23.4963_89.4496.png
bangladesh,23.4963_89.4529.png
bangladesh,23.4963_89.4643.png
bangladesh,23.4963_89.4731.png
bangladesh,23.4963_89.4819.png
bangladesh,23.4963_90.1030.png
bangladesh,23.4963_90.8030.png
bangladesh,23.4963_90.9496.png
bangladesh,23.4963_90.9529.png
bangladesh,23.4963_90.9732.png
bangladesh,23.4963_90.9820.png
bangladesh,23.4963_91.1496.png
bangladesh,23.4963_91.1530.png
bangladesh,23.4963_91.1996.png
bangladesh,23.4963_92.0144.png
bangladesh,23.4963_92.0232.png
bangladesh,23.4963_92.0643.png
bangladesh,23.4963_92.0819.png
bangladesh,23.4963_92.0907.png
bangladesh,23.4963_92.0995.png
bangladesh,23.4963_92.1144.png
bangladesh,23.4963_92.1232.png
bangladesh,23.4963_92.1320.png
bangladesh,23.4963_92.1408.png
bangladesh,23.4963_92.1496.png
bangladesh,23.4963_92.1530.png
bangladesh,23.4963_92.1644.png
bangladesh,23.4963_92.2029.png
bangladesh,23.4963_92.2144.png
bangladesh,23.4963_92.2644.png
bangladesh,23.4963_92.2820.png
bangladesh,23.4996_88.9144.png
bangladesh,23.4996_88.9232.png
bangladesh,23.4996_89.4496.png
bangladesh,23.4996_89.4529.png
bangladesh,23.4996_89.4643.png
bangladesh,23.4996_89.4731.png
bangladesh,23.4996_89.4819.png
bangladesh,23.4996_90.1030.png
bangladesh,23.4996_90.1320.png
bangladesh,23.4996_90.1644.png
bangladesh,23.4996_90.1732.png
bangladesh,23.4996_90.8030.png
bangladesh,23.4996_90.9496.png
bangladesh,23.4996_90.9529.png
bangladesh,23.4996_90.9732.png
bangladesh,23.4996_90.9820.png
bangladesh,23.4996_91.1496.png
bangladesh,23.4996_91.1530.png
bangladesh,23.4996_91.1996.png
bangladesh,23.4996_92.0232.png
bangladesh,23.4996_92.0408.png
bangladesh,23.4996_92.0496.png
bangladesh,23.4996_92.0529.png
bangladesh,23.4996_92.0731.png
bangladesh,23.4996_92.1030.png
bangladesh,23.4996_92.1232.png
bangladesh,23.4996_92.1496.png
bangladesh,23.4996_92.1644.png
bangladesh,23.4996_92.1732.png
bangladesh,23.4996_92.2029.png
bangladesh,23.4996_92.2320.png
bangladesh,23.4996_92.2408.png
bangladesh,23.4996_92.2732.png
bangladesh,23.4996_92.2820.png
bangladesh,23.5084_88.9232.png
bangladesh,23.5084_89.4731.png
bangladesh,23.5084_89.4819.png
bangladesh,23.5084_90.0996.png
bangladesh,23.5084_91.0908.png
bangladesh,23.5084_91.0996.png
bangladesh,23.5084_91.1030.png
bangladesh,23.5084_91.1496.png
bangladesh,23.5084_91.1530.png
bangladesh,23.5084_91.1908.png
bangladesh,23.5084_92.0030.png
bangladesh,23.5084_92.0320.png
bangladesh,23.5084_92.0529.png
bangladesh,23.5084_92.0731.png
bangladesh,23.5084_92.0995.png
bangladesh,23.5084_92.1144.png
bangladesh,23.5084_92.1232.png
bangladesh,23.5084_92.1320.png
bangladesh,23.5084_92.1408.png
bangladesh,23.5084_92.1732.png
bangladesh,23.5084_92.1820.png
bangladesh,23.5084_92.1908.png
bangladesh,23.5084_92.2029.png
bangladesh,23.5084_92.2144.png
bangladesh,23.5084_92.2232.png
bangladesh,23.5084_92.2530.png
bangladesh,23.5084_92.2820.png
bangladesh,23.5172_88.7996.png
bangladesh,23.5172_88.8030.png
bangladesh,23.5172_88.9232.png
bangladesh,23.5172_88.9320.png
bangladesh,23.5172_89.1996.png
bangladesh,23.5172_89.2029.png
bangladesh,23.5172_89.4731.png
bangladesh,23.5172_89.8644.png
bangladesh,23.5172_89.8732.png
bangladesh,23.5172_90.0644.png
bangladesh,23.5172_90.0732.png
bangladesh,23.5172_90.8820.png
bangladesh,23.5172_90.9320.png
bangladesh,23.5172_90.9408.png
bangladesh,23.5172_91.0030.png
bangladesh,23.5172_91.0144.png
bangladesh,23.5172_91.0644.png
bangladesh,23.5172_91.1908.png
bangladesh,23.5172_91.9644.png
bangladesh,23.5172_91.9996.png
bangladesh,23.5172_92.0030.png
bangladesh,23.5172_92.0320.png
bangladesh,23.5172_92.0496.png
bangladesh,23.5172_92.1320.png
bangladesh,23.5172_92.1408.png
bangladesh,23.5172_92.1496.png
bangladesh,23.5172_92.1530.png
bangladesh,23.5172_92.1908.png
bangladesh,23.5172_92.1996.png
bangladesh,23.5172_92.2144.png
bangladesh,23.5172_92.2232.png
bangladesh,23.5260_88.9819.png
bangladesh,23.5260_88.9908.png
bangladesh,23.5260_89.0144.png
bangladesh,23.5260_89.0232.png
bangladesh,23.5260_89.1320.png
bangladesh,23.5260_89.1408.png
bangladesh,23.5260_89.3232.png
bangladesh,23.5260_89.3320.png
bangladesh,23.5260_89.4731.png
bangladesh,23.5260_90.8732.png
bangladesh,23.5260_90.8820.png
bangladesh,23.5260_91.0644.png
bangladesh,23.5260_91.9644.png
bangladesh,23.5260_92.0030.png
bangladesh,23.5260_92.0144.png
bangladesh,23.5260_92.0408.png
bangladesh,23.5260_92.0529.png
bangladesh,23.5260_92.0643.png
bangladesh,23.5260_92.0819.png
bangladesh,23.5260_92.1144.png
bangladesh,23.5260_92.1232.png
bangladesh,23.5260_92.1320.png
bangladesh,23.5260_92.1732.png
bangladesh,23.5260_92.1820.png
bangladesh,23.5260_92.2029.png
bangladesh,23.5260_92.2820.png
bangladesh,23.5260_92.2908.png
bangladesh,23.5348_89.0144.png
bangladesh,23.5348_89.0232.png
bangladesh,23.5348_89.1496.png
bangladesh,23.5348_89.1530.png
bangladesh,23.5348_89.3408.png
bangladesh,23.5348_89.3496.png
bangladesh,23.5348_89.6144.png
bangladesh,23.5348_89.8644.png
bangladesh,23.5348_89.8732.png
bangladesh,23.5348_91.0732.png
bangladesh,23.5348_91.0820.png
bangladesh,23.5348_91.9996.png
bangladesh,23.5348_92.0144.png
bangladesh,23.5348_92.0320.png
bangladesh,23.5348_92.0731.png
bangladesh,23.5348_92.0819.png
bangladesh,23.5348_92.1030.png
bangladesh,23.5348_92.1232.png
bangladesh,23.5348_92.1644.png
bangladesh,23.5348_92.1732.png
bangladesh,23.5348_92.2029.png
bangladesh,23.5348_92.2144.png
bangladesh,23.5348_92.2530.png
bangladesh,23.5348_92.2820.png
bangladesh,23.5348_92.2908.png
bangladesh,23.5348_92.2996.png
bangladesh,23.5348_92.3029.png
bangladesh,23.5462_88.8144.png
bangladesh,23.5462_89.1232.png
bangladesh,23.5462_89.2143.png
bangladesh,23.5462_89.2319.png
bangladesh,23.5462_89.2408.png
bangladesh,23.5462_89.8644.png
bangladesh,23.5462_90.0144.png
bangladesh,23.5462_90.1732.png
bangladesh,23.5462_90.9320.png
bangladesh,23.5462_90.9408.png
bangladesh,23.5462_91.1320.png
bangladesh,23.5462_92.0232.png
bangladesh,23.5462_92.0320.png
bangladesh,23.5462_92.0529.png
bangladesh,23.5462_92.0643.png
bangladesh,23.5462_92.0731.png
bangladesh,23.5462_92.0819.png
bangladesh,23.5462_92.0907.png
bangladesh,23.5462_92.1144.png
bangladesh,23.5462_92.1408.png
bangladesh,23.5462_92.1496.png
bangladesh,23.5462_92.1530.png
bangladesh,23.5462_92.1644.png
bangladesh,23.5462_92.1820.png
bangladesh,23.5462_92.1996.png
bangladesh,23.5462_92.2029.png
bangladesh,23.5462_92.2232.png
bangladesh,23.5462_92.2732.png
bangladesh,23.5462_92.2908.png
bangladesh,23.5496_88.8144.png
bangladesh,23.5496_88.8908.png
bangladesh,23.5496_89.1232.png
bangladesh,23.5496_89.2143.png
bangladesh,23.5496_89.2319.png
bangladesh,23.5496_89.2408.png
bangladesh,23.5496_89.2644.png
bangladesh,23.5496_89.7732.png
bangladesh,23.5496_89.7908.png
bangladesh,23.5496_89.8644.png
bangladesh,23.5496_90.0144.png
bangladesh,23.5496_90.0644.png
bangladesh,23.5496_90.1144.png
bangladesh,23.5496_90.1732.png
bangladesh,23.5496_91.1320.png
bangladesh,23.5496_91.9996.png
bangladesh,23.5496_92.0232.png
bangladesh,23.5496_92.0320.png
bangladesh,23.5496_92.0496.png
bangladesh,23.5496_92.0643.png
bangladesh,23.5496_92.0907.png
bangladesh,23.5496_92.1030.png
bangladesh,23.5496_92.1232.png
bangladesh,23.5496_92.1320.png
bangladesh,23.5496_92.1408.png
bangladesh,23.5496_92.1496.png
bangladesh,23.5496_92.1732.png
bangladesh,23.5496_92.1820.png
bangladesh,23.5496_92.1908.png
bangladesh,23.5496_92.1996.png
bangladesh,23.5496_92.2029.png
bangladesh,23.5496_92.2232.png
bangladesh,23.5496_92.2644.png
bangladesh,23.5496_92.2732.png
bangladesh,23.5496_92.2908.png
bangladesh,23.5496_92.2996.png
bangladesh,23.5496_92.3029.png
bangladesh,23.5585_88.7644.png
bangladesh,23.5585_88.7732.png
bangladesh,23.5585_88.8908.png
bangladesh,23.5585_89.1408.png
bangladesh,23.5585_89.1496.png
bangladesh,23.5585_89.1530.png
bangladesh,23.5585_89.2644.png
bangladesh,23.5585_89.7732.png
bangladesh,23.5585_89.7820.png
bangladesh,23.5585_89.7908.png
bangladesh,23.5585_90.2644.png
bangladesh,23.5585_90.4732.png
bangladesh,23.5585_90.4820.png
bangladesh,23.5585_90.7820.png
bangladesh,23.5585_91.0496.png
bangladesh,23.5585_91.0530.png
bangladesh,23.5585_91.9820.png
bangladesh,23.5585_91.9908.png
bangladesh,23.5585_92.0144.png
bangladesh,23.5585_92.0529.png
bangladesh,23.5585_92.0819.png
bangladesh,23.5585_92.1030.png
bangladesh,23.5585_92.1232.png
bangladesh,23.5585_92.1408.png
bangladesh,23.5585_92.1496.png
bangladesh,23.5585_92.1530.png
bangladesh,23.5585_92.1732.png
bangladesh,23.5585_92.1908.png
bangladesh,23.5585_92.2029.png
bangladesh,23.5585_92.2232.png
bangladesh,23.5585_92.2530.png
bangladesh,23.5585_92.2644.png
bangladesh,23.5585_92.2996.png
bangladesh,23.5585_92.3029.png
bangladesh,23.5673_88.7644.png
bangladesh,23.5673_88.7732.png
bangladesh,23.5673_88.7908.png
bangladesh,23.5673_88.7996.png
bangladesh,23.5673_88.9643.png
bangladesh,23.5673_89.1320.png
bangladesh,23.5673_89.1408.png
bangladesh,23.5673_89.1820.png
bangladesh,23.5673_89.7996.png
bangladesh,23.5673_89.8030.png
bangladesh,23.5673_90.4496.png
bangladesh,23.5673_90.4732.png
bangladesh,23.5673_90.4820.png
bangladesh,23.5673_90.7820.png
bangladesh,23.5673_91.0496.png
bangladesh,23.5673_91.0530.png
bangladesh,23.5673_91.9820.png
bangladesh,23.5673_91.9908.png
bangladesh,23.5673_92.0408.png
bangladesh,23.5673_92.0496.png
bangladesh,23.5673_92.0529.png
bangladesh,23.5673_92.0731.png
bangladesh,23.5673_92.0907.png
bangladesh,23.5673_92.1996.png
bangladesh,23.5673_92.2029.png
bangladesh,23.5673_92.2144.png
bangladesh,23.5673_92.2232.png
bangladesh,23.5673_92.2644.png
bangladesh,23.5673_92.2908.png
bangladesh,23.5761_88.6996.png
bangladesh,23.5761_88.7029.png
bangladesh,23.5761_88.7143.png
bangladesh,23.5761_88.7231.png
bangladesh,23.5761_88.9643.png
bangladesh,23.5761_88.9731.png
bangladesh,23.5761_88.9819.png
bangladesh,23.5761_89.1232.png
bangladesh,23.5761_89.1320.png
bangladesh,23.5761_89.1820.png
bangladesh,23.5761_89.3644.png
bangladesh,23.5761_90.1030.png
bangladesh,23.5761_90.1232.png
bangladesh,23.5761_90.4408.png
bangladesh,23.5761_90.4496.png
bangladesh,23.5761_90.4908.png
bangladesh,23.5761_91.0144.png
bangladesh,23.5761_91.0232.png
bangladesh,23.5761_91.0644.png
bangladesh,23.5761_91.0732.png
bangladesh,23.5761_91.9908.png
bangladesh,23.5761_91.9996.png
bangladesh,23.5761_92.0232.png
bangladesh,23.5761_92.0496.png
bangladesh,23.5761_92.0643.png
bangladesh,23.5761_92.0731.png
bangladesh,23.5761_92.0819.png
bangladesh,23.5761_92.0907.png
bangladesh,23.5761_92.1320.png
bangladesh,23.5761_92.1496.png
bangladesh,23.5761_92.1530.png
bangladesh,23.5761_92.1732.png
bangladesh,23.5761_92.1996.png
bangladesh,23.5761_92.2496.png
bangladesh,23.5761_92.2644.png
bangladesh,23.5761_92.2732.png
bangladesh,23.5761_92.2996.png
bangladesh,23.5849_88.7143.png
bangladesh,23.5849_88.7231.png
bangladesh,23.5849_89.3530.png
bangladesh,23.5849_89.4144.png
bangladesh,23.5849_89.4232.png
bangladesh,23.5849_89.7644.png
bangladesh,23.5849_89.7732.png
bangladesh,23.5849_89.7996.png
bangladesh,23.5849_89.8030.png
bangladesh,23.5849_90.1030.png
bangladesh,23.5849_90.4732.png
bangladesh,23.5849_90.4820.png
bangladesh,23.5849_90.4908.png
bangladesh,23.5849_91.0644.png
bangladesh,23.5849_91.0732.png
bangladesh,23.5849_91.9908.png
bangladesh,23.5849_91.9996.png
bangladesh,23.5849_92.0144.png
bangladesh,23.5849_92.0232.png
bangladesh,23.5849_92.0408.png
bangladesh,23.5849_92.0496.png
bangladesh,23.5849_92.0529.png
bangladesh,23.5849_92.0643.png
bangladesh,23.5849_92.0731.png
bangladesh,23.5849_92.0819.png
bangladesh,23.5849_92.0907.png
bangladesh,23.5849_92.0995.png
bangladesh,23.5849_92.1030.png
bangladesh,23.5849_92.1320.png
bangladesh,23.5849_92.1496.png
bangladesh,23.5849_92.1908.png
bangladesh,23.5849_92.2144.png
bangladesh,23.5849_92.2496.png
bangladesh,23.5849_92.2732.png
bangladesh,23.5849_92.2908.png
bangladesh,23.5849_92.2996.png
bangladesh,23.5963_88.6908.png
bangladesh,23.5963_88.7820.png
bangladesh,23.5963_88.7908.png
bangladesh,23.5963_89.0144.png
bangladesh,23.5963_89.1144.png
bangladesh,23.5963_89.1820.png
bangladesh,23.5963_89.5496.png
bangladesh,23.5963_89.6144.png
bangladesh,23.5963_89.6232.png
bangladesh,23.5963_89.7143.png
bangladesh,23.5963_89.7732.png
bangladesh,23.5963_89.7820.png
bangladesh,23.5963_90.0820.png
bangladesh,23.5963_90.4643.png
bangladesh,23.5963_90.4732.png
bangladesh,23.5963_90.4820.png
bangladesh,23.5963_90.8496.png
bangladesh,23.5963_90.8530.png
bangladesh,23.5963_90.8644.png
bangladesh,23.5963_90.8732.png
bangladesh,23.5963_91.0496.png
bangladesh,23.5963_91.0530.png
bangladesh,23.5963_91.9644.png
bangladesh,23.5963_91.9732.png
bangladesh,23.5963_91.9820.png
bangladesh,23.5963_91.9996.png
bangladesh,23.5963_92.0144.png
bangladesh,23.5963_92.0232.png
bangladesh,23.5963_92.0320.png
bangladesh,23.5963_92.0408.png
bangladesh,23.5963_92.0496.png
bangladesh,23.5963_92.0529.png
bangladesh,23.5963_92.0995.png
bangladesh,23.5963_92.1144.png
bangladesh,23.5963_92.1320.png
bangladesh,23.5963_92.1496.png
bangladesh,23.5963_92.1530.png
bangladesh,23.5963_92.1644.png
bangladesh,23.5963_92.1820.png
bangladesh,23.5963_92.1908.png
bangladesh,23.5963_92.1996.png
bangladesh,23.5963_92.2320.png
bangladesh,23.5963_92.2496.png
bangladesh,23.5963_92.2820.png
bangladesh,23.5997_88.6908.png
bangladesh,23.5997_88.7319.png
bangladesh,23.5997_88.7820.png
bangladesh,23.5997_88.7908.png
bangladesh,23.5997_89.0144.png
bangladesh,23.5997_89.1144.png
bangladesh,23.5997_89.1820.png
bangladesh,23.5997_89.3408.png
bangladesh,23.5997_89.6030.png
bangladesh,23.5997_89.6144.png
bangladesh,23.5997_89.6232.png
bangladesh,23.5997_89.7143.png
bangladesh,23.5997_89.9996.png
bangladesh,23.5997_90.0030.png
bangladesh,23.5997_90.0530.png
bangladesh,23.5997_90.0820.png
bangladesh,23.5997_90.1732.png
bangladesh,23.5997_90.4496.png
bangladesh,23.5997_90.4529.png
bangladesh,23.5997_90.4643.png
bangladesh,23.5997_90.4732.png
bangladesh,23.5997_90.4820.png
bangladesh,23.5997_90.8496.png
bangladesh,23.5997_90.8530.png
bangladesh,23.5997_90.8644.png
bangladesh,23.5997_90.8732.png
bangladesh,23.5997_91.0496.png
bangladesh,23.5997_91.0530.png
bangladesh,23.5997_91.9644.png
bangladesh,23.5997_91.9996.png
bangladesh,23.5997_92.0030.png
bangladesh,23.5997_92.0144.png
bangladesh,23.5997_92.0731.png
bangladesh,23.5997_92.0819.png
bangladesh,23.5997_92.0907.png
bangladesh,23.5997_92.1144.png
bangladesh,23.5997_92.1496.png
bangladesh,23.5997_92.1530.png
bangladesh,23.5997_92.1644.png
bangladesh,23.5997_92.1820.png
bangladesh,23.5997_92.1908.png
bangladesh,23.5997_92.2029.png
bangladesh,23.5997_92.2144.png
bangladesh,23.5997_92.2320.png
bangladesh,23.5997_92.2732.png
bangladesh,23.6085_88.7319.png
bangladesh,23.6085_88.7407.png
bangladesh,23.6085_88.7820.png
bangladesh,23.6085_88.7908.png
bangladesh,23.6085_89.6644.png
bangladesh,23.6085_89.6732.png
bangladesh,23.6085_90.0908.png
bangladesh,23.6085_90.1644.png
bangladesh,23.6085_90.1732.png
bangladesh,23.6085_90.4232.png
bangladesh,23.6085_90.4320.png
bangladesh,23.6085_90.4496.png
bangladesh,23.6085_90.4529.png
bangladesh,23.6085_90.4643.png
bangladesh,23.6085_91.9644.png
bangladesh,23.6085_91.9732.png
bangladesh,23.6085_91.9820.png
bangladesh,23.6085_92.0030.png
bangladesh,23.6085_92.0529.png
bangladesh,23.6085_92.0643.png
bangladesh,23.6085_92.0995.png
bangladesh,23.6085_92.1030.png
bangladesh,23.6085_92.1232.png
bangladesh,23.6085_92.1530.png
bangladesh,23.6085_92.1644.png
bangladesh,23.6085_92.1820.png
bangladesh,23.6085_92.1908.png
bangladesh,23.6085_92.2029.png
bangladesh,23.6085_92.2144.png
bangladesh,23.6173_88.7820.png
bangladesh,23.6173_88.7908.png
bangladesh,23.6173_88.7996.png
bangladesh,23.6173_88.8030.png
bangladesh,23.6173_89.1996.png
bangladesh,23.6173_89.2029.png
bangladesh,23.6173_89.4496.png
bangladesh,23.6173_89.4529.png
bangladesh,23.6173_89.8496.png
bangladesh,23.6173_89.8530.png
bangladesh,23.6173_89.8644.png
bangladesh,23.6173_90.0908.png
bangladesh,23.6173_90.3820.png
bangladesh,23.6173_90.3908.png
bangladesh,23.6173_90.4232.png
bangladesh,23.6173_90.4320.png
bangladesh,23.6173_90.4496.png
bangladesh,23.6173_90.4529.png
bangladesh,23.6173_90.4643.png
bangladesh,23.6173_90.9144.png
bangladesh,23.6173_90.9232.png
bangladesh,23.6173_90.9320.png
bangladesh,23.6173_92.0232.png
bangladesh,23.6173_92.0320.png
bangladesh,23.6173_92.0496.png
bangladesh,23.6173_92.0731.png
bangladesh,23.6173_92.0907.png
bangladesh,23.6173_92.0995.png
bangladesh,23.6173_92.1144.png
bangladesh,23.6173_92.1232.png
bangladesh,23.6173_92.1320.png
bangladesh,23.6173_92.1644.png
bangladesh,23.6173_92.1908.png
bangladesh,23.6173_92.2029.png
bangladesh,23.6173_92.2144.png
bangladesh,23.6173_92.2408.png
bangladesh,23.6261_88.8232.png
bangladesh,23.6261_88.8320.png
bangladesh,23.6261_88.8408.png
bangladesh,23.6261_89.1908.png
bangladesh,23.6261_89.1996.png
bangladesh,23.6261_89.2029.png
bangladesh,23.6261_89.2820.png
bangladesh,23.6261_89.2908.png
bangladesh,23.6261_89.5320.png
bangladesh,23.6261_89.5408.png
bangladesh,23.6261_89.7530.png
bangladesh,23.6261_89.8320.png
bangladesh,23.6261_89.8408.png
bangladesh,23.6261_89.8496.png
bangladesh,23.6261_89.8530.png
bangladesh,23.6261_89.8644.png
bangladesh,23.6261_90.1496.png
bangladesh,23.6261_90.1530.png
bangladesh,23.6261_90.3732.png
bangladesh,23.6261_90.3820.png
bangladesh,23.6261_90.3908.png
bangladesh,23.6261_90.3996.png
bangladesh,23.6261_90.4030.png
bangladesh,23.6261_90.4144.png
bangladesh,23.6261_90.4232.png
bangladesh,23.6261_90.4408.png
bangladesh,23.6261_90.4496.png
bangladesh,23.6261_90.4529.png
bangladesh,23.6261_90.6320.png
bangladesh,23.6261_91.9496.png
bangladesh,23.6261_91.9529.png
bangladesh,23.6261_91.9996.png
bangladesh,23.6261_92.0320.png
bangladesh,23.6261_92.0496.png
bangladesh,23.6261_92.0529.png
bangladesh,23.6261_92.0907.png
bangladesh,23.6261_92.0995.png
bangladesh,23.6261_92.1030.png
bangladesh,23.6261_92.1232.png
bangladesh,23.6261_92.1320.png
bangladesh,23.6261_92.1530.png
bangladesh,23.6261_92.1732.png
bangladesh,23.6261_92.2320.png
bangladesh,23.6261_92.2408.png
bangladesh,23.6349_88.8320.png
bangladesh,23.6349_88.8408.png
bangladesh,23.6349_89.1908.png
bangladesh,23.6349_89.1996.png
bangladesh,23.6349_89.5320.png
bangladesh,23.6349_89.5408.png
bangladesh,23.6349_89.5496.png
bangladesh,23.6349_89.5530.png
bangladesh,23.6349_89.6144.png
bangladesh,23.6349_89.6820.png
bangladesh,23.6349_89.6908.png
bangladesh,23.6349_89.7530.png
bangladesh,23.6349_89.8496.png
bangladesh,23.6349_89.8530.png
bangladesh,23.6349_89.8644.png
bangladesh,23.6349_90.1496.png
bangladesh,23.6349_90.1530.png
bangladesh,23.6349_90.3496.png
bangladesh,23.6349_90.3530.png
bangladesh,23.6349_90.3644.png
bangladesh,23.6349_90.3732.png
bangladesh,23.6349_90.3820.png
bangladesh,23.6349_90.4030.png
bangladesh,23.6349_90.4408.png
bangladesh,23.6349_90.4496.png
bangladesh,23.6349_90.4529.png
bangladesh,23.6349_90.4643.png
bangladesh,23.6349_90.9496.png
bangladesh,23.6349_90.9529.png
bangladesh,23.6349_91.9996.png
bangladesh,23.6349_92.0030.png
bangladesh,23.6349_92.0320.png
bangladesh,23.6349_92.0408.png
bangladesh,23.6349_92.0496.png
bangladesh,23.6349_92.0643.png
bangladesh,23.6349_92.0819.png
bangladesh,23.6349_92.0907.png
bangladesh,23.6349_92.1232.png
bangladesh,23.6349_92.1320.png
bangladesh,23.6349_92.1408.png
bangladesh,23.6349_92.1644.png
bangladesh,23.6349_92.1908.png
bangladesh,23.6349_92.2029.png
bangladesh,23.6349_92.2232.png
bangladesh,23.6349_92.2320.png
bangladesh,23.6349_92.2408.png
bangladesh,23.6349_92.2644.png
bangladesh,23.6349_92.2732.png
bangladesh,23.6463_88.6408.png
bangladesh,23.6463_88.6496.png
bangladesh,23.6463_88.6732.png
bangladesh,23.6463_89.5530.png
bangladesh,23.6463_89.7143.png
bangladesh,23.6463_89.8496.png
bangladesh,23.6463_89.8530.png
bangladesh,23.6463_90.0232.png
bangladesh,23.6463_90.1232.png
bangladesh,23.6463_90.3732.png
bangladesh,23.6463_90.3820.png
bangladesh,23.6463_90.3996.png
bangladesh,23.6463_90.4030.png
bangladesh,23.6463_90.4320.png
bangladesh,23.6463_90.4408.png
bangladesh,23.6463_90.4732.png
bangladesh,23.6463_90.5320.png
bangladesh,23.6463_90.5408.png
bangladesh,23.6463_90.5496.png
bangladesh,23.6463_90.5530.png
bangladesh,23.6463_90.8908.png
bangladesh,23.6463_90.9144.png
bangladesh,23.6463_90.9408.png
bangladesh,23.6463_90.9496.png
bangladesh,23.6463_90.9529.png
bangladesh,23.6463_90.9732.png
bangladesh,23.6463_91.1496.png
bangladesh,23.6463_91.9496.png
bangladesh,23.6463_91.9529.png
bangladesh,23.6463_91.9732.png
bangladesh,23.6463_91.9820.png
bangladesh,23.6463_91.9996.png
bangladesh,23.6463_92.0030.png
bangladesh,23.6463_92.0529.png
bangladesh,23.6463_92.0731.png
bangladesh,23.6463_92.1030.png
bangladesh,23.6463_92.1144.png
bangladesh,23.6463_92.1496.png
bangladesh,23.6463_92.1530.png
bangladesh,23.6463_92.1732.png
bangladesh,23.6463_92.1820.png
bangladesh,23.6463_92.1908.png
bangladesh,23.6463_92.1996.png
bangladesh,23.6463_92.2029.png
bangladesh,23.6463_92.2144.png
bangladesh,23.6463_92.2496.png
bangladesh,23.6463_92.2530.png
bangladesh,23.6463_92.2644.png
bangladesh,23.6496_88.5644.png
bangladesh,23.6496_88.6408.png
bangladesh,23.6496_88.6496.png
bangladesh,23.6496_88.6732.png
bangladesh,23.6496_89.5408.png
bangladesh,23.6496_89.5496.png
bangladesh,23.6496_89.5530.png
bangladesh,23.6496_89.7029.png
bangladesh,23.6496_89.7143.png
bangladesh,23.6496_89.8496.png
bangladesh,23.6496_89.8530.png
bangladesh,23.6496_90.1232.png
bangladesh,23.6496_90.3996.png
bangladesh,23.6496_90.4030.png
bangladesh,23.6496_90.4643.png
bangladesh,23.6496_90.4732.png
bangladesh,23.6496_90.5320.png
bangladesh,23.6496_90.5408.png
bangladesh,23.6496_90.5496.png
bangladesh,23.6496_90.5530.png
bangladesh,23.6496_90.8908.png
bangladesh,23.6496_90.9144.png
bangladesh,23.6496_90.9496.png
bangladesh,23.6496_90.9529.png
bangladesh,23.6496_90.9732.png
bangladesh,23.6496_91.1496.png
bangladesh,23.6496_91.9496.png
bangladesh,23.6496_91.9644.png
bangladesh,23.6496_91.9820.png
bangladesh,23.6496_91.9908.png
bangladesh,23.6496_91.9996.png
bangladesh,23.6496_92.0819.png
bangladesh,23.6496_92.0907.png
bangladesh,23.6496_92.0995.png
bangladesh,23.6496_92.1030.png
bangladesh,23.6496_92.1144.png
bangladesh,23.6496_92.1320.png
bangladesh,23.6496_92.1408.png
bangladesh,23.6496_92.1496.png
bangladesh,23.6496_92.1732.png
bangladesh,23.6496_92.1908.png
bangladesh,23.6496_92.1996.png
bangladesh,23.6496_92.2029.png
bangladesh,23.6496_92.2408.png
bangladesh,23.6496_92.2496.png
bangladesh,23.6496_92.2644.png
bangladesh,23.6584_88.6732.png
bangladesh,23.6584_89.2732.png
bangladesh,23.6584_89.5408.png
bangladesh,23.6584_89.5496.png
bangladesh,23.6584_89.7029.png
bangladesh,23.6584_89.8496.png
bangladesh,23.6584_90.0030.png
bangladesh,23.6584_90.0144.png
bangladesh,23.6584_90.5408.png
bangladesh,23.6584_90.9496.png
bangladesh,23.6584_90.9529.png
bangladesh,23.6584_90.9732.png
bangladesh,23.6584_90.9908.png
bangladesh,23.6584_91.9408.png
bangladesh,23.6584_91.9496.png
bangladesh,23.6584_91.9644.png
bangladesh,23.6584_91.9820.png
bangladesh,23.6584_92.0995.png
bangladesh,23.6584_92.1144.png
bangladesh,23.6584_92.1232.png
bangladesh,23.6584_92.1908.png
bangladesh,23.6584_92.1996.png
bangladesh,23.6584_92.2029.png
bangladesh,23.6584_92.2530.png
bangladesh,23.6584_92.2644.png
bangladesh,23.6672_88.5996.png
bangladesh,23.6672_88.6029.png
bangladesh,23.6672_88.6144.png
bangladesh,23.6672_88.6232.png
bangladesh,23.6672_88.6732.png
bangladesh,23.6672_88.6820.png
bangladesh,23.6672_89.1908.png
bangladesh,23.6672_89.4496.png
bangladesh,23.6672_89.4529.png
bangladesh,23.6672_89.7029.png
bangladesh,23.6672_89.8496.png
bangladesh,23.6672_90.2143.png
bangladesh,23.6672_90.2231.png
bangladesh,23.6672_90.2320.png
bangladesh,23.6672_90.2644.png
bangladesh,23.6672_90.3644.png
bangladesh,23.6672_90.3732.png
bangladesh,23.6672_90.3820.png
bangladesh,23.6672_90.9908.png
bangladesh,23.6672_91.9408.png
bangladesh,23.6672_91.9732.png
bangladesh,23.6672_92.0995.png
bangladesh,23.6672_92.1232.png
bangladesh,23.6672_92.1530.png
bangladesh,23.6672_92.1644.png
bangladesh,23.6672_92.1732.png
bangladesh,23.6672_92.1820.png
bangladesh,23.6672_92.1908.png
bangladesh,23.6672_92.1996.png
bangladesh,23.6672_92.2496.png
bangladesh,23.6672_92.2530.png
bangladesh,23.6760_88.5908.png
bangladesh,23.6760_88.5996.png
bangladesh,23.6760_88.6029.png
bangladesh,23.6760_88.6496.png
bangladesh,23.6760_88.6530.png
bangladesh,23.6760_88.6732.png
bangladesh,23.6760_88.6820.png
bangladesh,23.6760_88.8144.png
bangladesh,23.6760_89.3030.png
bangladesh,23.6760_89.4496.png
bangladesh,23.6760_89.4529.png
bangladesh,23.6760_89.6908.png
bangladesh,23.6760_89.6996.png
bangladesh,23.6760_89.7029.png
bangladesh,23.6760_89.8496.png
bangladesh,23.6760_89.8530.png
bangladesh,23.6760_89.9908.png
bangladesh,23.6760_90.1732.png
bangladesh,23.6760_90.3644.png
bangladesh,23.6760_90.3732.png
bangladesh,23.6760_90.3820.png
bangladesh,23.6760_90.3908.png
bangladesh,23.6760_90.5496.png
bangladesh,23.6760_90.5530.png
bangladesh,23.6760_90.9408.png
bangladesh,23.6760_90.9496.png
bangladesh,23.6760_90.9908.png
bangladesh,23.6760_91.9408.png
bangladesh,23.6760_91.9529.png
bangladesh,23.6760_91.9644.png
bangladesh,23.6760_91.9820.png
bangladesh,23.6760_92.1144.png
bangladesh,23.6760_92.1530.png
bangladesh,23.6760_92.1820.png
bangladesh,23.6760_92.1908.png
bangladesh,23.6760_92.1996.png
bangladesh,23.6760_92.2029.png
bangladesh,23.6760_92.2408.png
bangladesh,23.6760_92.2496.png
bangladesh,23.6760_92.2644.png
bangladesh,23.6848_88.5996.png
bangladesh,23.6848_88.6029.png
bangladesh,23.6848_88.6144.png
bangladesh,23.6848_88.6496.png
bangladesh,23.6848_88.6530.png
bangladesh,23.6848_88.6732.png
bangladesh,23.6848_88.6820.png
bangladesh,23.6848_88.7996.png
bangladesh,23.6848_88.8030.png
bangladesh,23.6848_88.8144.png
bangladesh,23.6848_89.2319.png
bangladesh,23.6848_89.3030.png
bangladesh,23.6848_89.8496.png
bangladesh,23.6848_89.8530.png
bangladesh,23.6848_89.9996.png
bangladesh,23.6848_90.1732.png
bangladesh,23.6848_90.2732.png
bangladesh,23.6848_90.2820.png
bangladesh,23.6848_91.9496.png
bangladesh,23.6848_91.9732.png
bangladesh,23.6848_91.9820.png
bangladesh,23.6848_92.1408.png
bangladesh,23.6848_92.1530.png
bangladesh,23.6848_92.1644.png
bangladesh,23.6848_92.2029.png
bangladesh,23.6848_92.2408.png
bangladesh,23.6848_92.2496.png
bangladesh,23.6848_92.2530.png
bangladesh,23.6848_92.2732.png
bangladesh,23.6848_92.2820.png
bangladesh,23.6963_88.5908.png
bangladesh,23.6963_88.5996.png
bangladesh,23.6963_88.6408.png
bangladesh,23.6963_88.6996.png
bangladesh,23.6963_88.7029.png
bangladesh,23.6963_88.7496.png
bangladesh,23.6963_88.8820.png
bangladesh,23.6963_89.0030.png
bangladesh,23.6963_89.1644.png
bangladesh,23.6963_89.2530.png
bangladesh,23.6963_89.2644.png
bangladesh,23.6963_89.4643.png
bangladesh,23.6963_89.4908.png
bangladesh,23.6963_89.5908.png
bangladesh,23.6963_89.5996.png
bangladesh,23.6963_89.6820.png
bangladesh,23.6963_89.6908.png
bangladesh,23.6963_89.6996.png
bangladesh,23.6963_89.7143.png
bangladesh,23.6963_89.7231.png
bangladesh,23.6963_89.9731.png
bangladesh,23.6963_89.9908.png
bangladesh,23.6963_90.0496.png
bangladesh,23.6963_90.0530.png
bangladesh,23.6963_90.4408.png
bangladesh,23.6963_90.9643.png
bangladesh,23.6963_90.9732.png
bangladesh,23.6963_91.0408.png
bangladesh,23.6963_91.0496.png
bangladesh,23.6963_91.9644.png
bangladesh,23.6963_92.1408.png
bangladesh,23.6963_92.1496.png
bangladesh,23.6963_92.1530.png
bangladesh,23.6963_92.1732.png
bangladesh,23.6963_92.1908.png
bangladesh,23.6963_92.1996.png
bangladesh,23.6963_92.2029.png
bangladesh,23.6963_92.2496.png
bangladesh,23.6963_92.2644.png
bangladesh,23.6997_88.5908.png
bangladesh,23.6997_88.5996.png
bangladesh,23.6997_88.6408.png
bangladesh,23.6997_88.6996.png
bangladesh,23.6997_88.7029.png
bangladesh,23.6997_88.7496.png
bangladesh,23.6997_88.7820.png
bangladesh,23.6997_88.7908.png
bangladesh,23.6997_88.8820.png
bangladesh,23.6997_89.0030.png
bangladesh,23.6997_89.0144.png
bangladesh,23.6997_89.1644.png
bangladesh,23.6997_89.2530.png
bangladesh,23.6997_89.2644.png
bangladesh,23.6997_89.4643.png
bangladesh,23.6997_89.4908.png
bangladesh,23.6997_89.5908.png
bangladesh,23.6997_89.5996.png
bangladesh,23.6997_89.6732.png
bangladesh,23.6997_89.6820.png
bangladesh,23.6997_89.7143.png
bangladesh,23.6997_89.7231.png
bangladesh,23.6997_89.7530.png
bangladesh,23.6997_89.9408.png
bangladesh,23.6997_89.9529.png
bangladesh,23.6997_89.9643.png
bangladesh,23.6997_89.9731.png
bangladesh,23.6997_90.0496.png
bangladesh,23.6997_90.0530.png
bangladesh,23.6997_90.5530.png
bangladesh,23.6997_90.9643.png
bangladesh,23.6997_90.9732.png
bangladesh,23.6997_91.0408.png
bangladesh,23.6997_91.0496.png
bangladesh,23.6997_91.9529.png
bangladesh,23.6997_91.9644.png
bangladesh,23.6997_92.1530.png
bangladesh,23.6997_92.1820.png
bangladesh,23.6997_92.2496.png
bangladesh,23.6997_92.2530.png
bangladesh,23.6997_92.2644.png
bangladesh,23.6997_92.2820.png
bangladesh,23.7085_88.5732.png
bangladesh,23.7085_88.6408.png
bangladesh,23.7085_88.6496.png
bangladesh,23.7085_88.6530.png
bangladesh,23.7085_89.0144.png
bangladesh,23.7085_89.6496.png
bangladesh,23.7085_89.6530.png
bangladesh,23.7085_89.7143.png
bangladesh,23.7085_89.7231.png
bangladesh,23.7085_89.7496.png
bangladesh,23.7085_89.7530.png
bangladesh,23.7085_89.9030.png
bangladesh,23.7085_89.9496.png
bangladesh,23.7085_90.0820.png
bangladesh,23.7085_90.0908.png
bangladesh,23.7085_90.0996.png
bangladesh,23.7085_90.5530.png
bangladesh,23.7085_90.8908.png
bangladesh,23.7085_91.0496.png
bangladesh,23.7085_91.0530.png
bangladesh,23.7085_91.9496.png
bangladesh,23.7085_91.9529.png
bangladesh,23.7085_92.1320.png
bangladesh,23.7085_92.1408.png
bangladesh,23.7085_92.1732.png
bangladesh,23.7085_92.2530.png
bangladesh,23.7173_88.7143.png
bangladesh,23.7173_88.7231.png
bangladesh,23.7173_88.8996.png
bangladesh,23.7173_88.9030.png
bangladesh,23.7173_89.1996.png
bangladesh,23.7173_89.2029.png
bangladesh,23.7173_89.4996.png
bangladesh,23.7173_89.5030.png
bangladesh,23.7173_89.6496.png
bangladesh,23.7173_89.8732.png
bangladesh,23.7173_89.8820.png
bangladesh,23.7173_89.8908.png
bangladesh,23.7173_89.9144.png
bangladesh,23.7173_89.9320.png
bangladesh,23.7173_89.9408.png
bangladesh,23.7173_89.9496.png
bangladesh,23.7173_90.0820.png
bangladesh,23.7173_90.0908.png
bangladesh,23.7173_90.2320.png
bangladesh,23.7173_90.8644.png
bangladesh,23.7173_90.8732.png
bangladesh,23.7173_90.8908.png
bangladesh,23.7173_91.0496.png
bangladesh,23.7173_91.0530.png
bangladesh,23.7173_91.9529.png
bangladesh,23.7173_91.9644.png
bangladesh,23.7173_92.1644.png
bangladesh,23.7173_92.2408.png
bangladesh,23.7173_92.2530.png
bangladesh,23.7173_92.2644.png
bangladesh,23.7261_88.5996.png
bangladesh,23.7261_88.6029.png
bangladesh,23.7261_88.6144.png
bangladesh,23.7261_88.6644.png
bangladesh,23.7261_88.8820.png
bangladesh,23.7261_88.8908.png
bangladesh,23.7261_89.4144.png
bangladesh,23.7261_89.4232.png
bangladesh,23.7261_89.4996.png
bangladesh,23.7261_89.5030.png
bangladesh,23.7261_89.6496.png
bangladesh,23.7261_89.8732.png
bangladesh,23.7261_89.9320.png
bangladesh,23.7261_89.9496.png
bangladesh,23.7261_89.9529.png
bangladesh,23.7261_90.2320.png
bangladesh,23.7261_90.8644.png
bangladesh,23.7261_90.8732.png
bangladesh,23.7261_91.9529.png
bangladesh,23.7261_92.1496.png
bangladesh,23.7261_92.1644.png
bangladesh,23.7349_88.6644.png
bangladesh,23.7349_89.8144.png
bangladesh,23.7349_89.8820.png
bangladesh,23.7349_90.2143.png
bangladesh,23.7349_90.2231.png
bangladesh,23.7349_90.5908.png
bangladesh,23.7349_90.5996.png
bangladesh,23.7349_90.8820.png
bangladesh,23.7349_90.8908.png
bangladesh,23.7463_89.0496.png
bangladesh,23.7463_89.0530.png
bangladesh,23.7463_89.1320.png
bangladesh,23.7463_89.4529.png
bangladesh,23.7463_90.0030.png
bangladesh,23.7463_90.1996.png
bangladesh,23.7463_90.2029.png
bangladesh,23.7463_90.3320.png
bangladesh,23.7463_90.3408.png
bangladesh,23.7463_90.5530.png
bangladesh,23.7463_90.9496.png
bangladesh,23.7463_90.9529.png
bangladesh,23.7463_90.9820.png
bangladesh,23.7463_91.0644.png
bangladesh,23.7463_91.0908.png
bangladesh,23.7463_91.0996.png
bangladesh,23.7463_91.1030.png
bangladesh,23.7496_89.0644.png
bangladesh,23.7496_89.1320.png
bangladesh,23.7496_89.4529.png
bangladesh,23.7496_89.4643.png
bangladesh,23.7496_89.6320.png
bangladesh,23.7496_89.8232.png
bangladesh,23.7496_89.8408.png
bangladesh,23.7496_89.9996.png
bangladesh,23.7496_90.0030.png
bangladesh,23.7496_90.1144.png
bangladesh,23.7496_90.1996.png
bangladesh,23.7496_90.2029.png
bangladesh,23.7496_90.3232.png
bangladesh,23.7496_90.3320.png
bangladesh,23.7496_90.3408.png
bangladesh,23.7496_90.5530.png
bangladesh,23.7496_90.9496.png
bangladesh,23.7496_90.9529.png
bangladesh,23.7496_90.9820.png
bangladesh,23.7496_91.0644.png
bangladesh,23.7496_91.0908.png
bangladesh,23.7496_91.0996.png
bangladesh,23.7496_91.1030.png
bangladesh,23.7584_88.5996.png
bangladesh,23.7584_88.6029.png
bangladesh,23.7584_88.6144.png
bangladesh,23.7584_88.6320.png
bangladesh,23.7584_88.6408.png
bangladesh,23.7584_89.0644.png
bangladesh,23.7584_89.1232.png
bangladesh,23.7584_89.1320.png
bangladesh,23.7584_89.4643.png
bangladesh,23.7584_89.4819.png
bangladesh,23.7584_89.4908.png
bangladesh,23.7584_89.4996.png
bangladesh,23.7584_89.5408.png
bangladesh,23.7584_89.5496.png
bangladesh,23.7584_89.5996.png
bangladesh,23.7584_89.6030.png
bangladesh,23.7584_89.6144.png
bangladesh,23.7584_89.6232.png
bangladesh,23.7584_89.9996.png
bangladesh,23.7584_90.0030.png
bangladesh,23.7584_90.1030.png
bangladesh,23.7584_90.1144.png
bangladesh,23.7584_90.1408.png
bangladesh,23.7584_90.1496.png
bangladesh,23.7584_90.1908.png
bangladesh,23.7584_90.1996.png
bangladesh,23.7584_90.3144.png
bangladesh,23.7584_90.3232.png
bangladesh,23.7584_90.3320.png
bangladesh,23.7584_90.5408.png
bangladesh,23.7584_90.5496.png
bangladesh,23.7584_90.5530.png
bangladesh,23.7584_90.5644.png
bangladesh,23.7584_90.5732.png
bangladesh,23.7584_90.6232.png
bangladesh,23.7672_88.6908.png
bangladesh,23.7672_88.7143.png
bangladesh,23.7672_89.0496.png
bangladesh,23.7672_89.0530.png
bangladesh,23.7672_89.0644.png
bangladesh,23.7672_89.0732.png
bangladesh,23.7672_89.1232.png
bangladesh,23.7672_89.3496.png
bangladesh,23.7672_89.3530.png
bangladesh,23.7672_90.0644.png
bangladesh,23.7672_90.0732.png
bangladesh,23.7672_90.0908.png
bangladesh,23.7672_90.0996.png
bangladesh,23.7672_90.1030.png
bangladesh,23.7672_90.1408.png
bangladesh,23.7672_90.1496.png
bangladesh,23.7672_90.3144.png
bangladesh,23.7672_90.3232.png
bangladesh,23.7672_90.3320.png
bangladesh,23.7672_90.5496.png
bangladesh,23.7672_90.5530.png
bangladesh,23.7672_90.6232.png
bangladesh,23.7760_88.6732.png
bangladesh,23.7760_88.6908.png
bangladesh,23.7760_88.7143.png
bangladesh,23.7760_88.9320.png
bangladesh,23.7760_89.1820.png
bangladesh,23.7760_89.2732.png
bangladesh,23.7760_89.2820.png
bangladesh,23.7760_89.4320.png
bangladesh,23.7760_89.4408.png
bangladesh,23.7760_89.6320.png
bangladesh,23.7760_89.6408.png
bangladesh,23.7760_90.0644.png
bangladesh,23.7760_90.3144.png
bangladesh,23.7760_90.3232.png
bangladesh,23.7760_90.3320.png
bangladesh,23.7760_90.5732.png
bangladesh,23.7760_90.5820.png
bangladesh,23.7848_88.6732.png
bangladesh,23.7848_88.6908.png
bangladesh,23.7848_88.6996.png
bangladesh,23.7848_88.7996.png
bangladesh,23.7848_88.8030.png
bangladesh,23.7848_88.9320.png
bangladesh,23.7848_89.1732.png
bangladesh,23.7848_89.1820.png
bangladesh,23.7848_89.2732.png
bangladesh,23.7848_89.2820.png
bangladesh,23.7848_89.4496.png
bangladesh,23.7848_89.4529.png
bangladesh,23.7848_89.6496.png
bangladesh,23.7848_89.7029.png
bangladesh,23.7848_89.7820.png
bangladesh,23.7848_90.0908.png
bangladesh,23.7848_90.0996.png
bangladesh,23.7848_90.1030.png
bangladesh,23.7848_90.3232.png
bangladesh,23.7848_90.5732.png
bangladesh,23.7848_90.5820.png
bangladesh,23.7962_88.6908.png
bangladesh,23.7962_88.7319.png
bangladesh,23.7962_88.7407.png
bangladesh,23.7962_88.7644.png
bangladesh,23.7962_88.8996.png
bangladesh,23.7962_88.9030.png
bangladesh,23.7962_89.1144.png
bangladesh,23.7962_89.1644.png
bangladesh,23.7962_89.2996.png
bangladesh,23.7962_89.3030.png
bangladesh,23.7962_89.4408.png
bangladesh,23.7962_89.4643.png
bangladesh,23.7962_90.0408.png
bangladesh,23.7962_90.0996.png
bangladesh,23.7962_90.1030.png
bangladesh,23.7962_90.1144.png
bangladesh,23.7962_90.1232.png
bangladesh,23.7962_90.2231.png
bangladesh,23.7962_90.2820.png
bangladesh,23.7962_90.2908.png
bangladesh,23.7962_90.2996.png
bangladesh,23.7962_90.3030.png
bangladesh,23.7962_90.3144.png
bangladesh,23.7962_90.3232.png
bangladesh,23.7962_90.5820.png
bangladesh,23.7962_90.7408.png
bangladesh,23.7962_91.1496.png
bangladesh,23.7962_91.1530.png
bangladesh,23.7997_88.6908.png
bangladesh,23.7997_88.7029.png
bangladesh,23.7997_88.7143.png
bangladesh,23.7997_88.7319.png
bangladesh,23.7997_88.7407.png
bangladesh,23.7997_88.7644.png
bangladesh,23.7997_88.8996.png
bangladesh,23.7997_88.9030.png
bangladesh,23.7997_89.1144.png
bangladesh,23.7997_89.1644.png
bangladesh,23.7997_89.2996.png
bangladesh,23.7997_89.3030.png
bangladesh,23.7997_89.3908.png
bangladesh,23.7997_89.3996.png
bangladesh,23.7997_89.4030.png
bangladesh,23.7997_89.4408.png
bangladesh,23.7997_89.4643.png
bangladesh,23.7997_90.0232.png
bangladesh,23.7997_90.0320.png
bangladesh,23.7997_90.0408.png
bangladesh,23.7997_90.0496.png
bangladesh,23.7997_90.0530.png
bangladesh,23.7997_90.0996.png
bangladesh,23.7997_90.1030.png
bangladesh,23.7997_90.1144.png
bangladesh,23.7997_90.1232.png
bangladesh,23.7997_90.2231.png
bangladesh,23.7997_90.3030.png
bangladesh,23.7997_90.3144.png
bangladesh,23.7997_90.3232.png
bangladesh,23.7997_90.5820.png
bangladesh,23.7997_91.1496.png
bangladesh,23.7997_91.1530.png
bangladesh,23.8085_88.6232.png
bangladesh,23.8085_88.6644.png
bangladesh,23.8085_88.7029.png
bangladesh,23.8085_88.7143.png
bangladesh,23.8085_88.7644.png
bangladesh,23.8085_88.9408.png
bangladesh,23.8085_88.9496.png
bangladesh,23.8085_88.9529.png
bangladesh,23.8085_89.1029.png
bangladesh,23.8085_89.3908.png
bangladesh,23.8085_89.3996.png
bangladesh,23.8085_89.4030.png
bangladesh,23.8085_89.6496.png
bangladesh,23.8085_90.0232.png
bangladesh,23.8085_90.0320.png
bangladesh,23.8085_90.0408.png
bangladesh,23.8085_90.1144.png
bangladesh,23.8085_90.2996.png
bangladesh,23.8085_90.3030.png
bangladesh,23.8085_90.3144.png
bangladesh,23.8085_91.1496.png
bangladesh,23.8085_91.1530.png
bangladesh,23.8173_88.6232.png
bangladesh,23.8173_88.6496.png
bangladesh,23.8173_88.6530.png
bangladesh,23.8173_88.6644.png
bangladesh,23.8173_88.6732.png
bangladesh,23.8173_88.7644.png
bangladesh,23.8173_88.9408.png
bangladesh,23.8173_88.9496.png
bangladesh,23.8173_88.9529.png
bangladesh,23.8173_89.1029.png
bangladesh,23.8173_89.2732.png
bangladesh,23.8173_90.0408.png
bangladesh,23.8173_90.0732.png
bangladesh,23.8173_90.0820.png
bangladesh,23.8173_90.1030.png
bangladesh,23.8173_90.1144.png
bangladesh,23.8173_90.2408.png
bangladesh,23.8173_90.2496.png
bangladesh,23.8173_90.2996.png
bangladesh,23.8173_90.3030.png
bangladesh,23.8261_88.6496.png
bangladesh,23.8261_88.6530.png
bangladesh,23.8261_88.8496.png
bangladesh,23.8261_88.8529.png
bangladesh,23.8261_89.0320.png
bangladesh,23.8261_89.2732.png
bangladesh,23.8261_89.2996.png
bangladesh,23.8261_89.3030.png
bangladesh,23.8261_89.4232.png
bangladesh,23.8261_90.0232.png
bangladesh,23.8261_90.2732.png
bangladesh,23.8261_90.2820.png
bangladesh,23.8261_90.7143.png
bangladesh,23.8349_88.7407.png
bangladesh,23.8349_88.7496.png
bangladesh,23.8349_88.7530.png
bangladesh,23.8349_88.9408.png
bangladesh,23.8349_89.0030.png
bangladesh,23.8349_89.0144.png
bangladesh,23.8349_89.0232.png
bangladesh,23.8349_89.0820.png
bangladesh,23.8349_89.0908.png
bangladesh,23.8349_89.2143.png
bangladesh,23.8349_89.2231.png
bangladesh,23.8349_89.2319.png
bangladesh,23.8349_89.4232.png
bangladesh,23.8349_90.3232.png
bangladesh,23.8349_90.3320.png
bangladesh,23.8349_90.7029.png
bangladesh,23.8349_90.7143.png
bangladesh,23.8463_88.7143.png
bangladesh,23.8463_88.7231.png
bangladesh,23.8463_88.7319.png
bangladesh,23.8463_88.8320.png
bangladesh,23.8463_88.8408.png
bangladesh,23.8463_89.0408.png
bangladesh,23.8463_89.0496.png
bangladesh,23.8463_89.1996.png
bangladesh,23.8463_89.2029.png
bangladesh,23.8463_89.2231.png
bangladesh,23.8463_89.2319.png
bangladesh,23.8463_89.2530.png
bangladesh,23.8463_89.3820.png
bangladesh,23.8463_89.3908.png
bangladesh,23.8463_89.3996.png
bangladesh,23.8463_89.4030.png
bangladesh,23.8463_89.4144.png
bangladesh,23.8463_89.8144.png
bangladesh,23.8463_90.5408.png
bangladesh,23.8463_90.5496.png
bangladesh,23.8463_90.6820.png
bangladesh,23.8463_90.6908.png
bangladesh,23.8463_90.6996.png
bangladesh,23.8463_90.7029.png
bangladesh,23.8463_90.8232.png
bangladesh,23.8463_90.8320.png
bangladesh,23.8463_91.1496.png
bangladesh,23.8463_91.1530.png
bangladesh,23.8463_91.1644.png
bangladesh,23.8497_88.7143.png
bangladesh,23.8497_88.7231.png
bangladesh,23.8497_88.7319.png
bangladesh,23.8497_88.8320.png
bangladesh,23.8497_88.8408.png
bangladesh,23.8497_89.0408.png
bangladesh,23.8497_89.0496.png
bangladesh,23.8497_89.0908.png
bangladesh,23.8497_89.0996.png
bangladesh,23.8497_89.1144.png
bangladesh,23.8497_89.1996.png
bangladesh,23.8497_89.2029.png
bangladesh,23.8497_89.2231.png
bangladesh,23.8497_89.2319.png
bangladesh,23.8497_89.2530.png
bangladesh,23.8497_89.3820.png
bangladesh,23.8497_89.3908.png
bangladesh,23.8497_89.3996.png
bangladesh,23.8497_89.4030.png
bangladesh,23.8497_89.4144.png
bangladesh,23.8497_89.5144.png
bangladesh,23.8497_89.8144.png
bangladesh,23.8497_89.8496.png
bangladesh,23.8497_89.8530.png
bangladesh,23.8497_90.1820.png
bangladesh,23.8497_90.5408.png
bangladesh,23.8497_90.5496.png
bangladesh,23.8497_90.5530.png
bangladesh,23.8497_90.6820.png
bangladesh,23.8497_90.6908.png
bangladesh,23.8497_90.6996.png
bangladesh,23.8497_90.7029.png
bangladesh,23.8497_91.1496.png
bangladesh,23.8497_91.1530.png
bangladesh,23.8497_91.1644.png
bangladesh,23.8585_88.7319.png
bangladesh,23.8585_89.0908.png
bangladesh,23.8585_89.0996.png
bangladesh,23.8585_89.1144.png
bangladesh,23.8585_89.1908.png
bangladesh,23.8585_89.1996.png
bangladesh,23.8585_89.4731.png
bangladesh,23.8585_89.4819.png
bangladesh,23.8585_89.4908.png
bangladesh,23.8585_89.4996.png
bangladesh,23.8585_89.5144.png
bangladesh,23.8585_89.7530.png
bangladesh,23.8585_90.1820.png
bangladesh,23.8585_90.1908.png
bangladesh,23.8585_90.5496.png
bangladesh,23.8585_90.5530.png
bangladesh,23.8585_90.5908.png
bangladesh,23.8585_90.5996.png
bangladesh,23.8673_88.8232.png
bangladesh,23.8673_88.9731.png
bangladesh,23.8673_88.9819.png
bangladesh,23.8673_89.7496.png
bangladesh,23.8673_89.9731.png
bangladesh,23.8673_89.9820.png
bangladesh,23.8673_89.9908.png
bangladesh,23.8673_90.5496.png
bangladesh,23.8673_90.5530.png
bangladesh,23.8673_90.5820.png
bangladesh,23.8673_90.5908.png
bangladesh,23.8673_90.5996.png
bangladesh,23.8673_90.9820.png
bangladesh,23.8761_88.7143.png
bangladesh,23.8761_88.8232.png
bangladesh,23.8761_88.9996.png
bangladesh,23.8761_89.0030.png
bangladesh,23.8761_89.4144.png
bangladesh,23.8761_89.7496.png
bangladesh,23.8761_89.9731.png
bangladesh,23.8761_90.1408.png
bangladesh,23.8761_90.1496.png
bangladesh,23.8761_90.1530.png
bangladesh,23.8761_90.3408.png
bangladesh,23.8761_90.3496.png
bangladesh,23.8761_90.3530.png
bangladesh,23.8761_90.5644.png
bangladesh,23.8761_90.5732.png
bangladesh,23.8761_90.5820.png
bangladesh,23.8761_90.5908.png
bangladesh,23.8761_90.5996.png
bangladesh,23.8761_90.6030.png
bangladesh,23.8761_90.9820.png
bangladesh,23.8761_91.1030.png
bangladesh,23.8849_88.7143.png
bangladesh,23.8849_88.7231.png
bangladesh,23.8849_88.7996.png
bangladesh,23.8849_88.8030.png
bangladesh,23.8849_88.8320.png
bangladesh,23.8849_88.8408.png
bangladesh,23.8849_89.1644.png
bangladesh,23.8849_89.1732.png
bangladesh,23.8849_89.4030.png
bangladesh,23.8849_89.5232.png
bangladesh,23.8849_90.1232.png
bangladesh,23.8849_90.1320.png
bangladesh,23.8849_90.1408.png
bangladesh,23.8849_90.1496.png
bangladesh,23.8849_90.1530.png
bangladesh,23.8849_90.3320.png
bangladesh,23.8849_90.3408.png
bangladesh,23.8849_90.3496.png
bangladesh,23.8849_90.3530.png
bangladesh,23.8849_90.5820.png
bangladesh,23.8849_90.5996.png
bangladesh,23.8849_90.6030.png
bangladesh,23.8849_90.6408.png
bangladesh,23.8849_90.6496.png
bangladesh,23.8963_88.8320.png
bangladesh,23.8963_88.8408.png
bangladesh,23.8963_89.2143.png
bangladesh,23.8963_89.3820.png
bangladesh,23.8963_89.7496.png
bangladesh,23.8963_90.0496.png
bangladesh,23.8963_90.0530.png
bangladesh,23.8963_90.0820.png
bangladesh,23.8963_90.0908.png
bangladesh,23.8963_90.0996.png
bangladesh,23.8963_90.1232.png
bangladesh,23.8963_90.1320.png
bangladesh,23.8963_90.1408.png
bangladesh,23.8963_90.1496.png
bangladesh,23.8963_90.3408.png
bangladesh,23.8963_90.5644.png
bangladesh,23.8963_90.5732.png
bangladesh,23.8963_90.5820.png
bangladesh,23.8963_90.5908.png
bangladesh,23.8963_90.7496.png
bangladesh,23.8963_90.8320.png
bangladesh,23.8963_90.9820.png
bangladesh,23.8996_88.7996.png
bangladesh,23.8996_88.8030.png
bangladesh,23.8996_88.8320.png
bangladesh,23.8996_88.8408.png
bangladesh,23.8996_88.8996.png
bangladesh,23.8996_88.9030.png
bangladesh,23.8996_89.0320.png
bangladesh,23.8996_89.0408.png
bangladesh,23.8996_89.2143.png
bangladesh,23.8996_89.3732.png
bangladesh,23.8996_89.6144.png
bangladesh,23.8996_89.6232.png
bangladesh,23.8996_89.7496.png
bangladesh,23.8996_90.0496.png
bangladesh,23.8996_90.0530.png
bangladesh,23.8996_90.0820.png
bangladesh,23.8996_90.0908.png
bangladesh,23.8996_90.1144.png
bangladesh,23.8996_90.1232.png
bangladesh,23.8996_90.1320.png
bangladesh,23.8996_90.1408.png
bangladesh,23.8996_90.1496.png
bangladesh,23.8996_90.3408.png
bangladesh,23.8996_90.5144.png
bangladesh,23.8996_90.5644.png
bangladesh,23.8996_90.5820.png
bangladesh,23.8996_90.5908.png
bangladesh,23.8996_90.7496.png
bangladesh,23.8996_90.8320.png
bangladesh,23.8996_90.9820.png
bangladesh,23.8996_91.2144.png
bangladesh,23.9084_88.7820.png
bangladesh,23.9084_88.7908.png
bangladesh,23.9084_88.7996.png
bangladesh,23.9084_88.8030.png
bangladesh,23.9084_88.8996.png
bangladesh,23.9084_88.9030.png
bangladesh,23.9084_89.0320.png
bangladesh,23.9084_89.0408.png
bangladesh,23.9084_89.4996.png
bangladesh,23.9084_89.5996.png
bangladesh,23.9084_89.6030.png
bangladesh,23.9084_90.0496.png
bangladesh,23.9084_90.0530.png
bangladesh,23.9084_90.1144.png
bangladesh,23.9084_90.1232.png
bangladesh,23.9084_90.1320.png
bangladesh,23.9084_90.1408.png
bangladesh,23.9084_90.5144.png
bangladesh,23.9084_90.5820.png
bangladesh,23.9084_90.5908.png
bangladesh,23.9084_90.5996.png
bangladesh,23.9084_90.6232.png
bangladesh,23.9084_90.6320.png
bangladesh,23.9084_90.6496.png
bangladesh,23.9084_90.6530.png
bangladesh,23.9084_90.7496.png
bangladesh,23.9084_90.7530.png
bangladesh,23.9084_90.9732.png
bangladesh,23.9084_90.9820.png
bangladesh,23.9084_91.0232.png
bangladesh,23.9084_91.2144.png
bangladesh,23.9172_88.7820.png
bangladesh,23.9172_88.7908.png
bangladesh,23.9172_88.8144.png
bangladesh,23.9172_88.8232.png
bangladesh,23.9172_88.8408.png
bangladesh,23.9172_88.8496.png
bangladesh,23.9172_88.9819.png
bangladesh,23.9172_88.9908.png
bangladesh,23.9172_88.9996.png
bangladesh,23.9172_89.0030.png
bangladesh,23.9172_89.0320.png
bangladesh,23.9172_89.2319.png
bangladesh,23.9172_89.3144.png
bangladesh,23.9172_89.3232.png
bangladesh,23.9172_89.4996.png
bangladesh,23.9172_89.5996.png
bangladesh,23.9172_89.6030.png
bangladesh,23.9172_89.7496.png
bangladesh,23.9172_90.0820.png
bangladesh,23.9172_90.0908.png
bangladesh,23.9172_90.1320.png
bangladesh,23.9172_90.1408.png
bangladesh,23.9172_90.1496.png
bangladesh,23.9172_90.1530.png
bangladesh,23.9172_90.1644.png
bangladesh,23.9172_90.1732.png
bangladesh,23.9172_90.1820.png
bangladesh,23.9172_90.2320.png
bangladesh,23.9172_90.2408.png
bangladesh,23.9172_90.3320.png
bangladesh,23.9172_90.3408.png
bangladesh,23.9172_90.5820.png
bangladesh,23.9172_90.5908.png
bangladesh,23.9172_90.5996.png
bangladesh,23.9172_90.6232.png
bangladesh,23.9172_90.6320.png
bangladesh,23.9172_90.6408.png
bangladesh,23.9172_90.6496.png
bangladesh,23.9172_90.6530.png
bangladesh,23.9172_90.7408.png
bangladesh,23.9172_90.7496.png
bangladesh,23.9172_90.7530.png
bangladesh,23.9172_90.7996.png
bangladesh,23.9172_90.8030.png
bangladesh,23.9172_90.9996.png
bangladesh,23.9172_91.0030.png
bangladesh,23.9172_91.0644.png
bangladesh,23.9172_91.0732.png
bangladesh,23.9260_88.9819.png
bangladesh,23.9260_88.9908.png
bangladesh,23.9260_89.0320.png
bangladesh,23.9260_89.0408.png
bangladesh,23.9260_89.0496.png
bangladesh,23.9260_89.0530.png
bangladesh,23.9260_89.1408.png
bangladesh,23.9260_89.1496.png
bangladesh,23.9260_89.1530.png
bangladesh,23.9260_89.2319.png
bangladesh,23.9260_89.4819.png
bangladesh,23.9260_89.4908.png
bangladesh,23.9260_89.5908.png
bangladesh,23.9260_89.6144.png
bangladesh,23.9260_89.6232.png
bangladesh,23.9260_90.0820.png
bangladesh,23.9260_90.0908.png
bangladesh,23.9260_90.0996.png
bangladesh,23.9260_90.1030.png
bangladesh,23.9260_90.1320.png
bangladesh,23.9260_90.1496.png
bangladesh,23.9260_90.1530.png
bangladesh,23.9260_90.1644.png
bangladesh,23.9260_90.1732.png
bangladesh,23.9260_90.1820.png
bangladesh,23.9260_90.2320.png
bangladesh,23.9260_90.2408.png
bangladesh,23.9260_90.5820.png
bangladesh,23.9260_90.5908.png
bangladesh,23.9260_90.5996.png
bangladesh,23.9260_90.7496.png
bangladesh,23.9260_90.7530.png
bangladesh,23.9260_90.9908.png
bangladesh,23.9260_90.9996.png
bangladesh,23.9260_91.0030.png
bangladesh,23.9260_91.0644.png
bangladesh,23.9260_91.0732.png
bangladesh,23.9348_88.8144.png
bangladesh,23.9348_89.0408.png
bangladesh,23.9348_89.0496.png
bangladesh,23.9348_89.0530.png
bangladesh,23.9348_89.0996.png
bangladesh,23.9348_89.1029.png
bangladesh,23.9348_89.1408.png
bangladesh,23.9348_89.1732.png
bangladesh,23.9348_89.1820.png
bangladesh,23.9348_89.1996.png
bangladesh,23.9348_89.4496.png
bangladesh,23.9348_89.6144.png
bangladesh,23.9348_89.6232.png
bangladesh,23.9348_89.7496.png
bangladesh,23.9348_90.0820.png
bangladesh,23.9348_90.0908.png
bangladesh,23.9348_90.0996.png
bangladesh,23.9348_90.1408.png
bangladesh,23.9348_90.1496.png
bangladesh,23.9463_88.7820.png
bangladesh,23.9463_88.8030.png
bangladesh,23.9463_88.8908.png
bangladesh,23.9463_88.9731.png
bangladesh,23.9463_89.0996.png
bangladesh,23.9463_89.1029.png
bangladesh,23.9463_89.4030.png
bangladesh,23.9463_90.0232.png
bangladesh,23.9463_90.1144.png
bangladesh,23.9463_90.1232.png
bangladesh,23.9463_90.1496.png
bangladesh,23.9463_90.1530.png
bangladesh,23.9463_90.1908.png
bangladesh,23.9463_90.1996.png
bangladesh,23.9463_90.2029.png
bangladesh,23.9463_91.0820.png
bangladesh,23.9463_91.0908.png
bangladesh,23.9463_91.1408.png
bangladesh,23.9497_88.7820.png
bangladesh,23.9497_88.8030.png
bangladesh,23.9497_88.8908.png
bangladesh,23.9497_88.9731.png
bangladesh,23.9497_89.0996.png
bangladesh,23.9497_89.1029.png
bangladesh,23.9497_89.1320.png
bangladesh,23.9497_89.2143.png
bangladesh,23.9497_89.2820.png
bangladesh,23.9497_89.3496.png
bangladesh,23.9497_89.3530.png
bangladesh,23.9497_89.4030.png
bangladesh,23.9497_90.0232.png
bangladesh,23.9497_90.0996.png
bangladesh,23.9497_90.1030.png
bangladesh,23.9497_90.1496.png
bangladesh,23.9497_90.1530.png
bangladesh,23.9497_90.1908.png
bangladesh,23.9497_90.1996.png
bangladesh,23.9497_91.0820.png
bangladesh,23.9497_91.0908.png
bangladesh,23.9497_91.1408.png
bangladesh,23.9585_88.7996.png
bangladesh,23.9585_88.8030.png
bangladesh,23.9585_88.8320.png
bangladesh,23.9585_89.0996.png
bangladesh,23.9585_89.1908.png
bangladesh,23.9585_89.1996.png
bangladesh,23.9585_89.2143.png
bangladesh,23.9585_89.2530.png
bangladesh,23.9585_89.2644.png
bangladesh,23.9585_89.2732.png
bangladesh,23.9585_89.2820.png
bangladesh,23.9585_89.4232.png
bangladesh,23.9585_89.8320.png
bangladesh,23.9585_89.8408.png
bangladesh,23.9585_90.0820.png
bangladesh,23.9585_90.0908.png
bangladesh,23.9585_90.0996.png
bangladesh,23.9585_90.1030.png
bangladesh,23.9585_90.1908.png
bangladesh,23.9585_90.1996.png
bangladesh,23.9585_90.6820.png
bangladesh,23.9585_90.6908.png
bangladesh,23.9673_88.8996.png
bangladesh,23.9673_88.9030.png
bangladesh,23.9673_89.0408.png
bangladesh,23.9673_89.0496.png
bangladesh,23.9673_89.1820.png
bangladesh,23.9673_89.1908.png
bangladesh,23.9673_89.1996.png
bangladesh,23.9673_89.2496.png
bangladesh,23.9673_89.2530.png
bangladesh,23.9673_89.2644.png
bangladesh,23.9673_89.4030.png
bangladesh,23.9673_89.4232.png
bangladesh,23.9673_89.4819.png
bangladesh,23.9673_89.4908.png
bangladesh,23.9673_89.7408.png
bangladesh,23.9673_89.8320.png
bangladesh,23.9673_89.8408.png
bangladesh,23.9673_90.0496.png
bangladesh,23.9673_90.0530.png
bangladesh,23.9673_90.0820.png
bangladesh,23.9673_90.1908.png
bangladesh,23.9673_90.1996.png
bangladesh,23.9673_90.6232.png
bangladesh,23.9761_88.9819.png
bangladesh,23.9761_89.1820.png
bangladesh,23.9761_89.1908.png
bangladesh,23.9761_89.1996.png
bangladesh,23.9761_89.2029.png
bangladesh,23.9761_89.7408.png
bangladesh,23.9761_90.0408.png
bangladesh,23.9761_90.0496.png
bangladesh,23.9761_90.0732.png
bangladesh,23.9761_90.0820.png
bangladesh,23.9761_90.1996.png
bangladesh,23.9761_90.2029.png
bangladesh,23.9761_90.6232.png
bangladesh,23.9849_88.8232.png
bangladesh,23.9849_88.8320.png
bangladesh,23.9849_88.8908.png
bangladesh,23.9849_88.8996.png
bangladesh,23.9849_88.9819.png
bangladesh,23.9849_89.1496.png
bangladesh,23.9849_89.1530.png
bangladesh,23.9849_89.1908.png
bangladesh,23.9849_89.4030.png
bangladesh,23.9849_89.4320.png
bangladesh,23.9849_89.4408.png
bangladesh,23.9849_89.7231.png
bangladesh,23.9849_90.0732.png
bangladesh,23.9849_90.0820.png
bangladesh,23.9849_90.1996.png
bangladesh,23.9849_90.2029.png
bangladesh,23.9849_90.2143.png
bangladesh,23.9849_90.2231.png
bangladesh,23.9849_90.2320.png
bangladesh,23.9849_90.5996.png
bangladesh,23.9849_90.6030.png
bangladesh,23.9849_90.6732.png
bangladesh,23.9849_90.6820.png
bangladesh,23.9963_88.8732.png
bangladesh,23.9963_88.8820.png
bangladesh,23.9963_88.9408.png
bangladesh,23.9963_88.9643.png
bangladesh,23.9963_89.0030.png
bangladesh,23.9963_89.0144.png
bangladesh,23.9963_89.0232.png
bangladesh,23.9963_89.1996.png
bangladesh,23.9963_89.2029.png
bangladesh,23.9963_89.2908.png
bangladesh,23.9963_89.2996.png
bangladesh,23.9963_89.3030.png
bangladesh,23.9963_90.0732.png
bangladesh,23.9963_90.0820.png
bangladesh,23.9963_90.6820.png
bangladesh,23.9963_90.8232.png
bangladesh,23.9996_88.8732.png
bangladesh,23.9996_88.8820.png
bangladesh,23.9996_88.9408.png
bangladesh,23.9996_88.9643.png
bangladesh,23.9996_88.9731.png
bangladesh,23.9996_88.9819.png
bangladesh,23.9996_89.0030.png
bangladesh,23.9996_89.0144.png
bangladesh,23.9996_89.0232.png
bangladesh,23.9996_89.1029.png
bangladesh,23.9996_89.1820.png
bangladesh,23.9996_89.1908.png
bangladesh,23.9996_89.1996.png
bangladesh,23.9996_89.2029.png
bangladesh,23.9996_89.2908.png
bangladesh,23.9996_89.2996.png
bangladesh,23.9996_89.3030.png
bangladesh,23.9996_89.7644.png
bangladesh,23.9996_90.0732.png
bangladesh,23.9996_90.0820.png
bangladesh,23.9996_90.3408.png
bangladesh,23.9996_90.6820.png
bangladesh,23.9996_90.8232.png
bangladesh,24.0084_88.8496.png
bangladesh,24.0084_88.8529.png
bangladesh,24.0084_88.8644.png
bangladesh,24.0084_88.8732.png
bangladesh,24.0084_88.8820.png
bangladesh,24.0084_88.9643.png
bangladesh,24.0084_88.9731.png
bangladesh,24.0084_88.9819.png
bangladesh,24.0084_89.0030.png
bangladesh,24.0084_89.0144.png
bangladesh,24.0084_89.0908.png
bangladesh,24.0084_89.0996.png
bangladesh,24.0084_89.1029.png
bangladesh,24.0084_89.1144.png
bangladesh,24.0084_89.1232.png
bangladesh,24.0084_89.1996.png
bangladesh,24.0084_89.2029.png
bangladesh,24.0084_89.2908.png
bangladesh,24.0084_89.2996.png
bangladesh,24.0084_89.4030.png
bangladesh,24.0084_89.5732.png
bangladesh,24.0084_89.7143.png
bangladesh,24.0084_90.0144.png
bangladesh,24.0084_90.0232.png
bangladesh,24.0084_90.1908.png
bangladesh,24.0084_90.1996.png
bangladesh,24.0084_90.2029.png
bangladesh,24.0084_90.3408.png
bangladesh,24.0084_91.1232.png
bangladesh,24.0084_91.2029.png
bangladesh,24.0084_91.2496.png
bangladesh,24.0084_91.2530.png
bangladesh,24.0084_91.2644.png
bangladesh,24.0172_88.7820.png
bangladesh,24.0172_88.8496.png
bangladesh,24.0172_88.8529.png
bangladesh,24.0172_88.8644.png
bangladesh,24.0172_88.8732.png
bangladesh,24.0172_88.8820.png
bangladesh,24.0172_88.9408.png
bangladesh,24.0172_89.0232.png
bangladesh,24.0172_89.0732.png
bangladesh,24.0172_89.0820.png
bangladesh,24.0172_89.0908.png
bangladesh,24.0172_89.0996.png
bangladesh,24.0172_89.1029.png
bangladesh,24.0172_89.1144.png
bangladesh,24.0172_89.1232.png
bangladesh,24.0172_89.5732.png
bangladesh,24.0172_89.7143.png
bangladesh,24.0172_90.0030.png
bangladesh,24.0172_90.0144.png
bangladesh,24.0172_90.0232.png
bangladesh,24.0172_90.1232.png
bangladesh,24.0172_90.1320.png
bangladesh,24.0172_90.1908.png
bangladesh,24.0172_90.1996.png
bangladesh,24.0172_90.3408.png
bangladesh,24.0172_91.1232.png
bangladesh,24.0172_91.1530.png
bangladesh,24.0172_91.1996.png
bangladesh,24.0172_91.2496.png
bangladesh,24.0172_91.2530.png
bangladesh,24.0260_88.7820.png
bangladesh,24.0260_88.8644.png
bangladesh,24.0260_88.8732.png
bangladesh,24.0260_88.9408.png
bangladesh,24.0260_88.9496.png
bangladesh,24.0260_88.9643.png
bangladesh,24.0260_88.9731.png
bangladesh,24.0260_88.9819.png
bangladesh,24.0260_89.0232.png
bangladesh,24.0260_89.0820.png
bangladesh,24.0260_89.0908.png
bangladesh,24.0260_89.0996.png
bangladesh,24.0260_89.1029.png
bangladesh,24.0260_89.8496.png
bangladesh,24.0260_89.8530.png
bangladesh,24.0260_90.1908.png
bangladesh,24.0260_90.1996.png
bangladesh,24.0260_90.3144.png
bangladesh,24.0260_90.3232.png
bangladesh,24.0260_90.3408.png
bangladesh,24.0260_90.8996.png
bangladesh,24.0260_90.9030.png
bangladesh,24.0260_91.0408.png
bangladesh,24.0348_88.8732.png
bangladesh,24.0348_88.8820.png
bangladesh,24.0348_88.9232.png
bangladesh,24.0348_88.9320.png
bangladesh,24.0348_88.9643.png
bangladesh,24.0348_88.9731.png
bangladesh,24.0348_88.9819.png
bangladesh,24.0348_89.0232.png
bangladesh,24.0348_89.0732.png
bangladesh,24.0348_89.0820.png
bangladesh,24.0348_89.0908.png
bangladesh,24.0348_89.1029.png
bangladesh,24.0348_90.6496.png
bangladesh,24.0348_90.6530.png
bangladesh,24.0348_90.8996.png
bangladesh,24.0348_90.9030.png
bangladesh,24.0348_91.0408.png
bangladesh,24.0348_91.1996.png
bangladesh,24.0348_91.2029.png
bangladesh,24.0462_88.9908.png
bangladesh,24.0462_89.0496.png
bangladesh,24.0462_89.0530.png
bangladesh,24.0462_89.0644.png
bangladesh,24.0462_89.6496.png
bangladesh,24.0462_89.6530.png
bangladesh,24.0462_89.8496.png
bangladesh,24.0462_89.8530.png
bangladesh,24.0462_90.6232.png
bangladesh,24.0462_90.6320.png
bangladesh,24.0462_90.6408.png
bangladesh,24.0462_90.6496.png
bangladesh,24.0462_91.1644.png
bangladesh,24.0462_91.1820.png
bangladesh,24.0462_91.1908.png
bangladesh,24.0462_91.2144.png
bangladesh,24.0462_91.2232.png
bangladesh,24.0462_91.2408.png
bangladesh,24.0462_91.2496.png
bangladesh,24.0462_91.2820.png
bangladesh,24.0462_91.2908.png
bangladesh,24.0497_88.9908.png
bangladesh,24.0497_89.0496.png
bangladesh,24.0497_89.0530.png
bangladesh,24.0497_89.0644.png
bangladesh,24.0497_89.6496.png
bangladesh,24.0497_89.6530.png
bangladesh,24.0497_89.8496.png
bangladesh,24.0497_89.8530.png
bangladesh,24.0497_90.6232.png
bangladesh,24.0497_90.6320.png
bangladesh,24.0497_90.6408.png
bangladesh,24.0497_90.6496.png
bangladesh,24.0497_91.1644.png
bangladesh,24.0497_91.1820.png
bangladesh,24.0497_91.1908.png
bangladesh,24.0497_91.2232.png
bangladesh,24.0497_91.2408.png
bangladesh,24.0497_91.2496.png
bangladesh,24.0585_89.0644.png
bangladesh,24.0585_89.6496.png
bangladesh,24.0585_89.6530.png
bangladesh,24.0585_89.8644.png
bangladesh,24.0585_90.7320.png
bangladesh,24.0585_90.7408.png
bangladesh,24.0585_90.9643.png
bangladesh,24.0585_91.2320.png
bangladesh,24.0585_91.2408.png
bangladesh,24.0585_91.2496.png
bangladesh,24.0585_91.2530.png
bangladesh,24.0673_89.3996.png
bangladesh,24.0673_89.4030.png
bangladesh,24.0673_89.8644.png
bangladesh,24.0673_89.8820.png
bangladesh,24.0673_89.8908.png
bangladesh,24.0673_90.0820.png
bangladesh,24.0673_90.0908.png
bangladesh,24.0673_90.7320.png
bangladesh,24.0673_90.7408.png
bangladesh,24.0673_90.9496.png
bangladesh,24.0673_90.9529.png
bangladesh,24.0673_90.9643.png
bangladesh,24.0673_91.2029.png
bangladesh,24.0673_91.2232.png
bangladesh,24.0673_91.2408.png
bangladesh,24.0673_91.2496.png
bangladesh,24.0673_91.2530.png
bangladesh,24.0761_88.8908.png
bangladesh,24.0761_89.1908.png
bangladesh,24.0761_89.3996.png
bangladesh,24.0761_89.4030.png
bangladesh,24.0761_89.8820.png
bangladesh,24.0761_89.8908.png
bangladesh,24.0761_90.1232.png
bangladesh,24.0761_90.3408.png
bangladesh,24.0761_90.3496.png
bangladesh,24.0761_90.5908.png
bangladesh,24.0761_90.5996.png
bangladesh,24.0761_90.6320.png
bangladesh,24.0761_90.6408.png
bangladesh,24.0761_90.6820.png
bangladesh,24.0761_90.6908.png
bangladesh,24.0761_90.9232.png
bangladesh,24.0761_90.9320.png
bangladesh,24.0761_90.9408.png
bangladesh,24.0761_90.9496.png
bangladesh,24.0761_90.9529.png
bangladesh,24.0761_91.2232.png
bangladesh,24.0761_91.2496.png
bangladesh,24.0761_91.2530.png
bangladesh,24.0761_91.2996.png
bangladesh,24.0761_91.3029.png
bangladesh,24.0849_88.8908.png
bangladesh,24.0849_89.1644.png
bangladesh,24.0849_89.1732.png
bangladesh,24.0849_89.3820.png
bangladesh,24.0849_90.1232.png
bangladesh,24.0849_90.1996.png
bangladesh,24.0849_90.2029.png
bangladesh,24.0849_90.3408.png
bangladesh,24.0849_90.5908.png
bangladesh,24.0849_90.5996.png
bangladesh,24.0849_90.6408.png
bangladesh,24.0849_90.6496.png
bangladesh,24.0849_90.8496.png
bangladesh,24.0849_90.8530.png
bangladesh,24.0849_90.9232.png
bangladesh,24.0849_90.9320.png
bangladesh,24.0849_90.9408.png
bangladesh,24.0849_90.9496.png
bangladesh,24.0849_90.9529.png
bangladesh,24.0849_91.1996.png
bangladesh,24.0963_89.3820.png
bangladesh,24.0963_89.5820.png
bangladesh,24.0963_89.6030.png
bangladesh,24.0963_90.1408.png
bangladesh,24.0963_90.1496.png
bangladesh,24.0963_90.1820.png
bangladesh,24.0963_90.1908.png
bangladesh,24.0963_90.1996.png
bangladesh,24.0963_90.2143.png
bangladesh,24.0963_90.2644.png
bangladesh,24.0963_90.3320.png
bangladesh,24.0963_90.3408.png
bangladesh,24.0963_90.5908.png
bangladesh,24.0963_90.6644.png
bangladesh,24.0963_90.6732.png
bangladesh,24.0963_90.6820.png
bangladesh,24.0963_90.6996.png
bangladesh,24.0963_90.7029.png
bangladesh,24.0963_90.7143.png
bangladesh,24.0963_90.7820.png
bangladesh,24.0963_90.8144.png
bangladesh,24.0963_90.8320.png
bangladesh,24.0963_90.8408.png
bangladesh,24.0963_90.8530.png
bangladesh,24.0963_90.8820.png
bangladesh,24.0963_91.1030.png
bangladesh,24.0963_91.1408.png
bangladesh,24.0963_91.1496.png
bangladesh,24.0963_91.1530.png
bangladesh,24.0963_91.1732.png
bangladesh,24.0997_89.3732.png
bangladesh,24.0997_89.5820.png
bangladesh,24.0997_89.6030.png
bangladesh,24.0997_89.7496.png
bangladesh,24.0997_89.8908.png
bangladesh,24.0997_90.1408.png
bangladesh,24.0997_90.1496.png
bangladesh,24.0997_90.1820.png
bangladesh,24.0997_90.1908.png
bangladesh,24.0997_90.1996.png
bangladesh,24.0997_90.2143.png
bangladesh,24.0997_90.2408.png
bangladesh,24.0997_90.2644.png
bangladesh,24.0997_90.3320.png
bangladesh,24.0997_90.3408.png
bangladesh,24.0997_90.3496.png
bangladesh,24.0997_90.3530.png
bangladesh,24.0997_90.5908.png
bangladesh,24.0997_90.5996.png
bangladesh,24.0997_90.6030.png
bangladesh,24.0997_90.6144.png
bangladesh,24.0997_90.6644.png
bangladesh,24.0997_90.6732.png
bangladesh,24.0997_90.6820.png
bangladesh,24.0997_90.6996.png
bangladesh,24.0997_90.7029.png
bangladesh,24.0997_90.7143.png
bangladesh,24.0997_90.7820.png
bangladesh,24.0997_90.8144.png
bangladesh,24.0997_90.8320.png
bangladesh,24.0997_90.8408.png
bangladesh,24.0997_90.8530.png
bangladesh,24.0997_90.8820.png
bangladesh,24.0997_91.1030.png
bangladesh,24.0997_91.1408.png
bangladesh,24.0997_91.1496.png
bangladesh,24.0997_91.1530.png
bangladesh,24.0997_91.4644.png
bangladesh,24.1085_88.8529.png
bangladesh,24.1085_88.8644.png
bangladesh,24.1085_89.2408.png
bangladesh,24.1085_89.2496.png
bangladesh,24.1085_89.8820.png
bangladesh,24.1085_89.8908.png
bangladesh,24.1085_90.0996.png
bangladesh,24.1085_90.1496.png
bangladesh,24.1085_90.1530.png
bangladesh,24.1085_90.1644.png
bangladesh,24.1085_90.1732.png
bangladesh,24.1085_90.1820.png
bangladesh,24.1085_90.1908.png
bangladesh,24.1085_90.1996.png
bangladesh,24.1085_90.2408.png
bangladesh,24.1085_90.3408.png
bangladesh,24.1085_90.3496.png
bangladesh,24.1085_90.3530.png
bangladesh,24.1085_90.5820.png
bangladesh,24.1085_90.5908.png
bangladesh,24.1085_90.5996.png
bangladesh,24.1085_90.6030.png
bangladesh,24.1085_90.6144.png
bangladesh,24.1085_90.6408.png
bangladesh,24.1085_90.8496.png
bangladesh,24.1085_90.8530.png
bangladesh,24.1085_91.1144.png
bangladesh,24.1085_91.1232.png
bangladesh,24.1085_91.1320.png
bangladesh,24.1085_91.3029.png
bangladesh,24.1085_91.4529.png
bangladesh,24.1085_91.4820.png
bangladesh,24.1085_91.6320.png
bangladesh,24.1173_89.2408.png
bangladesh,24.1173_89.2496.png
bangladesh,24.1173_89.7644.png
bangladesh,24.1173_89.8820.png
bangladesh,24.1173_89.8908.png
bangladesh,24.1173_90.0996.png
bangladesh,24.1173_90.1644.png
bangladesh,24.1173_90.1732.png
bangladesh,24.1173_90.1820.png
bangladesh,24.1173_90.3408.png
bangladesh,24.1173_90.3496.png
bangladesh,24.1173_90.5820.png
bangladesh,24.1173_90.5908.png
bangladesh,24.1173_90.6408.png
bangladesh,24.1173_90.8496.png
bangladesh,24.1173_90.8530.png
bangladesh,24.1173_90.9820.png
bangladesh,24.1173_91.3029.png
bangladesh,24.1173_91.4496.png
bangladesh,24.1173_91.6320.png
bangladesh,24.1261_89.3908.png
bangladesh,24.1261_89.5320.png
bangladesh,24.1261_89.5408.png
bangladesh,24.1261_90.1644.png
bangladesh,24.1261_90.1732.png
bangladesh,24.1261_90.3496.png
bangladesh,24.1261_90.3530.png
bangladesh,24.1261_90.9820.png
bangladesh,24.1261_91.1820.png
bangladesh,24.1261_91.2029.png
bangladesh,24.1261_91.4529.png
bangladesh,24.1261_91.4644.png
bangladesh,24.1261_91.6320.png
bangladesh,24.1349_90.1732.png
bangladesh,24.1349_90.3496.png
bangladesh,24.1349_90.3530.png
bangladesh,24.1349_90.5496.png
bangladesh,24.1349_90.5530.png
bangladesh,24.1349_90.8496.png
bangladesh,24.1349_90.8530.png
bangladesh,24.1349_91.0908.png
bangladesh,24.1349_91.0996.png
bangladesh,24.1349_91.2029.png
bangladesh,24.1349_91.2496.png
bangladesh,24.1349_91.4320.png
bangladesh,24.1349_91.4408.png
bangladesh,24.1349_91.5496.png
bangladesh,24.1349_91.5529.png
bangladesh,24.1349_91.6320.png
bangladesh,24.1463_89.0820.png
bangladesh,24.1463_89.0908.png
bangladesh,24.1463_89.4996.png
bangladesh,24.1463_90.1644.png
bangladesh,24.1463_90.1732.png
bangladesh,24.1463_90.5408.png
bangladesh,24.1463_90.5820.png
bangladesh,24.1463_90.7644.png
bangladesh,24.1463_91.2408.png
bangladesh,24.1463_91.4320.png
bangladesh,24.1463_91.4408.png
bangladesh,24.1463_91.4529.png
bangladesh,24.1463_91.6232.png
bangladesh,24.1463_91.7408.png
bangladesh,24.1463_91.7496.png
bangladesh,24.1463_91.7530.png
bangladesh,24.1463_91.8908.png
bangladesh,24.1496_89.0320.png
bangladesh,24.1496_89.0408.png
bangladesh,24.1496_89.0820.png
bangladesh,24.1496_89.0908.png
bangladesh,24.1496_89.4996.png
bangladesh,24.1496_90.0496.png
bangladesh,24.1496_90.0530.png
bangladesh,24.1496_90.1644.png
bangladesh,24.1496_90.1732.png
bangladesh,24.1496_90.1996.png
bangladesh,24.1496_90.2029.png
bangladesh,24.1496_90.5408.png
bangladesh,24.1496_90.5496.png
bangladesh,24.1496_90.5530.png
bangladesh,24.1496_90.5820.png
bangladesh,24.1496_90.7644.png
bangladesh,24.1496_91.4144.png
bangladesh,24.1496_91.4232.png
bangladesh,24.1496_91.4320.png
bangladesh,24.1496_91.6232.png
bangladesh,24.1496_91.7320.png
bangladesh,24.1496_91.7496.png
bangladesh,24.1496_91.8908.png
bangladesh,24.1496_91.9030.png
bangladesh,24.1584_89.0320.png
bangladesh,24.1584_89.0408.png
bangladesh,24.1584_89.5232.png
bangladesh,24.1584_89.5530.png
bangladesh,24.1584_89.7644.png
bangladesh,24.1584_90.0496.png
bangladesh,24.1584_90.0530.png
bangladesh,24.1584_90.1644.png
bangladesh,24.1584_90.1732.png
bangladesh,24.1584_90.1820.png
bangladesh,24.1584_90.5496.png
bangladesh,24.1584_90.5530.png
bangladesh,24.1584_90.7029.png
bangladesh,24.1584_90.7496.png
bangladesh,24.1584_90.7530.png
bangladesh,24.1584_91.1320.png
bangladesh,24.1584_91.6144.png
bangladesh,24.1584_91.7320.png
bangladesh,24.1584_91.7408.png
bangladesh,24.1584_91.7496.png
bangladesh,24.1672_88.9232.png
bangladesh,24.1672_88.9320.png
bangladesh,24.1672_88.9408.png
bangladesh,24.1672_88.9496.png
bangladesh,24.1672_89.0144.png
bangladesh,24.1672_89.0232.png
bangladesh,24.1672_89.2732.png
bangladesh,24.1672_89.4232.png
bangladesh,24.1672_89.4320.png
bangladesh,24.1672_89.5144.png
bangladesh,24.1672_89.5232.png
bangladesh,24.1672_90.0496.png
bangladesh,24.1672_90.0530.png
bangladesh,24.1672_90.1144.png
bangladesh,24.1672_90.1644.png
bangladesh,24.1672_90.1732.png
bangladesh,24.1672_90.1820.png
bangladesh,24.1672_90.6732.png
bangladesh,24.1672_90.6820.png
bangladesh,24.1672_90.7029.png
bangladesh,24.1672_90.7496.png
bangladesh,24.1672_90.7530.png
bangladesh,24.1672_91.2144.png
bangladesh,24.1672_91.4320.png
bangladesh,24.1672_91.7232.png
bangladesh,24.1672_91.7530.png
bangladesh,24.1760_88.7496.png
bangladesh,24.1760_88.7530.png
bangladesh,24.1760_88.9320.png
bangladesh,24.1760_88.9408.png
bangladesh,24.1760_88.9496.png
bangladesh,24.1760_88.9529.png
bangladesh,24.1760_89.0144.png
bangladesh,24.1760_89.0232.png
bangladesh,24.1760_89.0644.png
bangladesh,24.1760_89.2732.png
bangladesh,24.1760_89.4232.png
bangladesh,24.1760_90.1144.png
bangladesh,24.1760_90.6732.png
bangladesh,24.1760_90.6820.png
bangladesh,24.1760_90.6996.png
bangladesh,24.1760_90.7029.png
bangladesh,24.1760_90.7732.png
bangladesh,24.1760_91.1820.png
bangladesh,24.1760_91.4996.png
bangladesh,24.1760_91.5030.png
bangladesh,24.1760_91.7320.png
bangladesh,24.1760_91.7408.png
bangladesh,24.1760_91.7496.png
bangladesh,24.1760_91.9030.png
bangladesh,24.1848_88.9408.png
bangladesh,24.1848_88.9496.png
bangladesh,24.1848_88.9529.png
bangladesh,24.1848_88.9996.png
bangladesh,24.1848_89.0030.png
bangladesh,24.1848_89.0644.png
bangladesh,24.1848_89.4408.png
bangladesh,24.1848_89.7732.png
bangladesh,24.1848_90.1144.png
bangladesh,24.1848_90.7644.png
bangladesh,24.1848_90.7732.png
bangladesh,24.1848_90.7820.png
bangladesh,24.1848_91.0908.png
bangladesh,24.1848_91.1820.png
bangladesh,24.1848_91.3143.png
bangladesh,24.1848_91.3908.png
bangladesh,24.1848_91.4144.png
bangladesh,24.1848_91.7320.png
bangladesh,24.1848_91.7496.png
bangladesh,24.1848_91.8908.png
bangladesh,24.1848_91.8996.png
bangladesh,24.1848_91.9144.png
bangladesh,24.1963_88.9232.png
bangladesh,24.1963_88.9320.png
bangladesh,24.1963_88.9408.png
bangladesh,24.1963_88.9643.png
bangladesh,24.1963_88.9731.png
bangladesh,24.1963_89.0144.png
bangladesh,24.1963_89.1530.png
bangladesh,24.1963_90.7732.png
bangladesh,24.1963_91.0996.png
bangladesh,24.1963_91.1030.png
bangladesh,24.1963_91.1144.png
bangladesh,24.1963_91.1232.png
bangladesh,24.1963_91.1996.png
bangladesh,24.1963_91.2029.png
bangladesh,24.1963_91.3908.png
bangladesh,24.1963_91.4144.png
bangladesh,24.1963_91.7496.png
bangladesh,24.1997_88.7732.png
bangladesh,24.1997_88.9232.png
bangladesh,24.1997_88.9320.png
bangladesh,24.1997_88.9408.png
bangladesh,24.1997_88.9643.png
bangladesh,24.1997_88.9731.png
bangladesh,24.1997_89.0144.png
bangladesh,24.1997_89.1530.png
bangladesh,24.1997_89.5144.png
bangladesh,24.1997_90.6820.png
bangladesh,24.1997_90.6908.png
bangladesh,24.1997_90.7732.png
bangladesh,24.1997_91.0996.png
bangladesh,24.1997_91.1030.png
bangladesh,24.1997_91.1232.png
bangladesh,24.1997_91.1996.png
bangladesh,24.1997_91.2029.png
bangladesh,24.1997_91.7496.png
bangladesh,24.1997_91.9144.png
bangladesh,24.2085_88.9320.png
bangladesh,24.2085_88.9408.png
bangladesh,24.2085_89.3232.png
bangladesh,24.2085_90.6820.png
bangladesh,24.2085_90.6908.png
bangladesh,24.2085_91.1144.png
bangladesh,24.2085_91.1496.png
bangladesh,24.2085_91.1530.png
bangladesh,24.2085_91.6320.png
bangladesh,24.2085_91.7408.png
bangladesh,24.2085_91.7496.png
bangladesh,24.2085_91.8996.png
bangladesh,24.2085_91.9030.png
bangladesh,24.2173_89.1232.png
bangladesh,24.2173_89.1320.png
bangladesh,24.2173_89.3232.png
bangladesh,24.2173_90.5496.png
bangladesh,24.2173_90.5530.png
bangladesh,24.2173_90.9144.png
bangladesh,24.2173_90.9232.png
bangladesh,24.2173_90.9320.png
bangladesh,24.2173_90.9820.png
bangladesh,24.2173_91.2530.png
bangladesh,24.2173_91.5030.png
bangladesh,24.2173_91.5144.png
bangladesh,24.2173_91.9030.png
bangladesh,24.2173_91.9144.png
bangladesh,24.2173_91.9232.png
bangladesh,24.2261_89.1996.png
bangladesh,24.2261_89.2029.png
bangladesh,24.2261_89.2732.png
bangladesh,24.2261_89.5644.png
bangladesh,24.2261_89.5820.png
bangladesh,24.2261_89.9908.png
bangladesh,24.2261_90.5496.png
bangladesh,24.2261_90.5530.png
bangladesh,24.2261_90.6908.png
bangladesh,24.2261_90.6996.png
bangladesh,24.2261_90.9144.png
bangladesh,24.2261_90.9232.png
bangladesh,24.2261_90.9820.png
bangladesh,24.2261_91.4996.png
bangladesh,24.2261_91.5030.png
bangladesh,24.2261_91.7820.png
bangladesh,24.2261_91.7996.png
bangladesh,24.2261_91.8029.png
bangladesh,24.2261_91.8996.png
bangladesh,24.2349_89.1996.png
bangladesh,24.2349_89.2732.png
bangladesh,24.2349_89.3496.png
bangladesh,24.2349_89.3530.png
bangladesh,24.2349_89.5644.png
bangladesh,24.2349_89.5820.png
bangladesh,24.2349_89.9908.png
bangladesh,24.2349_90.0908.png
bangladesh,24.2349_90.0996.png
bangladesh,24.2349_90.1030.png
bangladesh,24.2349_90.6908.png
bangladesh,24.2349_90.6996.png
bangladesh,24.2349_91.0232.png
bangladesh,24.2349_91.0320.png
bangladesh,24.2349_91.7732.png
bangladesh,24.2349_91.7908.png
bangladesh,24.2349_91.8029.png
bangladesh,24.2349_91.8908.png
bangladesh,24.2349_91.9030.png
bangladesh,24.2349_91.9144.png
bangladesh,24.2463_89.0908.png
bangladesh,24.2463_89.0996.png
bangladesh,24.2463_89.1029.png
bangladesh,24.2463_89.1644.png
bangladesh,24.2463_89.1732.png
bangladesh,24.2463_89.2319.png
bangladesh,24.2463_89.2408.png
bangladesh,24.2463_89.2996.png
bangladesh,24.2463_89.4144.png
bangladesh,24.2463_89.7732.png
bangladesh,24.2463_90.0996.png
bangladesh,24.2463_90.1030.png
bangladesh,24.2463_90.8144.png
bangladesh,24.2463_90.8232.png
bangladesh,24.2463_90.9496.png
bangladesh,24.2463_90.9643.png
bangladesh,24.2463_91.0408.png
bangladesh,24.2463_91.2408.png
bangladesh,24.2463_91.2496.png
bangladesh,24.2463_91.2996.png
bangladesh,24.2463_91.4496.png
bangladesh,24.2463_91.4529.png
bangladesh,24.2463_91.4996.png
bangladesh,24.2463_91.5030.png
bangladesh,24.2463_91.6144.png
bangladesh,24.2463_91.6232.png
bangladesh,24.2463_91.7908.png
bangladesh,24.2463_91.8029.png
bangladesh,24.2463_91.8495.png
bangladesh,24.2463_91.8530.png
bangladesh,24.2463_91.8996.png
bangladesh,24.2463_91.9144.png
bangladesh,24.2496_89.0908.png
bangladesh,24.2496_89.1644.png
bangladesh,24.2496_89.1732.png
bangladesh,24.2496_89.2319.png
bangladesh,24.2496_89.2408.png
bangladesh,24.2496_89.2732.png
bangladesh,24.2496_89.2820.png
bangladesh,24.2496_89.2996.png
bangladesh,24.2496_89.3408.png
bangladesh,24.2496_89.5732.png
bangladesh,24.2496_89.7530.png
bangladesh,24.2496_89.7732.png
bangladesh,24.2496_90.0996.png
bangladesh,24.2496_90.1030.png
bangladesh,24.2496_90.7820.png
bangladesh,24.2496_90.8144.png
bangladesh,24.2496_90.8232.png
bangladesh,24.2496_90.9496.png
bangladesh,24.2496_90.9529.png
bangladesh,24.2496_90.9643.png
bangladesh,24.2496_91.0144.png
bangladesh,24.2496_91.0320.png
bangladesh,24.2496_91.1320.png
bangladesh,24.2496_91.2232.png
bangladesh,24.2496_91.2408.png
bangladesh,24.2496_91.2496.png
bangladesh,24.2496_91.4496.png
bangladesh,24.2496_91.4529.png
bangladesh,24.2496_91.4996.png
bangladesh,24.2496_91.5030.png
bangladesh,24.2496_91.7820.png
bangladesh,24.2496_91.7908.png
bangladesh,24.2496_91.7996.png
bangladesh,24.2496_91.8495.png
bangladesh,24.2496_91.8530.png
bangladesh,24.2496_91.9030.png
bangladesh,24.2496_91.9144.png
bangladesh,24.2496_91.9320.png
bangladesh,24.2584_88.9819.png
bangladesh,24.2584_88.9908.png
bangladesh,24.2584_89.2732.png
bangladesh,24.2584_89.2820.png
bangladesh,24.2584_89.2996.png
bangladesh,24.2584_89.3030.png
bangladesh,24.2584_89.3320.png
bangladesh,24.2584_89.3408.png
bangladesh,24.2584_89.5732.png
bangladesh,24.2584_89.7530.png
bangladesh,24.2584_89.7644.png
bangladesh,24.2584_89.7732.png
bangladesh,24.2584_90.6732.png
bangladesh,24.2584_90.7732.png
bangladesh,24.2584_90.7820.png
bangladesh,24.2584_90.9529.png
bangladesh,24.2584_91.0144.png
bangladesh,24.2584_91.0320.png
bangladesh,24.2584_91.1320.png
bangladesh,24.2584_91.1908.png
bangladesh,24.2584_91.2232.png
bangladesh,24.2584_91.5320.png
bangladesh,24.2584_91.6030.png
bangladesh,24.2584_91.9144.png
bangladesh,24.2584_91.9320.png
bangladesh,24.2672_88.9819.png
bangladesh,24.2672_88.9908.png
bangladesh,24.2672_89.0996.png
bangladesh,24.2672_89.1029.png
bangladesh,24.2672_89.3320.png
bangladesh,24.2672_89.7530.png
bangladesh,24.2672_90.6530.png
bangladesh,24.2672_90.6732.png
bangladesh,24.2672_91.1408.png
bangladesh,24.2672_91.1496.png
bangladesh,24.2672_91.2908.png
bangladesh,24.2672_91.5320.png
bangladesh,24.2672_91.6030.png
bangladesh,24.2672_91.7732.png
bangladesh,24.2672_91.7820.png
bangladesh,24.2672_91.9232.png
bangladesh,24.2760_88.9908.png
bangladesh,24.2760_88.9996.png
bangladesh,24.2760_89.2644.png
bangladesh,24.2760_89.2732.png
bangladesh,24.2760_89.7530.png
bangladesh,24.2760_89.7644.png
bangladesh,24.2760_89.7732.png
bangladesh,24.2760_90.6530.png
bangladesh,24.2760_91.0232.png
bangladesh,24.2760_91.0408.png
bangladesh,24.2760_91.4908.png
bangladesh,24.2760_91.6144.png
bangladesh,24.2760_91.7732.png
bangladesh,24.2760_91.9320.png
bangladesh,24.2848_88.9908.png
bangladesh,24.2848_88.9996.png
bangladesh,24.2848_89.2732.png
bangladesh,24.2848_89.2908.png
bangladesh,24.2848_89.2996.png
bangladesh,24.2848_89.7644.png
bangladesh,24.2848_89.8996.png
bangladesh,24.2848_89.9030.png
bangladesh,24.2848_90.8996.png
bangladesh,24.2848_90.9030.png
bangladesh,24.2848_91.0144.png
bangladesh,24.2848_91.0232.png
bangladesh,24.2848_91.0320.png
bangladesh,24.2848_91.0408.png
bangladesh,24.2848_91.3143.png
bangladesh,24.2848_91.4908.png
bangladesh,24.2848_91.4996.png
bangladesh,24.2848_91.5030.png
bangladesh,24.2848_91.5995.png
bangladesh,24.2848_91.6030.png
bangladesh,24.2848_91.7996.png
bangladesh,24.2848_91.9030.png
bangladesh,24.2848_91.9320.png
bangladesh,24.2962_88.8320.png
bangladesh,24.2962_89.3320.png
bangladesh,24.2962_89.7820.png
bangladesh,24.2962_89.8996.png
bangladesh,24.2962_89.9030.png
bangladesh,24.2962_89.9144.png
bangladesh,24.2962_90.5496.png
bangladesh,24.2962_90.5530.png
bangladesh,24.2962_90.5644.png
bangladesh,24.2962_90.6908.png
bangladesh,24.2962_90.6996.png
bangladesh,24.2962_90.8030.png
bangladesh,24.2962_90.8644.png
bangladesh,24.2962_90.8732.png
bangladesh,24.2962_90.9320.png
bangladesh,24.2962_91.1030.png
bangladesh,24.2962_91.1232.png
bangladesh,24.2962_91.3231.png
bangladesh,24.2962_91.4820.png
bangladesh,24.2962_91.4908.png
bangladesh,24.2962_91.4996.png
bangladesh,24.2962_91.5030.png
bangladesh,24.2962_91.5232.png
bangladesh,24.2962_91.5320.png
bangladesh,24.2962_91.5408.png
bangladesh,24.2962_91.6144.png
bangladesh,24.2962_91.7908.png
bangladesh,24.2962_91.7996.png
bangladesh,24.2962_91.9030.png
bangladesh,24.2962_91.9144.png
bangladesh,24.2962_91.9232.png
bangladesh,24.2997_88.8320.png
bangladesh,24.2997_89.7732.png
bangladesh,24.2997_89.9144.png
bangladesh,24.2997_90.5496.png
bangladesh,24.2997_90.5530.png
bangladesh,24.2997_90.5644.png
bangladesh,24.2997_90.5732.png
bangladesh,24.2997_90.6908.png
bangladesh,24.2997_90.6996.png
bangladesh,24.2997_90.8030.png
bangladesh,24.2997_91.0996.png
bangladesh,24.2997_91.3231.png
bangladesh,24.2997_91.4820.png
bangladesh,24.2997_91.4908.png
bangladesh,24.2997_91.4996.png
bangladesh,24.2997_91.5030.png
bangladesh,24.2997_91.5144.png
bangladesh,24.2997_91.5232.png
bangladesh,24.2997_91.5320.png
bangladesh,24.2997_91.5408.png
bangladesh,24.2997_91.9030.png
bangladesh,24.2997_91.9144.png
bangladesh,24.2997_91.9232.png
bangladesh,24.3085_88.8496.png
bangladesh,24.3085_88.8529.png
bangladesh,24.3085_89.2408.png
bangladesh,24.3085_89.5232.png
bangladesh,24.3085_89.5320.png
bangladesh,24.3085_90.5496.png
bangladesh,24.3085_90.5530.png
bangladesh,24.3085_90.9144.png
bangladesh,24.3085_90.9232.png
bangladesh,24.3085_91.0408.png
bangladesh,24.3085_91.0496.png
bangladesh,24.3085_91.4408.png
bangladesh,24.3085_91.4496.png
bangladesh,24.3085_91.4644.png
bangladesh,24.3085_91.4732.png
bangladesh,24.3085_91.5144.png
bangladesh,24.3085_91.7732.png
bangladesh,24.3085_91.7908.png
bangladesh,24.3085_91.7996.png
bangladesh,24.3173_88.8496.png
bangladesh,24.3173_88.8529.png
bangladesh,24.3173_90.9144.png
bangladesh,24.3173_90.9232.png
bangladesh,24.3173_91.4408.png
bangladesh,24.3173_91.4496.png
bangladesh,24.3173_91.4644.png
bangladesh,24.3173_91.4732.png
bangladesh,24.3173_91.5907.png
bangladesh,24.3173_91.5995.png
bangladesh,24.3173_91.6030.png
bangladesh,24.3173_91.7820.png
bangladesh,24.3173_91.7908.png
bangladesh,24.3261_89.0144.png
bangladesh,24.3261_89.2820.png
bangladesh,24.3261_89.5408.png
bangladesh,24.3261_89.5496.png
bangladesh,24.3261_89.5530.png
bangladesh,24.3261_90.0144.png
bangladesh,24.3261_90.0232.png
bangladesh,24.3261_90.0996.png
bangladesh,24.3261_90.1030.png
bangladesh,24.3261_90.8996.png
bangladesh,24.3261_90.9030.png
bangladesh,24.3261_91.4408.png
bangladesh,24.3261_91.4496.png
bangladesh,24.3261_91.5320.png
bangladesh,24.3261_91.5995.png
bangladesh,24.3261_91.6144.png
bangladesh,24.3261_91.7820.png
bangladesh,24.3261_91.8319.png
bangladesh,24.3261_91.8407.png
bangladesh,24.3261_91.9144.png
bangladesh,24.3349_88.5496.png
bangladesh,24.3349_89.5408.png
bangladesh,24.3349_89.5496.png
bangladesh,24.3349_89.5644.png
bangladesh,24.3349_89.6996.png
bangladesh,24.3349_89.7029.png
bangladesh,24.3349_89.7996.png
bangladesh,24.3349_90.7143.png
bangladesh,24.3349_90.7232.png
bangladesh,24.3349_91.5320.png
bangladesh,24.3349_91.6144.png
bangladesh,24.3349_91.6232.png
bangladesh,24.3349_91.7908.png
bangladesh,24.3349_91.7996.png
bangladesh,24.3349_91.8319.png
bangladesh,24.3349_91.8407.png
bangladesh,24.3349_91.9144.png
bangladesh,24.3463_88.6908.png
bangladesh,24.3463_88.7407.png
bangladesh,24.3463_88.7496.png
bangladesh,24.3463_88.7530.png
bangladesh,24.3463_88.8408.png
bangladesh,24.3463_89.2644.png
bangladesh,24.3463_89.5144.png
bangladesh,24.3463_89.5232.png
bangladesh,24.3463_90.4996.png
bangladesh,24.3463_90.5030.png
bangladesh,24.3463_90.6144.png
bangladesh,24.3463_90.7644.png
bangladesh,24.3463_90.8732.png
bangladesh,24.3463_90.9144.png
bangladesh,24.3463_91.5907.png
bangladesh,24.3463_91.5995.png
bangladesh,24.3463_91.6030.png
bangladesh,24.3463_91.7908.png
bangladesh,24.3463_91.7996.png
bangladesh,24.3497_88.6908.png
bangladesh,24.3497_88.7407.png
bangladesh,24.3497_88.7496.png
bangladesh,24.3497_88.7530.png
bangladesh,24.3497_88.8408.png
bangladesh,24.3497_88.9908.png
bangladesh,24.3497_88.9996.png
bangladesh,24.3497_89.2644.png
bangladesh,24.3497_89.5144.png
bangladesh,24.3497_89.5232.png
bangladesh,24.3497_89.7996.png
bangladesh,24.3497_90.6144.png
bangladesh,24.3497_90.7644.png
bangladesh,24.3497_90.8644.png
bangladesh,24.3497_90.8732.png
bangladesh,24.3497_91.3820.png
bangladesh,24.3497_91.5907.png
bangladesh,24.3497_91.6144.png
bangladesh,24.3497_91.7996.png
bangladesh,24.3585_88.9908.png
bangladesh,24.3585_88.9996.png
bangladesh,24.3585_89.2408.png
bangladesh,24.3585_89.2496.png
bangladesh,24.3585_89.2530.png
bangladesh,24.3585_89.5408.png
bangladesh,24.3585_89.5496.png
bangladesh,24.3585_89.5530.png
bangladesh,24.3585_89.6732.png
bangladesh,24.3585_89.7908.png
bangladesh,24.3585_89.9996.png
bangladesh,24.3585_90.0030.png
bangladesh,24.3585_90.5496.png
bangladesh,24.3585_90.5530.png
bangladesh,24.3585_91.3996.png
bangladesh,24.3585_91.6030.png
bangladesh,24.3585_91.6144.png
bangladesh,24.3585_91.7996.png
bangladesh,24.3673_88.6644.png
bangladesh,24.3673_88.6732.png
bangladesh,24.3673_88.6820.png
bangladesh,24.3673_88.8408.png
bangladesh,24.3673_88.8496.png
bangladesh,24.3673_88.8996.png
bangladesh,24.3673_88.9030.png
bangladesh,24.3673_89.2496.png
bangladesh,24.3673_89.2530.png
bangladesh,24.3673_89.2644.png
bangladesh,24.3673_89.2732.png
bangladesh,24.3673_89.6732.png
bangladesh,24.3673_89.7908.png
bangladesh,24.3673_90.7496.png
bangladesh,24.3673_90.7530.png
bangladesh,24.3673_90.8820.png
bangladesh,24.3673_91.5408.png
bangladesh,24.3673_91.5496.png
bangladesh,24.3673_91.5995.png
bangladesh,24.3673_91.6144.png
bangladesh,24.3761_88.6644.png
bangladesh,24.3761_88.6732.png
bangladesh,24.3761_88.6820.png
bangladesh,24.3761_88.6908.png
bangladesh,24.3761_88.8996.png
bangladesh,24.3761_88.9030.png
bangladesh,24.3761_88.9320.png
bangladesh,24.3761_88.9408.png
bangladesh,24.3761_89.0408.png
bangladesh,24.3761_89.0496.png
bangladesh,24.3761_89.2644.png
bangladesh,24.3761_89.5496.png
bangladesh,24.3761_89.5530.png
bangladesh,24.3761_89.7908.png
bangladesh,24.3761_90.3996.png
bangladesh,24.3761_90.4030.png
bangladesh,24.3761_90.5732.png
bangladesh,24.3761_90.7320.png
bangladesh,24.3761_90.7496.png
bangladesh,24.3761_90.7530.png
bangladesh,24.3761_90.9643.png
bangladesh,24.3761_91.5408.png
bangladesh,24.3761_91.5496.png
bangladesh,24.3761_92.0496.png
bangladesh,24.3761_92.0529.png
bangladesh,24.3761_92.0819.png
bangladesh,24.3761_92.0995.png
bangladesh,24.3849_88.3820.png
bangladesh,24.3849_88.4731.png
bangladesh,24.3849_88.4819.png
bangladesh,24.3849_88.4907.png
bangladesh,24.3849_88.6644.png
bangladesh,24.3849_88.6732.png
bangladesh,24.3849_88.6820.png
bangladesh,24.3849_88.6908.png
bangladesh,24.3849_88.6996.png
bangladesh,24.3849_88.7029.png
bangladesh,24.3849_88.9232.png
bangladesh,24.3849_88.9320.png
bangladesh,24.3849_88.9408.png
bangladesh,24.3849_89.0320.png
bangladesh,24.3849_89.0408.png
bangladesh,24.3849_89.5320.png
bangladesh,24.3849_89.5408.png
bangladesh,24.3849_89.7908.png
bangladesh,24.3849_90.3996.png
bangladesh,24.3849_90.4030.png
bangladesh,24.3849_90.4232.png
bangladesh,24.3849_90.4320.png
bangladesh,24.3849_90.4408.png
bangladesh,24.3849_90.4496.png
bangladesh,24.3849_90.4529.png
bangladesh,24.3849_90.5732.png
bangladesh,24.3849_90.7320.png
bangladesh,24.3849_90.7644.png
bangladesh,24.3849_90.7732.png
bangladesh,24.3849_90.8144.png
bangladesh,24.3849_90.8232.png
bangladesh,24.3849_91.1320.png
bangladesh,24.3849_91.3029.png
bangladesh,24.3849_91.6144.png
bangladesh,24.3849_92.0496.png
bangladesh,24.3849_92.0731.png
bangladesh,24.3963_88.6408.png
bangladesh,24.3963_88.6644.png
bangladesh,24.3963_88.9320.png
bangladesh,24.3963_88.9408.png
bangladesh,24.3963_88.9496.png
bangladesh,24.3963_88.9529.png
bangladesh,24.3963_89.0996.png
bangladesh,24.3963_89.1029.png
bangladesh,24.3963_89.5232.png
bangladesh,24.3963_89.5320.png
bangladesh,24.3963_89.5408.png
bangladesh,24.3963_89.5496.png
bangladesh,24.3963_89.5530.png
bangladesh,24.3963_89.7908.png
bangladesh,24.3963_90.4320.png
bangladesh,24.3963_90.4408.png
bangladesh,24.3963_90.5644.png
bangladesh,24.3963_90.6030.png
bangladesh,24.3963_90.6144.png
bangladesh,24.3963_90.7496.png
bangladesh,24.3963_90.7644.png
bangladesh,24.3963_90.8908.png
bangladesh,24.3963_90.8996.png
bangladesh,24.3963_91.4408.png
bangladesh,24.3963_91.4996.png
bangladesh,24.3963_91.5030.png
bangladesh,24.3963_91.7408.png
bangladesh,24.3963_91.7496.png
bangladesh,24.3963_91.7820.png
bangladesh,24.3963_91.8495.png
bangladesh,24.3963_91.8530.png
bangladesh,24.3963_92.0643.png
bangladesh,24.3963_92.0731.png
bangladesh,24.3963_92.0819.png
bangladesh,24.3963_92.0907.png
bangladesh,24.3996_88.6408.png
bangladesh,24.3996_88.6496.png
bangladesh,24.3996_88.6644.png
bangladesh,24.3996_88.6732.png
bangladesh,24.3996_88.9320.png
bangladesh,24.3996_88.9408.png
bangladesh,24.3996_88.9496.png
bangladesh,24.3996_88.9529.png
bangladesh,24.3996_89.0144.png
bangladesh,24.3996_89.0996.png
bangladesh,24.3996_89.1029.png
bangladesh,24.3996_89.5232.png
bangladesh,24.3996_89.5320.png
bangladesh,24.3996_89.5408.png
bangladesh,24.3996_89.5496.png
bangladesh,24.3996_89.5530.png
bangladesh,24.3996_89.8496.png
bangladesh,24.3996_89.8530.png
bangladesh,24.3996_90.4643.png
bangladesh,24.3996_90.5644.png
bangladesh,24.3996_90.6030.png
bangladesh,24.3996_90.6144.png
bangladesh,24.3996_90.7408.png
bangladesh,24.3996_90.7496.png
bangladesh,24.3996_90.7530.png
bangladesh,24.3996_90.7644.png
bangladesh,24.3996_91.3231.png
bangladesh,24.3996_91.3407.png
bangladesh,24.3996_91.4996.png
bangladesh,24.3996_91.5030.png
bangladesh,24.3996_91.5144.png
bangladesh,24.3996_91.7408.png
bangladesh,24.3996_91.7496.png
bangladesh,24.3996_92.0529.png
bangladesh,24.3996_92.0643.png
bangladesh,24.3996_92.0819.png
bangladesh,24.3996_92.0995.png
bangladesh,24.4084_88.3996.png
bangladesh,24.4084_88.4030.png
bangladesh,24.4084_88.4232.png
bangladesh,24.4084_88.5232.png
bangladesh,24.4084_88.5320.png
bangladesh,24.4084_88.6408.png
bangladesh,24.4084_88.6496.png
bangladesh,24.4084_88.6530.png
bangladesh,24.4084_88.6644.png
bangladesh,24.4084_88.6996.png
bangladesh,24.4084_88.7029.png
bangladesh,24.4084_88.7143.png
bangladesh,24.4084_88.7231.png
bangladesh,24.4084_88.8644.png
bangladesh,24.4084_88.9408.png
bangladesh,24.4084_88.9496.png
bangladesh,24.4084_88.9529.png
bangladesh,24.4084_89.0144.png
bangladesh,24.4084_89.4408.png
bangladesh,24.4084_89.4496.png
bangladesh,24.4084_89.4529.png
bangladesh,24.4084_89.4996.png
bangladesh,24.4084_89.5030.png
bangladesh,24.4084_89.6320.png
bangladesh,24.4084_89.8496.png
bangladesh,24.4084_89.8530.png
bangladesh,24.4084_90.4643.png
bangladesh,24.4084_90.7029.png
bangladesh,24.4084_91.5232.png
bangladesh,24.4084_91.5995.png
bangladesh,24.4084_91.6030.png
bangladesh,24.4084_91.8495.png
bangladesh,24.4084_91.8530.png
bangladesh,24.4084_92.0529.png
bangladesh,24.4084_92.0643.png
bangladesh,24.4084_92.0907.png
bangladesh,24.4084_92.0995.png
bangladesh,24.4172_88.4232.png
bangladesh,24.4172_88.6732.png
bangladesh,24.4172_88.6820.png
bangladesh,24.4172_88.6996.png
bangladesh,24.4172_88.7029.png
bangladesh,24.4172_88.8644.png
bangladesh,24.4172_89.1496.png
bangladesh,24.4172_89.1530.png
bangladesh,24.4172_89.2496.png
bangladesh,24.4172_89.4496.png
bangladesh,24.4172_89.4529.png
bangladesh,24.4172_89.5644.png
bangladesh,24.4172_89.5732.png
bangladesh,24.4172_89.6320.png
bangladesh,24.4172_89.8908.png
bangladesh,24.4172_89.8996.png
bangladesh,24.4172_90.4732.png
bangladesh,24.4172_90.4820.png
bangladesh,24.4172_90.6732.png
bangladesh,24.4172_90.6820.png
bangladesh,24.4172_90.7029.png
bangladesh,24.4172_90.7143.png
bangladesh,24.4172_90.7232.png
bangladesh,24.4172_90.7496.png
bangladesh,24.4172_91.3644.png
bangladesh,24.4172_91.5144.png
bangladesh,24.4172_91.8495.png
bangladesh,24.4172_91.8530.png
bangladesh,24.4172_92.0496.png
bangladesh,24.4172_92.0529.png
bangladesh,24.4172_92.0643.png
bangladesh,24.4172_92.0731.png
bangladesh,24.4172_92.0995.png
bangladesh,24.4260_88.3644.png
bangladesh,24.4260_88.3732.png
bangladesh,24.4260_88.6644.png
bangladesh,24.4260_88.9731.png
bangladesh,24.4260_89.0496.png
bangladesh,24.4260_89.0530.png
bangladesh,24.4260_89.4496.png
bangladesh,24.4260_89.4529.png
bangladesh,24.4260_89.8908.png
bangladesh,24.4260_89.8996.png
bangladesh,24.4260_90.4908.png
bangladesh,24.4260_90.4996.png
bangladesh,24.4260_90.6820.png
bangladesh,24.4260_90.7496.png
bangladesh,24.4260_90.7530.png
bangladesh,24.4260_91.0908.png
bangladesh,24.4260_92.0496.png
bangladesh,24.4260_92.0529.png
bangladesh,24.4260_92.0819.png
bangladesh,24.4260_92.0995.png
bangladesh,24.4348_88.3529.png
bangladesh,24.4348_88.3644.png
bangladesh,24.4348_88.3732.png
bangladesh,24.4348_88.3820.png
bangladesh,24.4348_88.6644.png
bangladesh,24.4348_88.8496.png
bangladesh,24.4348_88.8529.png
bangladesh,24.4348_88.8996.png
bangladesh,24.4348_88.9030.png
bangladesh,24.4348_88.9643.png
bangladesh,24.4348_88.9908.png
bangladesh,24.4348_88.9996.png
bangladesh,24.4348_89.0232.png
bangladesh,24.4348_89.0320.png
bangladesh,24.4348_89.0496.png
bangladesh,24.4348_89.0530.png
bangladesh,24.4348_89.4320.png
bangladesh,24.4348_89.4408.png
bangladesh,24.4348_89.5496.png
bangladesh,24.4348_89.5530.png
bangladesh,24.4348_89.6232.png
bangladesh,24.4348_89.6320.png
bangladesh,24.4348_89.8820.png
bangladesh,24.4348_89.8908.png
bangladesh,24.4348_89.9908.png
bangladesh,24.4348_89.9996.png
bangladesh,24.4348_90.6644.png
bangladesh,24.4348_90.6732.png
bangladesh,24.4348_90.6820.png
bangladesh,24.4348_90.8144.png
bangladesh,24.4348_90.8232.png
bangladesh,24.4348_90.8408.png
bangladesh,24.4348_90.8496.png
bangladesh,24.4348_91.0996.png
bangladesh,24.4348_91.9320.png
bangladesh,24.4348_91.9496.png
bangladesh,24.4348_91.9529.png
bangladesh,24.4348_92.0529.png
bangladesh,24.4348_92.0907.png
bangladesh,24.4348_92.0995.png
bangladesh,24.4348_92.1030.png
bangladesh,24.4463_88.4996.png
bangladesh,24.4463_88.5030.png
bangladesh,24.4463_88.5144.png
bangladesh,24.4463_88.5496.png
bangladesh,24.4463_88.9819.png
bangladesh,24.4463_88.9908.png
bangladesh,24.4463_89.0496.png
bangladesh,24.4463_89.0530.png
bangladesh,24.4463_89.0644.png
bangladesh,24.4463_89.2644.png
bangladesh,24.4463_89.2732.png
bangladesh,24.4463_89.4408.png
bangladesh,24.4463_89.4496.png
bangladesh,24.4463_89.5144.png
bangladesh,24.4463_89.5232.png
bangladesh,24.4463_89.5320.png
bangladesh,24.4463_89.5408.png
bangladesh,24.4463_89.5496.png
bangladesh,24.4463_89.6144.png
bangladesh,24.4463_89.9820.png
bangladesh,24.4463_90.3996.png
bangladesh,24.4463_90.4030.png
bangladesh,24.4463_90.4643.png
bangladesh,24.4463_90.4732.png
bangladesh,24.4463_90.5144.png
bangladesh,24.4463_90.7029.png
bangladesh,24.4463_90.7232.png
bangladesh,24.4463_90.7320.png
bangladesh,24.4463_90.7496.png
bangladesh,24.4463_90.7530.png
bangladesh,24.4463_90.8232.png
bangladesh,24.4463_90.8320.png
bangladesh,24.4463_91.0496.png
bangladesh,24.4463_91.0530.png
bangladesh,24.4463_91.0644.png
bangladesh,24.4463_91.9996.png
bangladesh,24.4463_92.0030.png
bangladesh,24.4463_92.0643.png
bangladesh,24.4463_92.0731.png
bangladesh,24.4463_92.0995.png
bangladesh,24.4463_92.1030.png
bangladesh,24.4463_92.1144.png
bangladesh,24.4497_88.4996.png
bangladesh,24.4497_88.5030.png
bangladesh,24.4497_88.5144.png
bangladesh,24.4497_88.5496.png
bangladesh,24.4497_88.6996.png
bangladesh,24.4497_88.7029.png
bangladesh,24.4497_88.9819.png
bangladesh,24.4497_88.9908.png
bangladesh,24.4497_89.0496.png
bangladesh,24.4497_89.0530.png
bangladesh,24.4497_89.0644.png
bangladesh,24.4497_89.2732.png
bangladesh,24.4497_89.2820.png
bangladesh,24.4497_89.4408.png
bangladesh,24.4497_89.4496.png
bangladesh,24.4497_89.5144.png
bangladesh,24.4497_89.6144.png
bangladesh,24.4497_89.9820.png
bangladesh,24.4497_89.9908.png
bangladesh,24.4497_90.3996.png
bangladesh,24.4497_90.4030.png
bangladesh,24.4497_90.4496.png
bangladesh,24.4497_90.4529.png
bangladesh,24.4497_90.4643.png
bangladesh,24.4497_90.4732.png
bangladesh,24.4497_90.5144.png
bangladesh,24.4497_90.7029.png
bangladesh,24.4497_90.7496.png
bangladesh,24.4497_90.7530.png
bangladesh,24.4497_90.8232.png
bangladesh,24.4497_90.8320.png
bangladesh,24.4497_91.0644.png
bangladesh,24.4497_91.3644.png
bangladesh,24.4497_91.3732.png
bangladesh,24.4497_91.9996.png
bangladesh,24.4497_92.0030.png
bangladesh,24.4497_92.0819.png
bangladesh,24.4497_92.0995.png
bangladesh,24.4497_92.1030.png
bangladesh,24.4497_92.1144.png
bangladesh,24.4585_88.6908.png
bangladesh,24.4585_88.6996.png
bangladesh,24.4585_88.7029.png
bangladesh,24.4585_89.0496.png
bangladesh,24.4585_89.0530.png
bangladesh,24.4585_89.0732.png
bangladesh,24.4585_89.2908.png
bangladesh,24.4585_89.2996.png
bangladesh,24.4585_89.4643.png
bangladesh,24.4585_89.4731.png
bangladesh,24.4585_89.8496.png
bangladesh,24.4585_89.8530.png
bangladesh,24.4585_89.9731.png
bangladesh,24.4585_89.9820.png
bangladesh,24.4585_89.9908.png
bangladesh,24.4585_90.0820.png
bangladesh,24.4585_90.4232.png
bangladesh,24.4585_90.4320.png
bangladesh,24.4585_90.4496.png
bangladesh,24.4585_90.4529.png
bangladesh,24.4585_91.3644.png
bangladesh,24.4585_91.3732.png
bangladesh,24.4585_92.0643.png
bangladesh,24.4585_92.0731.png
bangladesh,24.4585_92.0819.png
bangladesh,24.4585_92.0907.png
bangladesh,24.4585_92.0995.png
bangladesh,24.4585_92.1030.png
bangladesh,24.4585_92.1144.png
bangladesh,24.4673_88.6908.png
bangladesh,24.4673_88.6996.png
bangladesh,24.4673_88.8644.png
bangladesh,24.4673_88.8732.png
bangladesh,24.4673_88.8820.png
bangladesh,24.4673_89.0644.png
bangladesh,24.4673_89.0732.png
bangladesh,24.4673_89.4320.png
bangladesh,24.4673_89.4643.png
bangladesh,24.4673_89.4731.png
bangladesh,24.4673_89.9908.png
bangladesh,24.4673_89.9996.png
bangladesh,24.4673_90.0820.png
bangladesh,24.4673_90.0908.png
bangladesh,24.4673_90.4232.png
bangladesh,24.4673_90.4320.png
bangladesh,24.4673_90.5232.png
bangladesh,24.4673_90.5320.png
bangladesh,24.4673_91.3495.png
bangladesh,24.4673_92.0643.png
bangladesh,24.4673_92.0819.png
bangladesh,24.4673_92.0907.png
bangladesh,24.4673_92.0995.png
bangladesh,24.4673_92.1030.png
bangladesh,24.4761_89.0732.png
bangladesh,24.4761_89.0820.png
bangladesh,24.4761_89.0908.png
bangladesh,24.4761_89.4731.png
bangladesh,24.4761_89.4819.png
bangladesh,24.4761_89.4908.png
bangladesh,24.4761_89.4996.png
bangladesh,24.4761_89.5144.png
bangladesh,24.4761_89.5232.png
bangladesh,24.4761_89.5320.png
bangladesh,24.4761_89.9496.png
bangladesh,24.4761_89.9529.png
bangladesh,24.4761_90.0908.png
bangladesh,24.4761_90.0996.png
bangladesh,24.4761_90.7820.png
bangladesh,24.4761_90.7908.png
bangladesh,24.4761_91.3029.png
bangladesh,24.4761_91.3407.png
bangladesh,24.4761_91.6908.png
bangladesh,24.4761_91.6996.png
bangladesh,24.4761_91.7029.png
bangladesh,24.4761_91.9732.png
bangladesh,24.4761_91.9820.png
bangladesh,24.4761_92.0643.png
bangladesh,24.4761_92.0819.png
bangladesh,24.4761_92.0995.png
bangladesh,24.4761_92.1030.png
bangladesh,24.4849_89.0908.png
bangladesh,24.4849_89.0996.png
bangladesh,24.4849_89.2143.png
bangladesh,24.4849_89.4731.png
bangladesh,24.4849_89.4819.png
bangladesh,24.4849_89.4908.png
bangladesh,24.4849_89.4996.png
bangladesh,24.4849_89.5030.png
bangladesh,24.4849_89.5144.png
bangladesh,24.4849_89.5232.png
bangladesh,24.4849_89.5996.png
bangladesh,24.4849_89.6030.png
bangladesh,24.4849_89.9496.png
bangladesh,24.4849_89.9529.png
bangladesh,24.4849_90.0996.png
bangladesh,24.4849_90.1030.png
bangladesh,24.4849_90.3496.png
bangladesh,24.4849_90.3530.png
bangladesh,24.4849_91.0232.png
bangladesh,24.4849_91.6996.png
bangladesh,24.4849_91.7029.png
bangladesh,24.4849_91.9732.png
bangladesh,24.4849_91.9820.png
bangladesh,24.4849_92.0731.png
bangladesh,24.4849_92.0907.png
bangladesh,24.4963_88.6029.png
bangladesh,24.4963_88.8996.png
bangladesh,24.4963_88.9030.png
bangladesh,24.4963_89.2231.png
bangladesh,24.4963_89.2408.png
bangladesh,24.4963_89.4496.png
bangladesh,24.4963_89.4529.png
bangladesh,24.4963_89.4908.png
bangladesh,24.4963_89.5408.png
bangladesh,24.4963_89.5820.png
bangladesh,24.4963_89.6144.png
bangladesh,24.4963_89.7143.png
bangladesh,24.4963_90.0732.png
bangladesh,24.4963_90.2496.png
bangladesh,24.4963_90.2530.png
bangladesh,24.4963_91.3996.png
bangladesh,24.4963_91.4030.png
bangladesh,24.4963_91.6530.png
bangladesh,24.4963_91.6908.png
bangladesh,24.4963_91.6996.png
bangladesh,24.4963_91.7996.png
bangladesh,24.4963_91.8029.png
bangladesh,24.4996_88.6029.png
bangladesh,24.4996_88.8996.png
bangladesh,24.4996_88.9030.png
bangladesh,24.4996_89.2231.png
bangladesh,24.4996_89.2319.png
bangladesh,24.4996_89.4529.png
bangladesh,24.4996_89.4908.png
bangladesh,24.4996_89.5320.png
bangladesh,24.4996_89.5408.png
bangladesh,24.4996_89.5820.png
bangladesh,24.4996_89.6144.png
bangladesh,24.4996_89.6644.png
bangladesh,24.4996_89.6732.png
bangladesh,24.4996_90.0732.png
bangladesh,24.4996_90.2496.png
bangladesh,24.4996_90.2530.png
bangladesh,24.4996_90.3144.png
bangladesh,24.4996_90.9643.png
bangladesh,24.4996_91.5030.png
bangladesh,24.4996_91.6530.png
bangladesh,24.4996_91.6908.png
bangladesh,24.4996_91.6996.png
bangladesh,24.4996_92.0496.png
bangladesh,24.4996_92.0529.png
bangladesh,24.4996_92.0907.png
bangladesh,24.4996_92.1144.png
bangladesh,24.5084_90.2820.png
bangladesh,24.5084_90.2908.png
bangladesh,24.5084_90.3144.png
bangladesh,24.5084_90.3820.png
bangladesh,24.5084_90.3908.png
bangladesh,24.5084_90.4320.png
bangladesh,24.5084_90.4408.png
bangladesh,24.5084_90.9643.png
bangladesh,24.5084_91.2320.png
bangladesh,24.5084_91.2408.png
bangladesh,24.5084_91.5144.png
bangladesh,24.5084_91.7908.png
bangladesh,24.5084_91.7996.png
bangladesh,24.5084_91.8319.png
bangladesh,24.5084_91.8407.png
bangladesh,24.5084_91.9996.png
bangladesh,24.5084_92.0030.png
bangladesh,24.5084_92.0496.png
bangladesh,24.5084_92.0529.png
bangladesh,24.5084_92.0995.png
bangladesh,24.5172_88.6496.png
bangladesh,24.5172_88.6530.png
bangladesh,24.5172_88.8496.png
bangladesh,24.5172_88.8529.png
bangladesh,24.5172_88.8732.png
bangladesh,24.5172_88.8820.png
bangladesh,24.5172_89.5732.png
bangladesh,24.5172_89.5820.png
bangladesh,24.5172_90.0908.png
bangladesh,24.5172_90.0996.png
bangladesh,24.5172_90.1030.png
bangladesh,24.5172_90.2820.png
bangladesh,24.5172_91.2408.png
bangladesh,24.5172_91.3231.png
bangladesh,24.5260_88.6996.png
bangladesh,24.5260_88.7029.png
bangladesh,24.5260_88.8732.png
bangladesh,24.5260_88.8820.png
bangladesh,24.5260_89.2820.png
bangladesh,24.5260_89.4996.png
bangladesh,24.5260_89.5030.png
bangladesh,24.5260_89.5144.png
bangladesh,24.5260_89.5496.png
bangladesh,24.5260_89.5530.png
bangladesh,24.5260_89.5644.png
bangladesh,24.5260_89.5732.png
bangladesh,24.5260_89.5820.png
bangladesh,24.5260_90.2820.png
bangladesh,24.5260_90.4496.png
bangladesh,24.5260_90.4529.png
bangladesh,24.5260_91.1320.png
bangladesh,24.5260_91.2320.png
bangladesh,24.5260_91.2408.png
bangladesh,24.5260_91.2496.png
bangladesh,24.5260_91.2530.png
bangladesh,24.5260_91.2820.png
bangladesh,24.5260_91.5819.png
bangladesh,24.5260_91.5907.png
bangladesh,24.5348_88.6996.png
bangladesh,24.5348_88.7029.png
bangladesh,24.5348_88.7496.png
bangladesh,24.5348_88.7530.png
bangladesh,24.5348_89.1644.png
bangladesh,24.5348_89.4908.png
bangladesh,24.5348_89.4996.png
bangladesh,24.5348_89.5030.png
bangladesh,24.5348_89.5496.png
bangladesh,24.5348_89.5530.png
bangladesh,24.5348_89.5644.png
bangladesh,24.5348_89.5732.png
bangladesh,24.5348_90.0908.png
bangladesh,24.5348_90.0996.png
bangladesh,24.5348_90.3644.png
bangladesh,24.5348_90.3732.png
bangladesh,24.5348_90.4144.png
bangladesh,24.5348_90.4232.png
bangladesh,24.5348_90.7496.png
bangladesh,24.5348_90.7530.png
bangladesh,24.5348_91.2644.png
bangladesh,24.5348_91.3231.png
bangladesh,24.5462_88.7732.png
bangladesh,24.5462_89.4731.png
bangladesh,24.5462_89.4819.png
bangladesh,24.5462_89.4908.png
bangladesh,24.5462_89.9820.png
bangladesh,24.5462_89.9996.png
bangladesh,24.5462_90.0030.png
bangladesh,24.5462_90.0820.png
bangladesh,24.5462_90.3144.png
bangladesh,24.5462_90.3232.png
bangladesh,24.5462_90.4144.png
bangladesh,24.5462_90.4320.png
bangladesh,24.5462_90.4408.png
bangladesh,24.5462_90.6820.png
bangladesh,24.5462_90.6908.png
bangladesh,24.5462_90.7732.png
bangladesh,24.5462_91.1644.png
bangladesh,24.5462_91.2732.png
bangladesh,24.5462_91.2820.png
bangladesh,24.5462_91.2908.png
bangladesh,24.5462_92.0529.png
bangladesh,24.5497_88.7732.png
bangladesh,24.5497_88.8030.png
bangladesh,24.5497_89.3030.png
bangladesh,24.5497_89.4731.png
bangladesh,24.5497_89.4819.png
bangladesh,24.5497_89.4908.png
bangladesh,24.5497_89.9820.png
bangladesh,24.5497_90.0030.png
bangladesh,24.5497_90.0820.png
bangladesh,24.5497_90.3144.png
bangladesh,24.5497_90.3232.png
bangladesh,24.5497_90.4908.png
bangladesh,24.5497_90.6820.png
bangladesh,24.5497_90.6908.png
bangladesh,24.5497_90.7732.png
bangladesh,24.5497_90.8644.png
bangladesh,24.5497_90.8732.png
bangladesh,24.5497_91.1732.png
bangladesh,24.5497_91.2732.png
bangladesh,24.5497_91.2908.png
bangladesh,24.5497_92.0529.png
bangladesh,24.5585_88.8030.png
bangladesh,24.5585_89.1732.png
bangladesh,24.5585_89.5496.png
bangladesh,24.5585_89.5530.png
bangladesh,24.5585_89.9996.png
bangladesh,24.5585_90.0030.png
bangladesh,24.5585_90.0644.png
bangladesh,24.5585_90.0732.png
bangladesh,24.5585_90.3144.png
bangladesh,24.5585_90.3496.png
bangladesh,24.5585_90.3530.png
bangladesh,24.5585_90.3996.png
bangladesh,24.5585_90.4030.png
bangladesh,24.5585_90.4643.png
bangladesh,24.5585_90.4820.png
bangladesh,24.5585_90.4908.png
bangladesh,24.5585_90.4996.png
bangladesh,24.5585_90.5030.png
bangladesh,24.5585_90.7496.png
bangladesh,24.5585_90.7530.png
bangladesh,24.5585_90.8644.png
bangladesh,24.5585_90.8732.png
bangladesh,24.5585_91.9320.png
bangladesh,24.5585_91.9408.png
bangladesh,24.5673_89.0732.png
bangladesh,24.5673_89.1408.png
bangladesh,24.5673_89.2231.png
bangladesh,24.5673_89.5232.png
bangladesh,24.5673_89.5496.png
bangladesh,24.5673_89.5530.png
bangladesh,24.5673_89.9496.png
bangladesh,24.5673_89.9529.png
bangladesh,24.5673_90.0144.png
bangladesh,24.5673_90.0644.png
bangladesh,24.5673_90.0732.png
bangladesh,24.5673_90.3144.png
bangladesh,24.5673_90.4643.png
bangladesh,24.5673_90.4820.png
bangladesh,24.5673_90.4908.png
bangladesh,24.5673_90.4996.png
bangladesh,24.5673_90.6408.png
bangladesh,24.5673_90.6496.png
bangladesh,24.5673_90.7143.png
bangladesh,24.5673_90.7320.png
bangladesh,24.5673_90.7408.png
bangladesh,24.5673_90.7496.png
bangladesh,24.5673_90.7530.png
bangladesh,24.5673_91.7496.png
bangladesh,24.5673_91.9496.png
bangladesh,24.5673_91.9529.png
bangladesh,24.5673_91.9908.png
bangladesh,24.5761_88.5320.png
bangladesh,24.5761_88.7231.png
bangladesh,24.5761_88.7319.png
bangladesh,24.5761_88.7496.png
bangladesh,24.5761_88.7530.png
bangladesh,24.5761_89.0320.png
bangladesh,24.5761_89.0408.png
bangladesh,24.5761_89.0908.png
bangladesh,24.5761_89.4643.png
bangladesh,24.5761_89.4731.png
bangladesh,24.5761_89.5232.png
bangladesh,24.5761_89.9232.png
bangladesh,24.5761_89.9320.png
bangladesh,24.5761_89.9820.png
bangladesh,24.5761_90.0144.png
bangladesh,24.5761_90.3144.png
bangladesh,24.5761_90.3232.png
bangladesh,24.5761_90.4996.png
bangladesh,24.5761_90.5030.png
bangladesh,24.5761_90.7143.png
bangladesh,24.5761_90.7320.png
bangladesh,24.5761_90.7408.png
bangladesh,24.5761_91.5643.png
bangladesh,24.5761_91.6820.png
bangladesh,24.5761_91.6908.png
bangladesh,24.5761_91.9408.png
bangladesh,24.5761_91.9529.png
bangladesh,24.5849_89.0908.png
bangladesh,24.5849_89.4408.png
bangladesh,24.5849_89.4496.png
bangladesh,24.5849_89.4529.png
bangladesh,24.5849_89.4643.png
bangladesh,24.5849_89.5732.png
bangladesh,24.5849_89.5820.png
bangladesh,24.5849_89.9820.png
bangladesh,24.5849_89.9908.png
bangladesh,24.5849_89.9996.png
bangladesh,24.5849_90.4496.png
bangladesh,24.5849_90.4529.png
bangladesh,24.5849_90.4820.png
bangladesh,24.5849_91.5643.png
bangladesh,24.5849_91.6820.png
bangladesh,24.5849_91.6908.png
bangladesh,24.5849_91.9320.png
bangladesh,24.5963_88.8644.png
bangladesh,24.5963_88.9320.png
bangladesh,24.5963_88.9819.png
bangladesh,24.5963_89.1144.png
bangladesh,24.5963_89.4496.png
bangladesh,24.5963_89.5496.png
bangladesh,24.5963_89.5530.png
bangladesh,24.5963_90.1732.png
bangladesh,24.5963_90.2143.png
bangladesh,24.5963_90.3496.png
bangladesh,24.5963_90.3530.png
bangladesh,24.5963_90.3996.png
bangladesh,24.5963_90.4030.png
bangladesh,24.5963_90.4408.png
bangladesh,24.5963_90.4496.png
bangladesh,24.5963_90.4529.png
bangladesh,24.5963_91.6496.png
bangladesh,24.5963_91.6530.png
bangladesh,24.5963_91.9320.png
bangladesh,24.5963_91.9529.png
bangladesh,24.5997_88.4819.png
bangladesh,24.5997_88.4907.png
bangladesh,24.5997_88.6908.png
bangladesh,24.5997_88.8644.png
bangladesh,24.5997_88.9320.png
bangladesh,24.5997_88.9819.png
bangladesh,24.5997_89.1820.png
bangladesh,24.5997_89.4496.png
bangladesh,24.5997_89.5496.png
bangladesh,24.5997_89.5530.png
bangladesh,24.5997_89.6644.png
bangladesh,24.5997_90.1732.png
bangladesh,24.5997_90.2143.png
bangladesh,24.5997_90.3496.png
bangladesh,24.5997_90.3530.png
bangladesh,24.5997_90.3996.png
bangladesh,24.5997_90.4030.png
bangladesh,24.5997_90.4144.png
bangladesh,24.5997_90.4232.png
bangladesh,24.5997_90.4496.png
bangladesh,24.5997_90.4529.png
bangladesh,24.5997_91.5819.png
bangladesh,24.5997_91.6496.png
bangladesh,24.5997_91.6530.png
bangladesh,24.5997_91.7496.png
bangladesh,24.5997_91.7530.png
bangladesh,24.5997_91.9529.png
bangladesh,24.5997_91.9644.png
bangladesh,24.6085_88.4819.png
bangladesh,24.6085_88.4907.png
bangladesh,24.6085_88.6144.png
bangladesh,24.6085_88.6232.png
bangladesh,24.6085_88.6530.png
bangladesh,24.6085_88.6908.png
bangladesh,24.6085_88.7231.png
bangladesh,24.6085_88.8996.png
bangladesh,24.6085_88.9030.png
bangladesh,24.6085_88.9996.png
bangladesh,24.6085_89.0030.png
bangladesh,24.6085_89.4496.png
bangladesh,24.6085_89.4529.png
bangladesh,24.6085_89.9908.png
bangladesh,24.6085_90.3996.png
bangladesh,24.6085_90.4030.png
bangladesh,24.6085_90.4144.png
bangladesh,24.6085_90.4232.png
bangladesh,24.6085_90.5644.png
bangladesh,24.6085_91.5907.png
bangladesh,24.6085_91.9496.png
bangladesh,24.6085_91.9732.png
bangladesh,24.6173_88.7231.png
bangladesh,24.6173_88.7407.png
bangladesh,24.6173_88.7496.png
bangladesh,24.6173_88.7530.png
bangladesh,24.6173_88.7732.png
bangladesh,24.6173_88.9996.png
bangladesh,24.6173_89.0030.png
bangladesh,24.6173_89.1144.png
bangladesh,24.6173_89.1496.png
bangladesh,24.6173_89.4496.png
bangladesh,24.6173_89.4529.png
bangladesh,24.6173_89.9908.png
bangladesh,24.6173_90.0408.png
bangladesh,24.6173_90.0496.png
bangladesh,24.6173_90.5644.png
bangladesh,24.6173_90.8408.png
bangladesh,24.6261_88.7231.png
bangladesh,24.6261_88.7319.png
bangladesh,24.6261_88.7496.png
bangladesh,24.6261_88.7530.png
bangladesh,24.6261_88.7732.png
bangladesh,24.6261_89.1408.png
bangladesh,24.6261_89.4496.png
bangladesh,24.6261_89.4529.png
bangladesh,24.6261_89.9643.png
bangladesh,24.6261_89.9908.png
bangladesh,24.6261_90.0408.png
bangladesh,24.6261_90.0496.png
bangladesh,24.6261_90.0530.png
bangladesh,24.6261_90.2908.png
bangladesh,24.6261_91.9496.png
bangladesh,24.6349_88.7319.png
bangladesh,24.6349_88.7407.png
bangladesh,24.6349_88.7496.png
bangladesh,24.6349_88.7732.png
bangladesh,24.6349_89.1408.png
bangladesh,24.6349_89.9643.png
bangladesh,24.6349_90.2908.png
bangladesh,24.6349_90.7143.png
bangladesh,24.6349_90.7232.png
bangladesh,24.6349_91.3820.png
bangladesh,24.6349_91.9644.png
bangladesh,24.6349_91.9732.png
bangladesh,24.6463_88.7644.png
bangladesh,24.6463_88.8030.png
bangladesh,24.6463_89.0732.png
bangladesh,24.6463_89.5320.png
bangladesh,24.6463_89.9030.png
bangladesh,24.6463_90.0144.png
bangladesh,24.6463_90.2644.png
bangladesh,24.6463_90.2732.png
bangladesh,24.6463_90.3496.png
bangladesh,24.6463_90.3530.png
bangladesh,24.6463_90.3908.png
bangladesh,24.6463_90.3996.png
bangladesh,24.6463_90.4030.png
bangladesh,24.6463_90.4144.png
bangladesh,24.6463_90.4320.png
bangladesh,24.6463_90.7320.png
bangladesh,24.6463_91.3908.png
bangladesh,24.6463_91.9820.png
bangladesh,24.6496_88.7644.png
bangladesh,24.6496_88.8030.png
bangladesh,24.6496_88.8820.png
bangladesh,24.6496_88.9996.png
bangladesh,24.6496_89.5320.png
bangladesh,24.6496_89.9030.png
bangladesh,24.6496_90.0030.png
bangladesh,24.6496_90.0144.png
bangladesh,24.6496_90.0232.png
bangladesh,24.6496_90.2644.png
bangladesh,24.6496_90.2732.png
bangladesh,24.6496_90.3496.png
bangladesh,24.6496_90.3530.png
bangladesh,24.6496_90.3908.png
bangladesh,24.6496_90.3996.png
bangladesh,24.6496_90.4144.png
bangladesh,24.6496_90.4320.png
bangladesh,24.6496_90.5496.png
bangladesh,24.6496_90.5530.png
bangladesh,24.6496_90.6232.png
bangladesh,24.6496_90.7320.png
bangladesh,24.6584_88.7820.png
bangladesh,24.6584_88.8496.png
bangladesh,24.6584_88.8529.png
bangladesh,24.6584_88.8820.png
bangladesh,24.6584_88.9320.png
bangladesh,24.6584_88.9408.png
bangladesh,24.6584_89.9731.png
bangladesh,24.6584_90.0030.png
bangladesh,24.6584_90.0232.png
bangladesh,24.6584_90.3996.png
bangladesh,24.6584_90.4030.png
bangladesh,24.6584_90.4144.png
bangladesh,24.6584_90.5496.png
bangladesh,24.6584_90.5530.png
bangladesh,24.6584_90.6232.png
bangladesh,24.6584_91.8319.png
bangladesh,24.6584_91.8407.png
bangladesh,24.6672_88.6732.png
bangladesh,24.6672_88.7319.png
bangladesh,24.6672_88.7407.png
bangladesh,24.6672_88.7496.png
bangladesh,24.6672_88.7820.png
bangladesh,24.6672_88.9320.png
bangladesh,24.6672_88.9408.png
bangladesh,24.6672_89.4496.png
bangladesh,24.6672_89.4529.png
bangladesh,24.6672_89.9731.png
bangladesh,24.6672_90.1908.png
bangladesh,24.6672_90.1996.png
bangladesh,24.6672_90.2996.png
bangladesh,24.6672_90.3030.png
bangladesh,24.6672_90.3996.png
bangladesh,24.6672_90.4030.png
bangladesh,24.6672_90.4144.png
bangladesh,24.6672_90.4232.png
bangladesh,24.6672_90.4320.png
bangladesh,24.6672_90.5820.png
bangladesh,24.6672_90.5908.png
bangladesh,24.6672_90.5996.png
bangladesh,24.6672_90.6030.png
bangladesh,24.6672_91.5819.png
bangladesh,24.6760_88.6732.png
bangladesh,24.6760_88.7319.png
bangladesh,24.6760_88.7407.png
bangladesh,24.6760_88.7496.png
bangladesh,24.6760_88.8908.png
bangladesh,24.6760_89.4496.png
bangladesh,24.6760_89.4529.png
bangladesh,24.6760_89.9731.png
bangladesh,24.6760_89.9908.png
bangladesh,24.6760_90.4408.png
bangladesh,24.6760_90.5732.png
bangladesh,24.6760_90.5820.png
bangladesh,24.6760_90.5908.png
bangladesh,24.6760_90.5996.png
bangladesh,24.6760_90.6030.png
bangladesh,24.6760_91.5731.png
bangladesh,24.6760_91.5819.png
bangladesh,24.6849_88.8908.png
bangladesh,24.6849_88.9408.png
bangladesh,24.6849_89.3996.png
bangladesh,24.6849_89.4030.png
bangladesh,24.6849_89.9643.png
bangladesh,24.6849_89.9731.png
bangladesh,24.6849_89.9908.png
bangladesh,24.6849_89.9996.png
bangladesh,24.6849_90.0030.png
bangladesh,24.6849_90.2996.png
bangladesh,24.6849_90.3030.png
bangladesh,24.6849_90.4408.png
bangladesh,24.6849_90.5732.png
bangladesh,24.6849_90.8496.png
bangladesh,24.6849_90.8530.png
bangladesh,24.6849_91.5408.png
bangladesh,24.6849_91.5496.png
bangladesh,24.6963_88.5996.png
bangladesh,24.6963_88.8644.png
bangladesh,24.6963_88.8732.png
bangladesh,24.6963_88.9819.png
bangladesh,24.6963_89.5644.png
bangladesh,24.6963_90.1232.png
bangladesh,24.6963_90.1530.png
bangladesh,24.6963_90.1644.png
bangladesh,24.6963_90.1732.png
bangladesh,24.6963_90.1820.png
bangladesh,24.6963_90.3232.png
bangladesh,24.6963_90.3732.png
bangladesh,24.6963_90.3820.png
bangladesh,24.6963_90.9144.png
bangladesh,24.6963_90.9232.png
bangladesh,24.6963_90.9732.png
bangladesh,24.6963_90.9820.png
bangladesh,24.6997_88.6232.png
bangladesh,24.6997_88.7996.png
bangladesh,24.6997_88.8030.png
bangladesh,24.6997_88.8644.png
bangladesh,24.6997_88.8732.png
bangladesh,24.6997_89.5644.png
bangladesh,24.6997_89.6732.png
bangladesh,24.6997_89.8320.png
bangladesh,24.6997_90.1530.png
bangladesh,24.6997_90.1644.png
bangladesh,24.6997_90.1732.png
bangladesh,24.6997_90.1820.png
bangladesh,24.6997_90.3144.png
bangladesh,24.6997_90.3232.png
bangladesh,24.6997_90.3732.png
bangladesh,24.6997_90.8732.png
bangladesh,24.6997_90.9144.png
bangladesh,24.6997_90.9232.png
bangladesh,24.6997_90.9732.png
bangladesh,24.6997_90.9820.png
bangladesh,24.7085_88.6232.png
bangladesh,24.7085_88.7496.png
bangladesh,24.7085_88.7530.png
bangladesh,24.7085_88.7996.png
bangladesh,24.7085_88.8030.png
bangladesh,24.7085_90.2496.png
bangladesh,24.7085_90.2530.png
bangladesh,24.7085_90.3144.png
bangladesh,24.7085_90.3408.png
bangladesh,24.7085_90.3496.png
bangladesh,24.7085_90.7820.png
bangladesh,24.7085_91.9496.png
bangladesh,24.7085_91.9529.png
bangladesh,24.7173_88.5732.png
bangladesh,24.7173_88.7496.png
bangladesh,24.7173_88.7530.png
bangladesh,24.7173_89.3908.png
bangladesh,24.7173_89.3996.png
bangladesh,24.7173_89.5732.png
bangladesh,24.7173_89.5820.png
bangladesh,24.7173_89.5908.png
bangladesh,24.7173_89.6320.png
bangladesh,24.7173_90.3408.png
bangladesh,24.7173_90.3496.png
bangladesh,24.7173_90.3732.png
bangladesh,24.7173_90.3908.png
bangladesh,24.7173_90.7820.png
bangladesh,24.7173_90.8496.png
bangladesh,24.7261_89.3908.png
bangladesh,24.7261_89.5908.png
bangladesh,24.7261_89.5996.png
bangladesh,24.7261_89.8496.png
bangladesh,24.7261_89.8530.png
bangladesh,24.7261_90.3644.png
bangladesh,24.7261_90.3732.png
bangladesh,24.7261_90.3820.png
bangladesh,24.7261_90.3908.png
bangladesh,24.7261_90.3996.png
bangladesh,24.7261_90.4030.png
bangladesh,24.7261_90.5144.png
bangladesh,24.7261_90.5644.png
bangladesh,24.7349_88.9496.png
bangladesh,24.7349_88.9529.png
bangladesh,24.7349_89.6320.png
bangladesh,24.7349_90.3732.png
bangladesh,24.7349_90.3820.png
bangladesh,24.7349_90.3908.png
bangladesh,24.7349_90.3996.png
bangladesh,24.7349_90.5144.png
bangladesh,24.7349_90.7732.png
bangladesh,24.7463_88.7143.png
bangladesh,24.7463_88.7996.png
bangladesh,24.7463_88.8030.png
bangladesh,24.7463_88.8144.png
bangladesh,24.7463_89.5996.png
bangladesh,24.7463_89.6030.png
bangladesh,24.7463_89.6320.png
bangladesh,24.7463_89.8644.png
bangladesh,24.7463_89.8732.png
bangladesh,24.7463_90.3644.png
bangladesh,24.7463_90.3732.png
bangladesh,24.7463_90.4908.png
bangladesh,24.7463_90.4996.png
bangladesh,24.7463_90.5496.png
bangladesh,24.7463_90.5530.png
bangladesh,24.7463_90.6232.png
bangladesh,24.7463_90.6320.png
bangladesh,24.7463_90.7820.png
bangladesh,24.7463_90.7908.png
bangladesh,24.7463_91.7320.png
bangladesh,24.7463_91.8143.png
bangladesh,24.7496_88.6996.png
bangladesh,24.7496_88.7029.png
bangladesh,24.7496_88.7143.png
bangladesh,24.7496_88.8144.png
bangladesh,24.7496_89.0530.png
bangladesh,24.7496_89.5996.png
bangladesh,24.7496_89.6030.png
bangladesh,24.7496_89.6320.png
bangladesh,24.7496_89.8644.png
bangladesh,24.7496_89.8732.png
bangladesh,24.7496_90.3644.png
bangladesh,24.7496_90.3732.png
bangladesh,24.7496_90.5496.png
bangladesh,24.7496_90.5530.png
bangladesh,24.7496_90.5820.png
bangladesh,24.7496_90.5996.png
bangladesh,24.7496_90.6030.png
bangladesh,24.7496_90.6232.png
bangladesh,24.7496_90.6320.png
bangladesh,24.7496_90.7820.png
bangladesh,24.7496_90.7908.png
bangladesh,24.7496_91.7320.png
bangladesh,24.7496_91.8143.png
bangladesh,24.7584_88.6820.png
bangladesh,24.7584_88.6908.png
bangladesh,24.7584_88.6996.png
bangladesh,24.7584_88.8732.png
bangladesh,24.7584_88.8820.png
bangladesh,24.7584_88.9643.png
bangladesh,24.7584_89.0496.png
bangladesh,24.7584_89.0530.png
bangladesh,24.7584_89.6320.png
bangladesh,24.7584_90.2231.png
bangladesh,24.7584_90.2320.png
bangladesh,24.7584_90.2820.png
bangladesh,24.7584_90.5496.png
bangladesh,24.7584_90.5530.png
bangladesh,24.7584_90.5820.png
bangladesh,24.7584_90.5996.png
bangladesh,24.7584_90.6030.png
bangladesh,24.7584_90.6320.png
bangladesh,24.7584_90.6408.png
bangladesh,24.7672_88.6820.png
bangladesh,24.7672_88.6908.png
bangladesh,24.7672_88.7820.png
bangladesh,24.7672_88.7908.png
bangladesh,24.7672_88.9643.png
bangladesh,24.7672_89.3996.png
bangladesh,24.7672_89.4030.png
bangladesh,24.7672_89.9144.png
bangladesh,24.7672_89.9232.png
bangladesh,24.7672_90.2820.png
bangladesh,24.7760_88.6908.png
bangladesh,24.7760_88.7820.png
bangladesh,24.7760_88.7908.png
bangladesh,24.7760_89.3996.png
bangladesh,24.7760_89.4030.png
bangladesh,24.7760_89.8732.png
bangladesh,24.7760_89.8820.png
bangladesh,24.7760_89.8996.png
bangladesh,24.7760_89.9030.png
bangladesh,24.7760_89.9144.png
bangladesh,24.7760_89.9232.png
bangladesh,24.7760_90.8232.png
bangladesh,24.7760_90.8320.png
bangladesh,24.7760_90.8408.png
bangladesh,24.7848_89.3996.png
bangladesh,24.7848_89.4030.png
bangladesh,24.7848_90.8232.png
bangladesh,24.7848_90.8320.png
bangladesh,24.7848_90.8820.png
bangladesh,24.7848_91.7320.png
bangladesh,24.7848_91.7408.png
bangladesh,24.7848_91.8495.png
bangladesh,24.7848_91.8530.png
bangladesh,24.7962_88.6320.png
bangladesh,24.7962_88.6908.png
bangladesh,24.7962_88.7231.png
bangladesh,24.7962_88.7319.png
bangladesh,24.7962_88.7407.png
bangladesh,24.7962_88.7496.png
bangladesh,24.7962_88.7530.png
bangladesh,24.7962_88.8996.png
bangladesh,24.7962_88.9030.png
bangladesh,24.7962_88.9643.png
bangladesh,24.7962_88.9731.png
bangladesh,24.7962_89.2231.png
bangladesh,24.7962_89.3996.png
bangladesh,24.7962_89.4232.png
bangladesh,24.7962_89.6144.png
bangladesh,24.7962_89.8996.png
bangladesh,24.7962_89.9030.png
bangladesh,24.7962_90.2644.png
bangladesh,24.7962_90.4408.png
bangladesh,24.7962_91.8495.png
bangladesh,24.7962_91.8530.png
bangladesh,24.7997_88.6320.png
bangladesh,24.7997_88.6908.png
bangladesh,24.7997_88.7407.png
bangladesh,24.7997_88.7496.png
bangladesh,24.7997_88.7530.png
bangladesh,24.7997_88.9643.png
bangladesh,24.7997_88.9731.png
bangladesh,24.7997_89.2231.png
bangladesh,24.7997_89.3996.png
bangladesh,24.7997_89.4144.png
bangladesh,24.7997_89.4232.png
bangladesh,24.7997_89.6030.png
bangladesh,24.7997_89.8996.png
bangladesh,24.7997_89.9030.png
bangladesh,24.7997_90.2644.png
bangladesh,24.7997_90.4408.png
bangladesh,24.7997_91.8495.png
bangladesh,24.7997_91.8530.png
bangladesh,24.8085_88.7908.png
bangladesh,24.8085_88.9731.png
bangladesh,24.8085_88.9819.png
bangladesh,24.8085_89.1496.png
bangladesh,24.8085_89.1530.png
bangladesh,24.8085_89.4144.png
bangladesh,24.8085_89.4232.png
bangladesh,24.8085_89.4643.png
bangladesh,24.8085_89.8996.png
bangladesh,24.8085_89.9030.png
bangladesh,24.8085_90.2644.png
bangladesh,24.8085_91.2996.png
bangladesh,24.8085_91.3029.png
bangladesh,24.8085_91.7996.png
bangladesh,24.8085_91.8029.png
bangladesh,24.8085_91.8143.png
bangladesh,24.8085_91.8231.png
bangladesh,24.8173_88.7908.png
bangladesh,24.8173_88.7996.png
bangladesh,24.8173_88.9529.png
bangladesh,24.8173_88.9819.png
bangladesh,24.8173_89.4408.png
bangladesh,24.8173_89.4496.png
bangladesh,24.8173_89.4529.png
bangladesh,24.8173_89.4643.png
bangladesh,24.8173_89.7644.png
bangladesh,24.8173_89.7732.png
bangladesh,24.8173_89.8996.png
bangladesh,24.8173_89.9030.png
bangladesh,24.8173_90.4320.png
bangladesh,24.8173_91.6320.png
bangladesh,24.8173_91.6408.png
bangladesh,24.8261_88.8820.png
bangladesh,24.8261_88.8908.png
bangladesh,24.8261_88.9529.png
bangladesh,24.8261_88.9819.png
bangladesh,24.8261_88.9908.png
bangladesh,24.8261_90.1820.png
bangladesh,24.8261_90.1908.png
bangladesh,24.8261_90.2320.png
bangladesh,24.8261_90.2408.png
bangladesh,24.8261_90.4320.png
bangladesh,24.8261_91.6320.png
bangladesh,24.8261_91.6408.png
bangladesh,24.8349_88.9996.png
bangladesh,24.8349_89.0030.png
bangladesh,24.8349_89.4731.png
bangladesh,24.8349_89.4819.png
bangladesh,24.8349_90.1820.png
bangladesh,24.8349_90.1908.png
bangladesh,24.8349_90.1996.png
bangladesh,24.8349_90.2029.png
bangladesh,24.8349_90.5496.png
bangladesh,24.8349_90.5530.png
bangladesh,24.8463_88.9030.png
bangladesh,24.8463_88.9232.png
bangladesh,24.8463_89.1820.png
bangladesh,24.8463_89.3996.png
bangladesh,24.8463_89.4030.png
bangladesh,24.8463_89.4144.png
bangladesh,24.8463_89.5996.png
bangladesh,24.8463_89.8820.png
bangladesh,24.8463_90.5144.png
bangladesh,24.8463_90.5232.png
bangladesh,24.8463_90.5732.png
bangladesh,24.8463_90.5820.png
bangladesh,24.8463_90.5996.png
bangladesh,24.8463_90.6030.png
bangladesh,24.8463_90.9408.png
bangladesh,24.8463_90.9732.png
bangladesh,24.8463_91.7232.png
bangladesh,24.8463_91.9320.png
bangladesh,24.8496_88.9030.png
bangladesh,24.8496_88.9232.png
bangladesh,24.8496_88.9908.png
bangladesh,24.8496_89.1820.png
bangladesh,24.8496_89.3996.png
bangladesh,24.8496_89.4030.png
bangladesh,24.8496_89.4144.png
bangladesh,24.8496_89.8820.png
bangladesh,24.8496_90.5144.png
bangladesh,24.8496_90.5232.png
bangladesh,24.8496_90.5996.png
bangladesh,24.8496_90.6030.png
bangladesh,24.8496_90.9732.png
bangladesh,24.8496_91.7232.png
bangladesh,24.8496_91.9320.png
bangladesh,24.8496_91.9496.png
bangladesh,24.8496_91.9529.png
bangladesh,24.8584_88.8644.png
bangladesh,24.8584_88.9908.png
bangladesh,24.8584_89.6030.png
bangladesh,24.8584_89.6144.png
bangladesh,24.8584_91.3530.png
bangladesh,24.8584_91.3644.png
bangladesh,24.8584_91.3732.png
bangladesh,24.8584_91.6908.png
bangladesh,24.8584_91.6996.png
bangladesh,24.8584_91.9496.png
bangladesh,24.8584_91.9529.png
bangladesh,24.8584_91.9820.png
bangladesh,24.8584_91.9908.png
bangladesh,24.8672_88.7996.png
bangladesh,24.8672_88.8644.png
bangladesh,24.8672_89.5996.png
bangladesh,24.8672_89.6144.png
bangladesh,24.8672_89.9643.png
bangladesh,24.8672_90.1820.png
bangladesh,24.8672_90.1908.png
bangladesh,24.8672_91.4820.png
bangladesh,24.8672_91.4908.png
bangladesh,24.8672_91.6908.png
bangladesh,24.8672_91.6996.png
bangladesh,24.8672_91.9232.png
bangladesh,24.8672_91.9644.png
bangladesh,24.8760_88.9908.png
bangladesh,24.8760_88.9996.png
bangladesh,24.8760_89.4144.png
bangladesh,24.8760_89.4643.png
bangladesh,24.8760_89.7320.png
bangladesh,24.8760_89.7408.png
bangladesh,24.8760_89.9643.png
bangladesh,24.8760_89.9731.png
bangladesh,24.8760_90.1908.png
bangladesh,24.8760_91.9232.png
bangladesh,24.8760_91.9644.png
bangladesh,24.8848_89.4643.png
bangladesh,24.8848_89.7496.png
bangladesh,24.8848_89.7530.png
bangladesh,24.8848_89.9643.png
bangladesh,24.8848_89.9731.png
bangladesh,24.8848_90.3232.png
bangladesh,24.8848_90.3320.png
bangladesh,24.8848_90.3996.png
bangladesh,24.8848_90.4030.png
bangladesh,24.8962_88.6996.png
bangladesh,24.8962_88.7029.png
bangladesh,24.8962_88.7407.png
bangladesh,24.8962_88.8908.png
bangladesh,24.8962_88.9232.png
bangladesh,24.8962_89.1732.png
bangladesh,24.8962_89.2143.png
bangladesh,24.8962_89.2231.png
bangladesh,24.8962_89.7908.png
bangladesh,24.8962_89.8496.png
bangladesh,24.8962_89.8530.png
bangladesh,24.8962_89.9643.png
bangladesh,24.8962_89.9731.png
bangladesh,24.8962_90.3908.png
bangladesh,24.8962_90.3996.png
bangladesh,24.8962_90.4030.png
bangladesh,24.8996_88.7407.png
bangladesh,24.8996_88.8232.png
bangladesh,24.8996_88.8320.png
bangladesh,24.8996_88.8908.png
bangladesh,24.8996_88.9232.png
bangladesh,24.8996_89.1732.png
bangladesh,24.8996_89.4643.png
bangladesh,24.8996_89.7908.png
bangladesh,24.8996_89.8496.png
bangladesh,24.8996_89.8530.png
bangladesh,24.8996_89.9643.png
bangladesh,24.8996_89.9731.png
bangladesh,24.8996_90.3908.png
bangladesh,24.8996_90.5144.png
bangladesh,24.8996_90.8530.png
bangladesh,24.9084_88.7319.png
bangladesh,24.9084_88.7496.png
bangladesh,24.9084_88.7530.png
bangladesh,24.9084_88.7644.png
bangladesh,24.9084_89.3732.png
bangladesh,24.9084_89.3820.png
bangladesh,24.9084_89.4643.png
bangladesh,24.9084_89.7408.png
bangladesh,24.9084_89.7496.png
bangladesh,24.9084_89.7530.png
bangladesh,24.9084_89.8496.png
bangladesh,24.9084_90.2644.png
bangladesh,24.9084_90.2732.png
bangladesh,24.9084_90.3644.png
bangladesh,24.9084_90.5144.png
bangladesh,24.9084_90.8320.png
bangladesh,24.9084_90.8530.png
bangladesh,24.9172_88.7143.png
bangladesh,24.9172_88.7319.png
bangladesh,24.9172_88.7644.png
bangladesh,24.9172_89.3496.png
bangladesh,24.9172_89.3530.png
bangladesh,24.9172_89.6144.png
bangladesh,24.9172_89.7320.png
bangladesh,24.9172_89.7408.png
bangladesh,24.9172_89.7530.png
bangladesh,24.9172_89.7908.png
bangladesh,24.9172_89.7996.png
bangladesh,24.9172_90.3644.png
bangladesh,24.9172_90.3820.png
bangladesh,24.9172_90.8320.png
bangladesh,24.9172_91.2144.png
bangladesh,24.9260_88.6908.png
bangladesh,24.9260_88.7143.png
bangladesh,24.9260_88.7231.png
bangladesh,24.9260_88.7319.png
bangladesh,24.9260_88.8732.png
bangladesh,24.9260_89.4731.png
bangladesh,24.9260_89.4819.png
bangladesh,24.9260_89.6144.png
bangladesh,24.9260_89.7320.png
bangladesh,24.9260_89.7530.png
bangladesh,24.9260_89.8732.png
bangladesh,24.9260_90.4232.png
bangladesh,24.9260_90.4320.png
bangladesh,24.9349_89.4496.png
bangladesh,24.9349_89.4529.png
bangladesh,24.9349_89.6144.png
bangladesh,24.9349_89.8732.png
bangladesh,24.9349_90.1496.png
bangladesh,24.9349_90.1530.png
bangladesh,24.9349_90.4320.png
bangladesh,24.9349_91.6996.png
bangladesh,24.9349_91.7029.png
bangladesh,24.9349_91.8732.png
bangladesh,24.9349_91.8908.png
bangladesh,24.9349_91.8996.png
bangladesh,24.9463_88.6996.png
bangladesh,24.9463_88.7029.png
bangladesh,24.9463_88.8996.png
bangladesh,24.9463_88.9030.png
bangladesh,24.9463_88.9908.png
bangladesh,24.9463_89.0320.png
bangladesh,24.9463_89.2908.png
bangladesh,24.9463_89.2996.png
bangladesh,24.9463_89.3996.png
bangladesh,24.9463_89.4030.png
bangladesh,24.9463_89.4232.png
bangladesh,24.9463_89.4320.png
bangladesh,24.9463_89.4408.png
bangladesh,24.9463_89.4496.png
bangladesh,24.9463_89.4643.png
bangladesh,24.9463_89.4731.png
bangladesh,24.9463_89.5030.png
bangladesh,24.9463_89.8644.png
bangladesh,24.9463_90.4732.png
bangladesh,24.9463_90.5644.png
bangladesh,24.9463_90.5732.png
bangladesh,24.9463_91.9030.png
bangladesh,24.9463_91.9232.png
bangladesh,24.9497_88.8996.png
bangladesh,24.9497_88.9030.png
bangladesh,24.9497_89.0320.png
bangladesh,24.9497_89.2908.png
bangladesh,24.9497_89.2996.png
bangladesh,24.9497_89.3996.png
bangladesh,24.9497_89.4030.png
bangladesh,24.9497_89.4232.png
bangladesh,24.9497_89.4320.png
bangladesh,24.9497_89.4408.png
bangladesh,24.9497_89.4643.png
bangladesh,24.9497_89.4731.png
bangladesh,24.9497_89.5030.png
bangladesh,24.9497_89.8644.png
bangladesh,24.9497_89.8732.png
bangladesh,24.9497_90.4732.png
bangladesh,24.9497_90.5644.png
bangladesh,24.9497_90.5732.png
bangladesh,24.9497_91.9232.png
bangladesh,24.9497_91.9320.png
bangladesh,24.9585_88.9320.png
bangladesh,24.9585_89.4320.png
bangladesh,24.9585_89.4496.png
bangladesh,24.9585_89.4529.png
bangladesh,24.9585_89.4996.png
bangladesh,24.9585_89.5030.png
bangladesh,24.9585_89.6408.png
bangladesh,24.9585_89.8496.png
bangladesh,24.9585_89.8530.png
bangladesh,24.9585_90.1996.png
bangladesh,24.9585_90.2029.png
bangladesh,24.9585_90.2231.png
bangladesh,24.9585_90.2496.png
bangladesh,24.9585_90.2530.png
bangladesh,24.9585_90.2820.png
bangladesh,24.9585_90.2908.png
bangladesh,24.9585_90.3996.png
bangladesh,24.9585_90.4030.png
bangladesh,24.9673_88.6996.png
bangladesh,24.9673_88.9232.png
bangladesh,24.9673_88.9320.png
bangladesh,24.9673_88.9408.png
bangladesh,24.9673_88.9819.png
bangladesh,24.9673_88.9908.png
bangladesh,24.9673_89.4320.png
bangladesh,24.9673_89.4408.png
bangladesh,24.9673_89.4496.png
bangladesh,24.9673_89.8496.png
bangladesh,24.9673_89.8530.png
bangladesh,24.9673_90.1908.png
bangladesh,24.9673_90.1996.png
bangladesh,24.9673_90.2029.png
bangladesh,24.9673_90.2231.png
bangladesh,24.9673_90.2320.png
bangladesh,24.9673_90.2408.png
bangladesh,24.9673_90.2496.png
bangladesh,24.9673_90.2530.png
bangladesh,24.9673_90.3644.png
bangladesh,24.9673_90.4496.png
bangladesh,24.9673_90.4529.png
bangladesh,24.9673_90.6320.png
bangladesh,24.9673_90.6408.png
bangladesh,24.9673_90.6820.png
bangladesh,24.9673_91.8644.png
bangladesh,24.9761_88.9408.png
bangladesh,24.9761_88.9731.png
bangladesh,24.9761_88.9819.png
bangladesh,24.9761_88.9996.png
bangladesh,24.9761_89.0030.png
bangladesh,24.9761_89.3732.png
bangladesh,24.9761_89.3996.png
bangladesh,24.9761_89.4030.png
bangladesh,24.9761_89.8408.png
bangladesh,24.9761_89.8496.png
bangladesh,24.9761_90.3644.png
bangladesh,24.9761_90.4496.png
bangladesh,24.9761_90.4529.png
bangladesh,24.9761_90.4996.png
bangladesh,24.9761_90.5030.png
bangladesh,24.9761_90.7996.png
bangladesh,24.9761_90.8030.png
bangladesh,24.9761_91.8644.png
bangladesh,24.9849_88.7496.png
bangladesh,24.9849_88.7530.png
bangladesh,24.9849_88.9996.png
bangladesh,24.9849_89.0030.png
bangladesh,24.9849_89.3644.png
bangladesh,24.9849_89.3732.png
bangladesh,24.9849_89.3820.png
bangladesh,24.9849_89.3996.png
bangladesh,24.9849_89.4030.png
bangladesh,24.9849_89.4144.png
bangladesh,24.9849_89.8496.png
bangladesh,24.9849_89.8530.png
bangladesh,24.9849_90.3644.png
bangladesh,24.9849_90.3908.png
bangladesh,24.9849_90.4496.png
bangladesh,24.9849_90.4529.png
bangladesh,24.9963_88.9643.png
bangladesh,24.9963_88.9819.png
bangladesh,24.9963_89.3644.png
bangladesh,24.9963_89.3732.png
bangladesh,24.9963_89.3820.png
bangladesh,24.9963_89.6320.png
bangladesh,24.9963_89.7530.png
bangladesh,24.9963_89.8232.png
bangladesh,24.9963_89.8320.png
bangladesh,24.9963_89.8496.png
bangladesh,24.9963_89.8530.png
bangladesh,24.9963_90.6408.png
bangladesh,24.9963_91.8407.png
bangladesh,24.9963_91.8495.png
bangladesh,24.9996_88.9643.png
bangladesh,24.9996_88.9819.png
bangladesh,24.9996_89.3644.png
bangladesh,24.9996_89.3732.png
bangladesh,24.9996_89.3820.png
bangladesh,24.9996_89.5996.png
bangladesh,24.9996_89.7530.png
bangladesh,24.9996_89.8232.png
bangladesh,24.9996_89.8320.png
bangladesh,24.9996_89.8496.png
bangladesh,24.9996_89.8530.png
bangladesh,24.9996_90.6408.png
bangladesh,24.9996_91.8407.png
bangladesh,24.9996_91.8495.png
bangladesh,25.0084_88.7496.png
bangladesh,25.0084_88.7530.png
bangladesh,25.0084_88.9908.png
bangladesh,25.0084_89.3732.png
bangladesh,25.0084_89.5996.png
bangladesh,25.0084_90.8496.png
bangladesh,25.0084_90.8530.png
bangladesh,25.0084_91.8407.png
bangladesh,25.0172_88.7496.png
bangladesh,25.0172_88.7530.png
bangladesh,25.0172_88.9496.png
bangladesh,25.0172_88.9529.png
bangladesh,25.0172_88.9731.png
bangladesh,25.0172_88.9908.png
bangladesh,25.0172_89.0996.png
bangladesh,25.0172_89.2996.png
bangladesh,25.0172_89.3030.png
bangladesh,25.0172_89.3732.png
bangladesh,25.0172_89.4232.png
bangladesh,25.0172_89.4320.png
bangladesh,25.0172_89.8408.png
bangladesh,25.0172_91.8319.png
bangladesh,25.0260_88.8908.png
bangladesh,25.0260_88.8996.png
bangladesh,25.0260_88.9908.png
bangladesh,25.0260_89.0232.png
bangladesh,25.0260_89.0320.png
bangladesh,25.0260_89.2908.png
bangladesh,25.0260_89.2996.png
bangladesh,25.0260_89.3030.png
bangladesh,25.0260_89.3144.png
bangladesh,25.0260_89.3644.png
bangladesh,25.0260_89.3732.png
bangladesh,25.0260_89.4144.png
bangladesh,25.0260_89.4320.png
bangladesh,25.0260_89.4496.png
bangladesh,25.0260_89.4529.png
bangladesh,25.0260_89.8408.png
bangladesh,25.0260_89.8496.png
bangladesh,25.0260_90.1496.png
bangladesh,25.0260_90.1530.png
bangladesh,25.0260_90.4496.png
bangladesh,25.0260_90.4908.png
bangladesh,25.0260_90.9820.png
bangladesh,25.0260_90.9908.png
bangladesh,25.0260_91.8319.png
bangladesh,25.0260_91.8530.png
bangladesh,25.0348_89.2732.png
bangladesh,25.0348_89.2820.png
bangladesh,25.0348_89.2908.png
bangladesh,25.0348_89.2996.png
bangladesh,25.0348_89.3030.png
bangladesh,25.0348_89.3144.png
bangladesh,25.0348_89.3644.png
bangladesh,25.0348_89.3732.png
bangladesh,25.0348_89.4144.png
bangladesh,25.0348_90.3496.png
bangladesh,25.0348_90.3530.png
bangladesh,25.0348_90.3644.png
bangladesh,25.0348_90.3732.png
bangladesh,25.0348_90.4496.png
bangladesh,25.0348_90.4908.png
bangladesh,25.0462_88.7319.png
bangladesh,25.0462_88.9232.png
bangladesh,25.0462_88.9819.png
bangladesh,25.0462_89.3644.png
bangladesh,25.0462_89.3732.png
bangladesh,25.0462_89.9731.png
bangladesh,25.0462_89.9820.png
bangladesh,25.0462_89.9996.png
bangladesh,25.0462_90.0030.png
bangladesh,25.0462_90.0144.png
bangladesh,25.0462_90.0232.png
bangladesh,25.0462_90.0320.png
bangladesh,25.0462_90.2644.png
bangladesh,25.0462_90.2732.png
bangladesh,25.0462_90.8820.png
bangladesh,25.0462_91.3820.png
bangladesh,25.0462_91.4144.png
bangladesh,25.0462_91.8407.png
bangladesh,25.0497_88.7319.png
bangladesh,25.0497_88.7407.png
bangladesh,25.0497_88.9232.png
bangladesh,25.0497_88.9819.png
bangladesh,25.0497_89.3644.png
bangladesh,25.0497_89.3732.png
bangladesh,25.0497_89.9731.png
bangladesh,25.0497_89.9820.png
bangladesh,25.0497_89.9996.png
bangladesh,25.0497_90.0030.png
bangladesh,25.0497_90.0144.png
bangladesh,25.0497_90.0232.png
bangladesh,25.0497_90.0320.png
bangladesh,25.0497_90.2644.png
bangladesh,25.0497_90.2732.png
bangladesh,25.0497_90.8820.png
bangladesh,25.0497_91.3820.png
bangladesh,25.0497_91.4144.png
bangladesh,25.0497_91.8407.png
bangladesh,25.0585_88.7407.png
bangladesh,25.0585_89.0408.png
bangladesh,25.0585_89.0496.png
bangladesh,25.0585_89.3732.png
bangladesh,25.0585_89.6320.png
bangladesh,25.0585_89.7732.png
bangladesh,25.0585_89.9908.png
bangladesh,25.0585_89.9996.png
bangladesh,25.0585_90.0030.png
bangladesh,25.0585_90.0232.png
bangladesh,25.0585_90.0320.png
bangladesh,25.0585_90.2496.png
bangladesh,25.0585_90.2530.png
bangladesh,25.0585_90.3320.png
bangladesh,25.0673_88.9996.png
bangladesh,25.0673_89.0030.png
bangladesh,25.0673_89.0232.png
bangladesh,25.0673_89.0320.png
bangladesh,25.0673_89.0408.png
bangladesh,25.0673_89.0496.png
bangladesh,25.0673_89.7732.png
bangladesh,25.0673_89.9908.png
bangladesh,25.0673_89.9996.png
bangladesh,25.0673_90.0232.png
bangladesh,25.0673_90.0320.png
bangladesh,25.0673_90.2496.png
bangladesh,25.0673_90.2530.png
bangladesh,25.0673_90.3320.png
bangladesh,25.0761_88.9996.png
bangladesh,25.0761_89.0030.png
bangladesh,25.0761_89.0232.png
bangladesh,25.0761_89.0320.png
bangladesh,25.0761_89.0408.png
bangladesh,25.0761_89.0496.png
bangladesh,25.0761_89.7996.png
bangladesh,25.0761_89.8030.png
bangladesh,25.0761_89.9996.png
bangladesh,25.0761_90.0030.png
bangladesh,25.0761_90.0320.png
bangladesh,25.0761_90.3320.png
bangladesh,25.0761_90.3408.png
bangladesh,25.0761_90.8996.png
bangladesh,25.0761_90.9030.png
bangladesh,25.0761_91.1496.png
bangladesh,25.0761_91.1732.png
bangladesh,25.0849_88.7732.png
bangladesh,25.0849_88.9996.png
bangladesh,25.0849_89.0030.png
bangladesh,25.0849_89.2029.png
bangladesh,25.0849_89.5144.png
bangladesh,25.0849_89.5232.png
bangladesh,25.0849_89.7496.png
bangladesh,25.0849_89.7530.png
bangladesh,25.0849_90.3320.png
bangladesh,25.0849_90.3408.png
bangladesh,25.0849_90.8996.png
bangladesh,25.0849_90.9030.png
bangladesh,25.0849_91.4996.png
bangladesh,25.0849_91.5030.png
bangladesh,25.0963_88.9908.png
bangladesh,25.0963_89.2996.png
bangladesh,25.0963_89.3030.png
bangladesh,25.0963_89.3820.png
bangladesh,25.0963_89.4496.png
bangladesh,25.0963_89.4529.png
bangladesh,25.0963_89.5144.png
bangladesh,25.0963_89.5232.png
bangladesh,25.0963_89.5408.png
bangladesh,25.0963_90.0408.png
bangladesh,25.0963_91.4320.png
bangladesh,25.0963_91.4408.png
bangladesh,25.0963_91.4644.png
bangladesh,25.0963_91.4732.png
bangladesh,25.0996_88.9908.png
bangladesh,25.0996_89.2996.png
bangladesh,25.0996_89.3030.png
bangladesh,25.0996_89.3820.png
bangladesh,25.0996_89.4496.png
bangladesh,25.0996_89.4529.png
bangladesh,25.0996_89.5144.png
bangladesh,25.0996_89.5232.png
bangladesh,25.0996_89.5408.png
bangladesh,25.0996_90.0408.png
bangladesh,25.1084_88.9529.png
bangladesh,25.1084_89.4232.png
bangladesh,25.1084_89.4320.png
bangladesh,25.1084_89.5232.png
bangladesh,25.1084_89.7408.png
bangladesh,25.1084_89.7496.png
bangladesh,25.1172_88.9529.png
bangladesh,25.1172_89.0144.png
bangladesh,25.1172_89.4232.png
bangladesh,25.1172_89.5496.png
bangladesh,25.1172_89.5530.png
bangladesh,25.1172_89.7408.png
bangladesh,25.1172_89.7496.png
bangladesh,25.1172_90.6908.png
bangladesh,25.1172_90.6996.png
bangladesh,25.1260_88.8408.png
bangladesh,25.1260_88.9232.png
bangladesh,25.1260_89.0144.png
bangladesh,25.1260_89.0232.png
bangladesh,25.1260_89.0320.png
bangladesh,25.1260_89.4030.png
bangladesh,25.1260_89.5320.png
bangladesh,25.1260_91.1530.png
bangladesh,25.1348_88.8408.png
bangladesh,25.1348_88.8496.png
bangladesh,25.1348_88.8996.png
bangladesh,25.1348_88.9030.png
bangladesh,25.1348_88.9144.png
bangladesh,25.1348_88.9232.png
bangladesh,25.1348_89.0232.png
bangladesh,25.1348_89.0320.png
bangladesh,25.1348_89.1644.png
bangladesh,25.1348_89.5320.png
bangladesh,25.1462_89.0320.png
bangladesh,25.1462_89.0408.png
bangladesh,25.1462_89.0496.png
bangladesh,25.1462_89.0530.png
bangladesh,25.1462_89.5320.png
bangladesh,25.1462_89.7496.png
bangladesh,25.1462_89.7530.png
bangladesh,25.1462_89.7644.png
bangladesh,25.1462_91.1644.png
bangladesh,25.1496_89.0320.png
bangladesh,25.1496_89.0408.png
bangladesh,25.1496_89.0496.png
bangladesh,25.1496_89.0530.png
bangladesh,25.1496_89.3996.png
bangladesh,25.1496_89.4030.png
bangladesh,25.1496_89.5320.png
bangladesh,25.1496_89.7496.png
bangladesh,25.1496_89.7530.png
bangladesh,25.1496_89.7644.png
bangladesh,25.1496_89.9496.png
bangladesh,25.1496_89.9529.png
bangladesh,25.1584_89.0320.png
bangladesh,25.1584_89.0496.png
bangladesh,25.1584_89.0530.png
bangladesh,25.1584_89.3496.png
bangladesh,25.1584_89.3530.png
bangladesh,25.1584_89.3996.png
bangladesh,25.1584_89.4030.png
bangladesh,25.1584_89.7231.png
bangladesh,25.1584_89.9496.png
bangladesh,25.1584_89.9529.png
bangladesh,25.1584_90.2496.png
bangladesh,25.1584_90.2530.png
bangladesh,25.1672_89.0320.png
bangladesh,25.1672_89.0408.png
bangladesh,25.1672_89.7496.png
bangladesh,25.1672_89.7530.png
bangladesh,25.1672_89.8820.png
bangladesh,25.1760_89.7496.png
bangladesh,25.1760_89.7530.png
bangladesh,25.1760_89.8820.png
bangladesh,25.1849_89.0408.png
bangladesh,25.1849_89.0496.png
bangladesh,25.1849_89.8820.png
bangladesh,25.1849_89.8908.png
bangladesh,25.1849_89.8996.png
bangladesh,25.1849_89.9030.png
bangladesh,25.1963_89.0232.png
bangladesh,25.1963_89.0320.png
bangladesh,25.1963_89.3908.png
bangladesh,25.1963_89.7732.png
bangladesh,25.1997_89.0232.png
bangladesh,25.1997_89.0320.png
bangladesh,25.1997_89.3908.png
bangladesh,25.1997_89.7732.png
bangladesh,25.1997_89.8820.png
bangladesh,25.2085_89.0996.png
bangladesh,25.2085_89.4144.png
bangladesh,25.2085_89.4496.png
bangladesh,25.2085_89.4529.png
bangladesh,25.2085_89.5496.png
bangladesh,25.2085_89.6996.png
bangladesh,25.2085_89.8820.png
bangladesh,25.2173_89.2996.png
bangladesh,25.2173_89.3030.png
bangladesh,25.2173_89.4144.png
bangladesh,25.2173_89.5496.png
bangladesh,25.2173_89.6820.png
bangladesh,25.2173_89.8820.png
bangladesh,25.2261_89.2996.png
bangladesh,25.2261_89.3030.png
bangladesh,25.2261_89.7029.png
bangladesh,25.2261_89.8820.png
bangladesh,25.2349_89.7029.png
bangladesh,25.2349_89.8820.png
bangladesh,25.2463_89.0144.png
bangladesh,25.2463_89.1644.png
bangladesh,25.2463_89.3144.png
bangladesh,25.2463_89.3232.png
bangladesh,25.2463_89.3732.png
bangladesh,25.2463_89.4819.png
bangladesh,25.2463_89.4908.png
bangladesh,25.2463_90.0232.png
bangladesh,25.2496_89.0144.png
bangladesh,25.2496_89.3144.png
bangladesh,25.2496_89.3232.png
bangladesh,25.2496_89.3732.png
bangladesh,25.2496_89.3908.png
bangladesh,25.2496_89.4819.png
bangladesh,25.2496_89.4908.png
bangladesh,25.2496_90.0232.png
bangladesh,25.2584_89.3144.png
bangladesh,25.2584_89.3232.png
bangladesh,25.2584_89.3496.png
bangladesh,25.2584_89.3530.png
bangladesh,25.2584_89.3644.png
bangladesh,25.2584_89.3908.png
bangladesh,25.2584_89.4408.png
bangladesh,25.2584_89.4496.png
bangladesh,25.2584_89.5496.png
bangladesh,25.2584_89.5530.png
bangladesh,25.2672_89.2408.png
bangladesh,25.2672_89.3144.png
bangladesh,25.2672_89.3232.png
bangladesh,25.2672_89.3496.png
bangladesh,25.2672_89.3530.png
bangladesh,25.2672_89.4408.png
bangladesh,25.2672_89.4496.png
bangladesh,25.2672_89.5496.png
bangladesh,25.2672_89.5530.png
bangladesh,25.2760_89.2408.png
bangladesh,25.2760_89.3144.png
bangladesh,25.2760_89.3908.png
bangladesh,25.2760_89.3996.png
bangladesh,25.2848_89.3908.png
bangladesh,25.2848_89.5496.png
bangladesh,25.2848_89.5530.png
bangladesh,25.2962_89.3908.png
bangladesh,25.2962_89.3996.png
bangladesh,25.2962_89.4030.png
bangladesh,25.2962_89.4232.png
bangladesh,25.2962_89.4320.png
bangladesh,25.2962_89.5144.png
bangladesh,25.2997_89.3908.png
bangladesh,25.2997_89.3996.png
bangladesh,25.2997_89.4030.png
bangladesh,25.2997_89.4232.png
bangladesh,25.2997_89.4320.png
bangladesh,25.2997_89.4408.png
bangladesh,25.2997_89.4643.png
bangladesh,25.2997_89.5144.png
bangladesh,25.2997_89.5408.png
bangladesh,25.2997_89.5496.png
bangladesh,25.2997_89.6908.png
bangladesh,25.3085_89.3408.png
bangladesh,25.3085_89.3644.png
bangladesh,25.3085_89.3732.png
bangladesh,25.3085_89.4232.png
bangladesh,25.3085_89.4320.png
bangladesh,25.3085_89.4408.png
bangladesh,25.3085_89.4643.png
bangladesh,25.3085_89.5408.png
bangladesh,25.3085_89.5496.png
bangladesh,25.3085_89.5530.png
bangladesh,25.3173_89.2143.png
bangladesh,25.3173_89.3408.png
bangladesh,25.3261_89.1996.png
bangladesh,25.3261_89.2029.png
bangladesh,25.3261_89.2143.png
bangladesh,25.3261_89.3408.png
bangladesh,25.3261_89.4819.png
bangladesh,25.3261_89.4908.png
bangladesh,25.3349_89.2732.png
bangladesh,25.3349_89.2820.png
bangladesh,25.3349_89.3144.png
bangladesh,25.3349_89.3232.png
bangladesh,25.3349_89.3408.png
bangladesh,25.3463_89.3144.png
bangladesh,25.3496_89.1320.png
bangladesh,25.3496_89.3144.png
bangladesh,25.3496_89.5144.png
bangladesh,25.3584_89.2496.png
bangladesh,25.3584_89.2530.png
bangladesh,25.3584_89.4908.png
bangladesh,25.3584_89.5030.png
bangladesh,25.3584_89.5144.png
bangladesh,25.3584_89.5530.png
bangladesh,25.3672_89.2496.png
bangladesh,25.3672_89.2530.png
bangladesh,25.3672_89.4643.png
bangladesh,25.3672_89.4819.png
bangladesh,25.3672_89.4908.png
bangladesh,25.3672_89.5530.png
bangladesh,25.3760_89.1232.png
bangladesh,25.3760_89.1320.png
bangladesh,25.3760_89.4643.png
bangladesh,25.3848_89.2319.png
bangladesh,25.3962_89.2908.png
bangladesh,25.3962_89.2996.png
bangladesh,25.3962_89.4496.png
bangladesh,25.3962_89.4529.png
bangladesh,25.3962_89.5732.png
bangladesh,25.3996_89.2143.png
bangladesh,25.3996_89.2908.png
bangladesh,25.3996_89.2996.png
bangladesh,25.3996_89.5732.png
bangladesh,25.4084_89.1996.png
bangladesh,25.4084_89.2029.png
bangladesh,25.4084_89.2143.png
bangladesh,25.4084_89.5732.png
bangladesh,25.4172_89.3996.png
bangladesh,25.4172_89.4030.png
bangladesh,25.4172_89.5144.png
bangladesh,25.4172_89.5232.png
bangladesh,25.4349_89.2996.png
bangladesh,25.4349_89.3030.png
bangladesh,25.4463_89.2644.png
bangladesh,25.4463_89.2732.png
bangladesh,25.4463_89.4731.png
bangladesh,25.4463_89.4819.png
bangladesh,25.4497_89.2644.png
bangladesh,25.4497_89.2732.png
bangladesh,25.4497_89.3144.png
bangladesh,25.4497_89.3232.png
bangladesh,25.4585_89.2908.png
bangladesh,25.4585_89.2996.png
bangladesh,25.4585_89.3144.png
bangladesh,25.4585_89.3232.png
bangladesh,25.4585_89.5496.png
bangladesh,25.4585_89.5530.png
bangladesh,25.4673_89.2908.png
bangladesh,25.4673_89.2996.png
bangladesh,25.4673_89.3144.png
bangladesh,25.4673_89.3232.png
bangladesh,25.4673_89.3908.png
bangladesh,25.4673_89.3996.png
bangladesh,25.4761_89.5820.png
bangladesh,25.4761_89.5908.png
bangladesh,25.4963_89.7496.png
bangladesh,25.4963_89.8144.png
bangladesh,25.4963_89.8232.png
bangladesh,25.4996_89.4643.png
bangladesh,25.4996_89.4731.png
bangladesh,25.4996_89.5320.png
bangladesh,25.4996_89.5408.png
bangladesh,25.4996_89.5496.png
bangladesh,25.4996_89.6996.png
bangladesh,25.5084_89.5320.png
bangladesh,25.5172_89.4731.png
bangladesh,25.5172_89.4908.png
bangladesh,25.5172_89.4996.png
bangladesh,25.5172_89.5232.png
bangladesh,25.5260_89.4731.png
bangladesh,25.5260_89.5232.png
bangladesh,25.5348_89.4408.png
bangladesh,25.5348_89.4496.png
bangladesh,25.5462_89.4819.png
bangladesh,25.5462_89.5232.png
bangladesh,25.5462_89.5408.png
bangladesh,25.5497_89.4819.png
bangladesh,25.5497_89.5232.png
bangladesh,25.5497_89.5408.png
bangladesh,25.5497_89.6644.png
bangladesh,25.5585_89.6644.png
bangladesh,25.5585_89.8232.png
bangladesh,25.5673_89.8232.png
bangladesh,25.5761_89.6496.png
bangladesh,25.5761_89.6530.png
bangladesh,25.5849_89.6496.png
bangladesh,25.5849_89.6530.png
bangladesh,25.5963_89.6496.png
bangladesh,25.5963_89.6530.png
bangladesh,25.5996_89.6496.png
bangladesh,25.5996_89.6530.png
bangladesh,25.6084_89.6496.png
bangladesh,25.6084_89.6530.png
bangladesh,25.6172_89.8232.png
bangladesh,25.6260_89.8232.png
bangladesh,25.6260_89.8496.png
bangladesh,25.6260_89.8530.png
bangladesh,25.6462_89.8320.png
bangladesh,25.6496_89.8320.png
pak_punjab,29.1162_72.1764.png
pak_punjab,29.1250_72.2351.png
pak_punjab,29.1338_71.8527.png
pak_punjab,29.1338_71.8561.png
pak_punjab,29.1338_71.8939.png
pak_punjab,29.1427_71.8351.png
pak_punjab,29.1427_71.9675.png
pak_punjab,29.1427_71.9851.png
pak_punjab,29.1427_71.9939.png
pak_punjab,29.1427_72.0175.png
pak_punjab,29.1427_72.4263.png
pak_punjab,29.1541_71.7439.png
pak_punjab,29.1541_71.8175.png
pak_punjab,29.1541_71.8263.png
pak_punjab,29.1541_71.9027.png
pak_punjab,29.1541_71.9440.png
pak_punjab,29.1541_72.0351.png
pak_punjab,29.1541_72.0561.png
pak_punjab,29.1541_72.5027.png
pak_punjab,29.1541_72.5061.png
pak_punjab,29.1575_71.7439.png
pak_punjab,29.1575_71.8175.png
pak_punjab,29.1575_71.8263.png
pak_punjab,29.1575_71.9175.png
pak_punjab,29.1575_71.9264.png
pak_punjab,29.1575_71.9440.png
pak_punjab,29.1575_71.9561.png
pak_punjab,29.1575_72.0351.png
pak_punjab,29.1575_72.0439.png
pak_punjab,29.1575_72.0763.png
pak_punjab,29.1575_72.3527.png
pak_punjab,29.1575_72.4675.png
pak_punjab,29.1575_72.5061.png
pak_punjab,29.1663_71.9939.png
pak_punjab,29.1663_72.0027.png
pak_punjab,29.1663_72.0263.png
pak_punjab,29.1663_72.0527.png
pak_punjab,29.1663_72.0561.png
pak_punjab,29.1663_72.4763.png
pak_punjab,29.1663_72.4939.png
pak_punjab,29.1751_71.7061.png
pak_punjab,29.1751_71.8851.png
pak_punjab,29.1751_71.9061.png
pak_punjab,29.1751_71.9763.png
pak_punjab,29.1751_72.0027.png
pak_punjab,29.1751_72.0175.png
pak_punjab,29.1751_72.0351.png
pak_punjab,29.1751_72.0439.png
pak_punjab,29.1751_72.0939.png
pak_punjab,29.1751_72.2263.png
pak_punjab,29.1751_72.2527.png
pak_punjab,29.1751_72.4763.png
pak_punjab,29.1751_72.5061.png
pak_punjab,29.1839_71.8851.png
pak_punjab,29.1839_71.9851.png
pak_punjab,29.1839_72.0061.png
pak_punjab,29.1839_72.0527.png
pak_punjab,29.1839_72.0763.png
pak_punjab,29.1839_72.1175.png
pak_punjab,29.1839_72.1351.png
pak_punjab,29.1839_72.1527.png
pak_punjab,29.1839_72.4439.png
pak_punjab,29.1839_72.4527.png
pak_punjab,29.1839_72.4561.png
pak_punjab,29.1927_71.7939.png
pak_punjab,29.1927_71.8027.png
pak_punjab,29.1927_71.8175.png
pak_punjab,29.1927_72.1175.png
pak_punjab,29.1927_72.1676.png
pak_punjab,29.1927_72.1764.png
pak_punjab,29.1927_72.2939.png
pak_punjab,29.1927_72.3027.png
pak_punjab,29.2041_71.5175.png
pak_punjab,29.2041_71.5263.png
pak_punjab,29.2041_71.5351.png
pak_punjab,29.2041_71.7175.png
pak_punjab,29.2041_71.8175.png
pak_punjab,29.2041_71.9352.png
pak_punjab,29.2041_72.0061.png
pak_punjab,29.2041_72.0175.png
pak_punjab,29.2041_72.0561.png
pak_punjab,29.2041_72.0675.png
pak_punjab,29.2041_72.1027.png
pak_punjab,29.2041_72.1852.png
pak_punjab,29.2041_72.1940.png
pak_punjab,29.2041_72.3939.png
pak_punjab,29.2041_72.4061.png
pak_punjab,29.2074_71.5351.png
pak_punjab,29.2074_71.7175.png
pak_punjab,29.2074_71.9352.png
pak_punjab,29.2074_71.9939.png
pak_punjab,29.2074_72.0027.png
pak_punjab,29.2074_72.0263.png
pak_punjab,29.2074_72.0561.png
pak_punjab,29.2074_72.0675.png
pak_punjab,29.2074_72.1175.png
pak_punjab,29.2074_72.2061.png
pak_punjab,29.2074_72.4675.png
pak_punjab,29.2162_71.9027.png
pak_punjab,29.2162_71.9851.png
pak_punjab,29.2162_71.9939.png
pak_punjab,29.2162_72.0263.png
pak_punjab,29.2162_72.0351.png
pak_punjab,29.2162_72.0439.png
pak_punjab,29.2162_72.0561.png
pak_punjab,29.2162_72.0939.png
pak_punjab,29.2162_72.1175.png
pak_punjab,29.2162_72.1351.png
pak_punjab,29.2162_72.1527.png
pak_punjab,29.2162_72.2028.png
pak_punjab,29.2162_72.3561.png
pak_punjab,29.2162_72.4675.png
pak_punjab,29.2162_72.7527.png
pak_punjab,29.2162_72.7561.png
pak_punjab,29.2162_72.7675.png
pak_punjab,29.2162_72.7763.png
pak_punjab,29.2250_71.5527.png
pak_punjab,29.2250_71.5561.png
pak_punjab,29.2250_71.9939.png
pak_punjab,29.2250_72.0439.png
pak_punjab,29.2250_72.0527.png
pak_punjab,29.2250_72.1527.png
pak_punjab,29.2250_72.1940.png
pak_punjab,29.2250_72.2175.png
pak_punjab,29.2250_72.3439.png
pak_punjab,29.2250_72.3527.png
pak_punjab,29.2250_72.3561.png
pak_punjab,29.2250_72.4263.png
pak_punjab,29.2250_72.5439.png
pak_punjab,29.2250_72.7527.png
pak_punjab,29.2250_72.7561.png
pak_punjab,29.2250_72.7763.png
pak_punjab,29.2338_71.3939.png
pak_punjab,29.2338_71.4027.png
pak_punjab,29.2338_71.4061.png
pak_punjab,29.2338_71.4175.png
pak_punjab,29.2338_71.4352.png
pak_punjab,29.2338_71.5527.png
pak_punjab,29.2338_71.5561.png
pak_punjab,29.2338_72.0439.png
pak_punjab,29.2338_72.0527.png
pak_punjab,29.2338_72.0561.png
pak_punjab,29.2338_72.0763.png
pak_punjab,29.2338_72.0851.png
pak_punjab,29.2338_72.0939.png
pak_punjab,29.2338_72.1061.png
pak_punjab,29.2338_72.1561.png
pak_punjab,29.2338_72.2175.png
pak_punjab,29.2338_72.2561.png
pak_punjab,29.2338_72.3439.png
pak_punjab,29.2338_72.3527.png
pak_punjab,29.2338_72.3763.png
pak_punjab,29.2338_72.3851.png
pak_punjab,29.2338_72.4175.png
pak_punjab,29.2338_72.4263.png
pak_punjab,29.2338_72.4851.png
pak_punjab,29.2338_72.5351.png
pak_punjab,29.2338_72.6027.png
pak_punjab,29.2426_71.3675.png
pak_punjab,29.2426_71.3763.png
pak_punjab,29.2426_71.3939.png
pak_punjab,29.2426_71.4027.png
pak_punjab,29.2426_71.4061.png
pak_punjab,29.2426_71.4175.png
pak_punjab,29.2426_72.0263.png
pak_punjab,29.2426_72.1351.png
pak_punjab,29.2426_72.1439.png
pak_punjab,29.2426_72.1527.png
pak_punjab,29.2426_72.1852.png
pak_punjab,29.2426_72.2851.png
pak_punjab,29.2426_72.3763.png
pak_punjab,29.2426_72.3851.png
pak_punjab,29.2426_72.5351.png
pak_punjab,29.2426_72.8561.png
pak_punjab,29.2540_71.3351.png
pak_punjab,29.2540_71.3439.png
pak_punjab,29.2540_71.4027.png
pak_punjab,29.2540_71.4061.png
pak_punjab,29.2540_71.5527.png
pak_punjab,29.2540_71.5561.png
pak_punjab,29.2540_72.0351.png
pak_punjab,29.2540_72.0763.png
pak_punjab,29.2540_72.2061.png
pak_punjab,29.2540_72.2439.png
pak_punjab,29.2540_72.2939.png
pak_punjab,29.2540_72.4351.png
pak_punjab,29.2540_72.4675.png
pak_punjab,29.2540_72.4763.png
pak_punjab,29.2540_72.5061.png
pak_punjab,29.2540_72.5939.png
pak_punjab,29.2540_72.6027.png
pak_punjab,29.2540_72.6061.png
pak_punjab,29.2540_72.6263.png
pak_punjab,29.2540_72.6439.png
pak_punjab,29.2540_72.6527.png
pak_punjab,29.2540_72.6561.png
pak_punjab,29.2540_72.7439.png
pak_punjab,29.2540_72.8439.png
pak_punjab,29.2575_71.3351.png
pak_punjab,29.2575_71.3439.png
pak_punjab,29.2575_71.5527.png
pak_punjab,29.2575_71.5561.png
pak_punjab,29.2575_72.1527.png
pak_punjab,29.2575_72.1561.png
pak_punjab,29.2575_72.1764.png
pak_punjab,29.2575_72.1852.png
pak_punjab,29.2575_72.2439.png
pak_punjab,29.2575_72.2527.png
pak_punjab,29.2575_72.2763.png
pak_punjab,29.2575_72.2851.png
pak_punjab,29.2575_72.2939.png
pak_punjab,29.2575_72.3027.png
pak_punjab,29.2575_72.4351.png
pak_punjab,29.2575_72.4439.png
pak_punjab,29.2575_72.4763.png
pak_punjab,29.2575_72.4851.png
pak_punjab,29.2575_72.5939.png
pak_punjab,29.2575_72.6027.png
pak_punjab,29.2575_72.6061.png
pak_punjab,29.2575_72.6263.png
pak_punjab,29.2575_72.7439.png
pak_punjab,29.2663_71.3351.png
pak_punjab,29.2663_72.2175.png
pak_punjab,29.2663_72.3027.png
pak_punjab,29.2663_72.3175.png
pak_punjab,29.2663_72.3527.png
pak_punjab,29.2663_72.4061.png
pak_punjab,29.2663_72.4351.png
pak_punjab,29.2663_72.6561.png
pak_punjab,29.2663_72.7527.png
pak_punjab,29.2751_71.5175.png
pak_punjab,29.2751_71.6263.png
pak_punjab,29.2751_72.1852.png
pak_punjab,29.2751_72.1940.png
pak_punjab,29.2751_72.2263.png
pak_punjab,29.2751_72.3027.png
pak_punjab,29.2751_72.3439.png
pak_punjab,29.2751_72.3763.png
pak_punjab,29.2751_72.3939.png
pak_punjab,29.2751_72.4027.png
pak_punjab,29.2751_72.4439.png
pak_punjab,29.2751_72.4561.png
pak_punjab,29.2751_72.4675.png
pak_punjab,29.2751_72.5061.png
pak_punjab,29.2751_72.5527.png
pak_punjab,29.2751_72.5561.png
pak_punjab,29.2751_72.7439.png
pak_punjab,29.2751_72.7527.png
pak_punjab,29.2839_71.2851.png
pak_punjab,29.2839_71.3027.png
pak_punjab,29.2839_71.3061.png
pak_punjab,29.2839_71.3527.png
pak_punjab,29.2839_71.4763.png
pak_punjab,29.2839_71.4851.png
pak_punjab,29.2839_71.5175.png
pak_punjab,29.2839_71.5263.png
pak_punjab,29.2839_72.1940.png
pak_punjab,29.2839_72.2061.png
pak_punjab,29.2839_72.3061.png
pak_punjab,29.2839_72.3263.png
pak_punjab,29.2839_72.3763.png
pak_punjab,29.2839_72.3851.png
pak_punjab,29.2839_72.4263.png
pak_punjab,29.2839_72.4527.png
pak_punjab,29.2839_72.5175.png
pak_punjab,29.2839_72.5527.png
pak_punjab,29.2839_72.5763.png
pak_punjab,29.2839_72.6175.png
pak_punjab,29.2839_72.6763.png
pak_punjab,29.2927_71.3027.png
pak_punjab,29.2927_71.3061.png
pak_punjab,29.2927_71.3175.png
pak_punjab,29.2927_71.4528.png
pak_punjab,29.2927_71.4561.png
pak_punjab,29.2927_71.6027.png
pak_punjab,29.2927_71.6061.png
pak_punjab,29.2927_72.1940.png
pak_punjab,29.2927_72.2439.png
pak_punjab,29.2927_72.2527.png
pak_punjab,29.2927_72.2561.png
pak_punjab,29.2927_72.2763.png
pak_punjab,29.2927_72.2851.png
pak_punjab,29.2927_72.2939.png
pak_punjab,29.2927_72.3027.png
pak_punjab,29.2927_72.4439.png
pak_punjab,29.2927_72.4851.png
pak_punjab,29.2927_72.5763.png
pak_punjab,29.2927_72.6175.png
pak_punjab,29.2927_72.6263.png
pak_punjab,29.2927_72.6439.png
pak_punjab,29.2927_72.6527.png
pak_punjab,29.2927_72.6939.png
pak_punjab,29.2927_72.7175.png
pak_punjab,29.2927_72.8175.png
pak_punjab,29.2927_72.8675.png
pak_punjab,29.3041_71.5351.png
pak_punjab,29.3041_71.5527.png
pak_punjab,29.3041_71.5561.png
pak_punjab,29.3041_72.0939.png
pak_punjab,29.3041_72.1061.png
pak_punjab,29.3041_72.1351.png
pak_punjab,29.3041_72.1439.png
pak_punjab,29.3041_72.1676.png
pak_punjab,29.3041_72.2028.png
pak_punjab,29.3041_72.3263.png
pak_punjab,29.3041_72.3939.png
pak_punjab,29.3041_72.4027.png
pak_punjab,29.3041_72.4351.png
pak_punjab,29.3041_72.4439.png
pak_punjab,29.3041_72.4851.png
pak_punjab,29.3041_72.5027.png
pak_punjab,29.3041_72.5061.png
pak_punjab,29.3041_72.6439.png
pak_punjab,29.3041_72.6675.png
pak_punjab,29.3041_72.8175.png
pak_punjab,29.3074_71.5351.png
pak_punjab,29.3074_71.5527.png
pak_punjab,29.3074_71.5561.png
pak_punjab,29.3074_71.6351.png
pak_punjab,29.3074_72.1027.png
pak_punjab,29.3074_72.1263.png
pak_punjab,29.3074_72.1351.png
pak_punjab,29.3074_72.2675.png
pak_punjab,29.3074_72.3263.png
pak_punjab,29.3074_72.3439.png
pak_punjab,29.3074_72.3851.png
pak_punjab,29.3074_72.3939.png
pak_punjab,29.3074_72.4175.png
pak_punjab,29.3074_72.4561.png
pak_punjab,29.3074_72.4675.png
pak_punjab,29.3074_72.4939.png
pak_punjab,29.3074_72.5027.png
pak_punjab,29.3074_72.5851.png
pak_punjab,29.3074_72.6027.png
pak_punjab,29.3074_72.6351.png
pak_punjab,29.3162_71.3561.png
pak_punjab,29.3162_71.5175.png
pak_punjab,29.3162_71.5263.png
pak_punjab,29.3162_72.0939.png
pak_punjab,29.3162_72.1676.png
pak_punjab,29.3162_72.2851.png
pak_punjab,29.3162_72.3061.png
pak_punjab,29.3162_72.3175.png
pak_punjab,29.3162_72.3263.png
pak_punjab,29.3162_72.3527.png
pak_punjab,29.3162_72.3675.png
pak_punjab,29.3162_72.4061.png
pak_punjab,29.3162_72.4851.png
pak_punjab,29.3162_72.5175.png
pak_punjab,29.3162_72.5439.png
pak_punjab,29.3162_72.5939.png
pak_punjab,29.3162_72.6027.png
pak_punjab,29.3162_72.6263.png
pak_punjab,29.3162_72.6939.png
pak_punjab,29.3162_72.9175.png
pak_punjab,29.3162_73.0175.png
pak_punjab,29.3250_71.3561.png
pak_punjab,29.3250_71.3763.png
pak_punjab,29.3250_72.1061.png
pak_punjab,29.3250_72.1676.png
pak_punjab,29.3250_72.1764.png
pak_punjab,29.3250_72.2061.png
pak_punjab,29.3250_72.2263.png
pak_punjab,29.3250_72.2527.png
pak_punjab,29.3250_72.2939.png
pak_punjab,29.3250_72.3263.png
pak_punjab,29.3250_72.3851.png
pak_punjab,29.3250_72.4527.png
pak_punjab,29.3250_72.5351.png
pak_punjab,29.3250_72.5561.png
pak_punjab,29.3250_72.6027.png
pak_punjab,29.3250_72.6061.png
pak_punjab,29.3250_72.6351.png
pak_punjab,29.3250_72.6527.png
pak_punjab,29.3250_72.6851.png
pak_punjab,29.3250_72.9263.png
pak_punjab,29.3338_71.3527.png
pak_punjab,29.3338_71.3561.png
pak_punjab,29.3338_71.5027.png
pak_punjab,29.3338_71.5527.png
pak_punjab,29.3338_71.5561.png
pak_punjab,29.3338_72.0939.png
pak_punjab,29.3338_72.3175.png
pak_punjab,29.3338_72.3675.png
pak_punjab,29.3338_72.3851.png
pak_punjab,29.3338_72.4027.png
pak_punjab,29.3338_72.4263.png
pak_punjab,29.3338_72.4561.png
pak_punjab,29.3338_72.4763.png
pak_punjab,29.3338_72.4939.png
pak_punjab,29.3338_72.5027.png
pak_punjab,29.3338_72.5175.png
pak_punjab,29.3338_72.5263.png
pak_punjab,29.3338_72.5675.png
pak_punjab,29.3338_72.6175.png
pak_punjab,29.3338_72.6263.png
pak_punjab,29.3338_72.6351.png
pak_punjab,29.3338_72.6561.png
pak_punjab,29.3338_72.7263.png
pak_punjab,29.3338_72.8175.png
pak_punjab,29.3426_71.2028.png
pak_punjab,29.3426_71.2061.png
pak_punjab,29.3426_71.2527.png
pak_punjab,29.3426_71.2561.png
pak_punjab,29.3426_71.5027.png
pak_punjab,29.3426_71.5527.png
pak_punjab,29.3426_71.5561.png
pak_punjab,29.3426_72.0763.png
pak_punjab,29.3426_72.1175.png
pak_punjab,29.3426_72.1351.png
pak_punjab,29.3426_72.1527.png
pak_punjab,29.3426_72.1852.png
pak_punjab,29.3426_72.2175.png
pak_punjab,29.3426_72.2263.png
pak_punjab,29.3426_72.2675.png
pak_punjab,29.3426_72.2939.png
pak_punjab,29.3426_72.3351.png
pak_punjab,29.3426_72.3675.png
pak_punjab,29.3426_72.4675.png
pak_punjab,29.3426_72.4763.png
pak_punjab,29.3426_72.4851.png
pak_punjab,29.3426_72.4939.png
pak_punjab,29.3426_72.5061.png
pak_punjab,29.3426_72.5263.png
pak_punjab,29.3426_72.5439.png
pak_punjab,29.3426_72.5527.png
pak_punjab,29.3426_72.5675.png
pak_punjab,29.3426_72.6527.png
pak_punjab,29.3426_72.6763.png
pak_punjab,29.3426_72.6851.png
pak_punjab,29.3426_72.7061.png
pak_punjab,29.3426_72.9851.png
pak_punjab,29.3540_71.1439.png
pak_punjab,29.3540_71.1527.png
pak_punjab,29.3540_71.1675.png
pak_punjab,29.3540_71.1763.png
pak_punjab,29.3540_72.1351.png
pak_punjab,29.3540_72.1527.png
pak_punjab,29.3540_72.1676.png
pak_punjab,29.3540_72.1764.png
pak_punjab,29.3540_72.1940.png
pak_punjab,29.3540_72.2175.png
pak_punjab,29.3540_72.2351.png
pak_punjab,29.3540_72.2561.png
pak_punjab,29.3540_72.2675.png
pak_punjab,29.3540_72.3175.png
pak_punjab,29.3540_72.3561.png
pak_punjab,29.3540_72.4027.png
pak_punjab,29.3540_72.5027.png
pak_punjab,29.3540_72.6527.png
pak_punjab,29.3540_72.6763.png
pak_punjab,29.3540_72.7027.png
pak_punjab,29.3540_73.0027.png
pak_punjab,29.3574_71.1439.png
pak_punjab,29.3574_71.1527.png
pak_punjab,29.3574_71.1561.png
pak_punjab,29.3574_71.1675.png
pak_punjab,29.3574_71.1763.png
pak_punjab,29.3574_71.2263.png
pak_punjab,29.3574_71.2351.png
pak_punjab,29.3574_71.2439.png
pak_punjab,29.3574_71.6940.png
pak_punjab,29.3574_72.1061.png
pak_punjab,29.3574_72.1561.png
pak_punjab,29.3574_72.1676.png
pak_punjab,29.3574_72.2028.png
pak_punjab,29.3574_72.2439.png
pak_punjab,29.3574_72.2561.png
pak_punjab,29.3574_72.3175.png
pak_punjab,29.3574_72.4061.png
pak_punjab,29.3574_72.4527.png
pak_punjab,29.3574_72.4561.png
pak_punjab,29.3574_72.4675.png
pak_punjab,29.3574_72.5351.png
pak_punjab,29.3574_72.5763.png
pak_punjab,29.3574_72.5939.png
pak_punjab,29.3662_71.2263.png
pak_punjab,29.3662_71.2561.png
pak_punjab,29.3662_71.6940.png
pak_punjab,29.3662_72.1351.png
pak_punjab,29.3662_72.2061.png
pak_punjab,29.3662_72.2351.png
pak_punjab,29.3662_72.2439.png
pak_punjab,29.3662_72.2763.png
pak_punjab,29.3662_72.2851.png
pak_punjab,29.3662_72.3561.png
pak_punjab,29.3662_72.3763.png
pak_punjab,29.3662_72.3939.png
pak_punjab,29.3662_72.4027.png
pak_punjab,29.3662_72.4351.png
pak_punjab,29.3662_72.4439.png
pak_punjab,29.3662_72.4675.png
pak_punjab,29.3662_72.4851.png
pak_punjab,29.3662_72.5939.png
pak_punjab,29.3662_72.6527.png
pak_punjab,29.3662_72.6561.png
pak_punjab,29.3662_72.6763.png
pak_punjab,29.3750_71.2763.png
pak_punjab,29.3750_71.6263.png
pak_punjab,29.3750_72.1263.png
pak_punjab,29.3750_72.1527.png
pak_punjab,29.3750_72.1676.png
pak_punjab,29.3750_72.3263.png
pak_punjab,29.3750_72.3561.png
pak_punjab,29.3750_72.3851.png
pak_punjab,29.3750_72.4175.png
pak_punjab,29.3750_72.5527.png
pak_punjab,29.3750_72.6263.png
pak_punjab,29.3750_72.6351.png
pak_punjab,29.3750_72.6939.png
pak_punjab,29.3750_72.8527.png
pak_punjab,29.3750_72.8675.png
pak_punjab,29.3838_71.2763.png
pak_punjab,29.3838_71.6263.png
pak_punjab,29.3838_72.1351.png
pak_punjab,29.3838_72.1439.png
pak_punjab,29.3838_72.2175.png
pak_punjab,29.3838_72.2851.png
pak_punjab,29.3838_72.3263.png
pak_punjab,29.3838_72.3351.png
pak_punjab,29.3838_72.3527.png
pak_punjab,29.3838_72.3675.png
pak_punjab,29.3838_72.4675.png
pak_punjab,29.3838_72.5027.png
pak_punjab,29.3838_72.5061.png
pak_punjab,29.3838_72.5175.png
pak_punjab,29.3838_72.5263.png
pak_punjab,29.3838_72.5351.png
pak_punjab,29.3838_72.5527.png
pak_punjab,29.3838_72.5851.png
pak_punjab,29.3838_73.0561.png
pak_punjab,29.3838_73.1027.png
pak_punjab,29.3927_71.6439.png
pak_punjab,29.3927_71.8527.png
pak_punjab,29.3927_72.1351.png
pak_punjab,29.3927_72.2561.png
pak_punjab,29.3927_72.3061.png
pak_punjab,29.3927_72.3561.png
pak_punjab,29.3927_72.3675.png
pak_punjab,29.3927_72.5175.png
pak_punjab,29.3927_72.5439.png
pak_punjab,29.3927_72.5763.png
pak_punjab,29.3927_72.5939.png
pak_punjab,29.3927_72.6175.png
pak_punjab,29.3927_72.6561.png
pak_punjab,29.3927_72.6675.png
pak_punjab,29.3927_72.7175.png
pak_punjab,29.4041_71.3763.png
pak_punjab,29.4041_71.4175.png
pak_punjab,29.4041_71.7263.png
pak_punjab,29.4041_71.8175.png
pak_punjab,29.4041_71.8263.png
pak_punjab,29.4041_72.1351.png
pak_punjab,29.4041_72.2061.png
pak_punjab,29.4041_72.2527.png
pak_punjab,29.4041_72.2675.png
pak_punjab,29.4041_72.3763.png
pak_punjab,29.4041_72.5027.png
pak_punjab,29.4041_72.5061.png
pak_punjab,29.4041_72.5351.png
pak_punjab,29.4041_72.5527.png
pak_punjab,29.4041_72.5763.png
pak_punjab,29.4041_72.6439.png
pak_punjab,29.4041_72.6527.png
pak_punjab,29.4041_72.6763.png
pak_punjab,29.4041_72.8851.png
pak_punjab,29.4075_71.0675.png
pak_punjab,29.4075_71.1763.png
pak_punjab,29.4075_71.3763.png
pak_punjab,29.4075_71.4175.png
pak_punjab,29.4075_71.7263.png
pak_punjab,29.4075_71.7675.png
pak_punjab,29.4075_71.8175.png
pak_punjab,29.4075_71.8263.png
pak_punjab,29.4075_72.2061.png
pak_punjab,29.4075_72.2939.png
pak_punjab,29.4075_72.3027.png
pak_punjab,29.4075_72.3061.png
pak_punjab,29.4075_72.3351.png
pak_punjab,29.4075_72.4527.png
pak_punjab,29.4075_72.4851.png
pak_punjab,29.4075_72.5175.png
pak_punjab,29.4075_72.6439.png
pak_punjab,29.4075_72.8061.png
pak_punjab,29.4075_73.1763.png
pak_punjab,29.4163_71.0675.png
pak_punjab,29.4163_71.3675.png
pak_punjab,29.4163_71.4175.png
pak_punjab,29.4163_71.4264.png
pak_punjab,29.4163_71.4763.png
pak_punjab,29.4163_71.6940.png
pak_punjab,29.4163_71.7028.png
pak_punjab,29.4163_71.7061.png
pak_punjab,29.4163_71.7675.png
pak_punjab,29.4163_71.8439.png
pak_punjab,29.4163_71.8527.png
pak_punjab,29.4163_72.1561.png
pak_punjab,29.4163_72.1676.png
pak_punjab,29.4163_72.1764.png
pak_punjab,29.4163_72.2028.png
pak_punjab,29.4163_72.2439.png
pak_punjab,29.4163_72.2939.png
pak_punjab,29.4163_72.3061.png
pak_punjab,29.4163_72.3351.png
pak_punjab,29.4163_72.3675.png
pak_punjab,29.4163_72.4061.png
pak_punjab,29.4163_72.4561.png
pak_punjab,29.4163_72.5027.png
pak_punjab,29.4163_72.6027.png
pak_punjab,29.4163_72.6351.png
pak_punjab,29.4163_72.6851.png
pak_punjab,29.4163_72.8675.png
pak_punjab,29.4251_71.3939.png
pak_punjab,29.4251_71.4264.png
pak_punjab,29.4251_71.4675.png
pak_punjab,29.4251_71.4763.png
pak_punjab,29.4251_71.5061.png
pak_punjab,29.4251_71.6940.png
pak_punjab,29.4251_71.7028.png
pak_punjab,29.4251_71.7061.png
pak_punjab,29.4251_71.7175.png
pak_punjab,29.4251_71.7527.png
pak_punjab,29.4251_71.7561.png
pak_punjab,29.4251_71.8439.png
pak_punjab,29.4251_72.1940.png
pak_punjab,29.4251_72.2028.png
pak_punjab,29.4251_72.2439.png
pak_punjab,29.4251_72.2527.png
pak_punjab,29.4251_72.2763.png
pak_punjab,29.4251_72.3027.png
pak_punjab,29.4251_72.3061.png
pak_punjab,29.4251_72.3263.png
pak_punjab,29.4251_72.3439.png
pak_punjab,29.4251_72.3527.png
pak_punjab,29.4251_72.4439.png
pak_punjab,29.4251_72.4939.png
pak_punjab,29.4251_72.5175.png
pak_punjab,29.4251_72.5439.png
pak_punjab,29.4251_72.5763.png
pak_punjab,29.4251_72.5851.png
pak_punjab,29.4251_72.6351.png
pak_punjab,29.4339_71.0527.png
pak_punjab,29.4339_71.3763.png
pak_punjab,29.4339_71.3939.png
pak_punjab,29.4339_71.4528.png
pak_punjab,29.4339_71.4561.png
pak_punjab,29.4339_71.4675.png
pak_punjab,29.4339_71.4851.png
pak_punjab,29.4339_71.4939.png
pak_punjab,29.4339_71.7527.png
pak_punjab,29.4339_71.7561.png
pak_punjab,29.4339_71.8027.png
pak_punjab,29.4339_71.8061.png
pak_punjab,29.4339_71.8439.png
pak_punjab,29.4339_71.8527.png
pak_punjab,29.4339_71.8561.png
pak_punjab,29.4339_72.1852.png
pak_punjab,29.4339_72.1940.png
pak_punjab,29.4339_72.2527.png
pak_punjab,29.4339_72.2939.png
pak_punjab,29.4339_72.3175.png
pak_punjab,29.4339_72.3561.png
pak_punjab,29.4339_72.5027.png
pak_punjab,29.4339_72.5061.png
pak_punjab,29.4339_72.5351.png
pak_punjab,29.4339_72.6527.png
pak_punjab,29.4339_72.6763.png
pak_punjab,29.4339_72.7763.png
pak_punjab,29.4339_72.9027.png
pak_punjab,29.4339_73.1763.png
pak_punjab,29.4339_73.1851.png
pak_punjab,29.4427_71.0561.png
pak_punjab,29.4427_71.1263.png
pak_punjab,29.4427_71.1351.png
pak_punjab,29.4427_71.3763.png
pak_punjab,29.4427_72.2028.png
pak_punjab,29.4427_72.3027.png
pak_punjab,29.4427_72.3263.png
pak_punjab,29.4427_72.3351.png
pak_punjab,29.4427_72.3439.png
pak_punjab,29.4427_72.4027.png
pak_punjab,29.4427_72.4939.png
pak_punjab,29.4427_72.6851.png
pak_punjab,29.4427_73.1175.png
pak_punjab,29.4541_70.9528.png
pak_punjab,29.4541_70.9561.png
pak_punjab,29.4541_71.0263.png
pak_punjab,29.4541_71.1763.png
pak_punjab,29.4541_71.2263.png
pak_punjab,29.4541_71.3175.png
pak_punjab,29.4541_71.4851.png
pak_punjab,29.4541_71.8061.png
pak_punjab,29.4541_71.9352.png
pak_punjab,29.4541_72.3351.png
pak_punjab,29.4541_72.4439.png
pak_punjab,29.4541_72.4675.png
pak_punjab,29.4574_70.9528.png
pak_punjab,29.4574_70.9561.png
pak_punjab,29.4574_71.0439.png
pak_punjab,29.4574_71.0527.png
pak_punjab,29.4574_71.1763.png
pak_punjab,29.4574_71.2263.png
pak_punjab,29.4574_71.3175.png
pak_punjab,29.4574_71.4352.png
pak_punjab,29.4574_71.4440.png
pak_punjab,29.4574_71.9264.png
pak_punjab,29.4574_71.9352.png
pak_punjab,29.4574_72.2028.png
pak_punjab,29.4574_72.2175.png
pak_punjab,29.4574_72.3351.png
pak_punjab,29.4574_72.4061.png
pak_punjab,29.4574_72.4561.png
pak_punjab,29.4574_72.4763.png
pak_punjab,29.4574_72.6675.png
pak_punjab,29.4662_70.9263.png
pak_punjab,29.4662_70.9352.png
pak_punjab,29.4662_70.9440.png
pak_punjab,29.4662_70.9528.png
pak_punjab,29.4662_70.9675.png
pak_punjab,29.4662_71.0439.png
pak_punjab,29.4662_71.1351.png
pak_punjab,29.4662_71.4352.png
pak_punjab,29.4662_71.4440.png
pak_punjab,29.4662_71.4528.png
pak_punjab,29.4662_71.4561.png
pak_punjab,29.4662_71.7439.png
pak_punjab,29.4662_71.9175.png
pak_punjab,29.4662_71.9264.png
pak_punjab,29.4662_71.9352.png
pak_punjab,29.4662_71.9528.png
pak_punjab,29.4662_71.9561.png
pak_punjab,29.4662_72.2351.png
pak_punjab,29.4662_72.2439.png
pak_punjab,29.4662_72.2763.png
pak_punjab,29.4662_72.4027.png
pak_punjab,29.4662_72.4175.png
pak_punjab,29.4662_72.4263.png
pak_punjab,29.4662_72.4561.png
pak_punjab,29.4662_72.4675.png
pak_punjab,29.4662_72.4763.png
pak_punjab,29.4662_72.4851.png
pak_punjab,29.4750_70.9175.png
pak_punjab,29.4750_70.9352.png
pak_punjab,29.4750_70.9675.png
pak_punjab,29.4750_71.1351.png
pak_punjab,29.4750_71.4528.png
pak_punjab,29.4750_71.4561.png
pak_punjab,29.4750_71.6027.png
pak_punjab,29.4750_71.6061.png
pak_punjab,29.4750_71.6527.png
pak_punjab,29.4750_71.6561.png
pak_punjab,29.4750_71.9561.png
pak_punjab,29.4750_72.2061.png
pak_punjab,29.4750_72.3763.png
pak_punjab,29.4750_72.3939.png
pak_punjab,29.4750_72.4351.png
pak_punjab,29.4750_72.4561.png
pak_punjab,29.4750_72.6851.png
pak_punjab,29.4838_70.9175.png
pak_punjab,29.4838_71.1527.png
pak_punjab,29.4838_71.1561.png
pak_punjab,29.4838_71.1675.png
pak_punjab,29.4838_71.2851.png
pak_punjab,29.4838_71.6027.png
pak_punjab,29.4838_71.6061.png
pak_punjab,29.4838_71.6527.png
pak_punjab,29.4838_71.6561.png
pak_punjab,29.4838_71.9264.png
pak_punjab,29.4838_71.9440.png
pak_punjab,29.4838_72.3175.png
pak_punjab,29.4838_72.4351.png
pak_punjab,29.4838_72.4527.png
pak_punjab,29.4838_72.5939.png
pak_punjab,29.4926_71.1675.png
pak_punjab,29.4926_71.1940.png
pak_punjab,29.4926_71.2028.png
pak_punjab,29.4926_71.2851.png
pak_punjab,29.4926_71.5439.png
pak_punjab,29.4926_71.5527.png
pak_punjab,29.4926_71.6675.png
pak_punjab,29.4926_71.7061.png
pak_punjab,29.4926_71.7175.png
pak_punjab,29.4926_71.7263.png
pak_punjab,29.4926_72.0351.png
pak_punjab,29.4926_72.2351.png
pak_punjab,29.4926_72.3851.png
pak_punjab,29.4926_72.4763.png
pak_punjab,29.4926_72.6939.png
pak_punjab,29.4926_72.9263.png
pak_punjab,29.5040_70.9352.png
pak_punjab,29.5040_71.1351.png
pak_punjab,29.5040_71.2028.png
pak_punjab,29.5040_71.2061.png
pak_punjab,29.5040_71.7263.png
pak_punjab,29.5040_71.7351.png
pak_punjab,29.5040_71.7439.png
pak_punjab,29.5040_71.7939.png
pak_punjab,29.5040_72.0263.png
pak_punjab,29.5040_72.4351.png
pak_punjab,29.5040_72.4851.png
pak_punjab,29.5040_72.9439.png
pak_punjab,29.5040_72.9675.png
pak_punjab,29.5040_73.2175.png
pak_punjab,29.5075_71.1263.png
pak_punjab,29.5075_71.1351.png
pak_punjab,29.5075_71.1852.png
pak_punjab,29.5075_71.2763.png
pak_punjab,29.5075_71.4939.png
pak_punjab,29.5075_71.7263.png
pak_punjab,29.5075_71.7351.png
pak_punjab,29.5075_71.7851.png
pak_punjab,29.5075_71.7939.png
pak_punjab,29.5075_71.9939.png
pak_punjab,29.5075_72.0175.png
pak_punjab,29.5075_72.0439.png
pak_punjab,29.5075_72.4351.png
pak_punjab,29.5075_72.4939.png
pak_punjab,29.5075_72.6439.png
pak_punjab,29.5075_72.6675.png
pak_punjab,29.5075_73.0175.png
pak_punjab,29.5163_70.8675.png
pak_punjab,29.5163_71.1263.png
pak_punjab,29.5163_71.1351.png
pak_punjab,29.5163_71.1675.png
pak_punjab,29.5163_71.1763.png
pak_punjab,29.5163_71.2028.png
pak_punjab,29.5163_71.2061.png
pak_punjab,29.5163_71.2351.png
pak_punjab,29.5163_71.2439.png
pak_punjab,29.5163_71.2763.png
pak_punjab,29.5163_71.6027.png
pak_punjab,29.5163_71.6061.png
pak_punjab,29.5163_71.6175.png
pak_punjab,29.5163_71.6263.png
pak_punjab,29.5163_71.6439.png
pak_punjab,29.5163_71.7763.png
pak_punjab,29.5163_71.7851.png
pak_punjab,29.5163_71.8175.png
pak_punjab,29.5163_71.8263.png
pak_punjab,29.5163_71.8527.png
pak_punjab,29.5163_72.0939.png
pak_punjab,29.5163_72.4439.png
pak_punjab,29.5163_72.4763.png
pak_punjab,29.5163_72.4939.png
pak_punjab,29.5163_72.5061.png
pak_punjab,29.5163_72.5175.png
pak_punjab,29.5163_72.6439.png
pak_punjab,29.5251_70.8527.png
pak_punjab,29.5251_71.0175.png
pak_punjab,29.5251_71.6027.png
pak_punjab,29.5251_71.6061.png
pak_punjab,29.5251_71.6175.png
pak_punjab,29.5251_71.6263.png
pak_punjab,29.5251_71.6439.png
pak_punjab,29.5251_71.6527.png
pak_punjab,29.5251_71.6561.png
pak_punjab,29.5251_71.8027.png
pak_punjab,29.5251_71.8061.png
pak_punjab,29.5251_71.8175.png
pak_punjab,29.5251_71.8263.png
pak_punjab,29.5251_71.8351.png
pak_punjab,29.5251_72.0561.png
pak_punjab,29.5251_72.0675.png
pak_punjab,29.5251_72.5263.png
pak_punjab,29.5339_70.8527.png
pak_punjab,29.5339_71.1439.png
pak_punjab,29.5339_71.1527.png
pak_punjab,29.5339_71.1852.png
pak_punjab,29.5339_71.4675.png
pak_punjab,29.5339_71.6527.png
pak_punjab,29.5339_71.6561.png
pak_punjab,29.5339_72.0939.png
pak_punjab,29.5339_72.4675.png
pak_punjab,29.5339_72.6561.png
pak_punjab,29.5339_73.0939.png
pak_punjab,29.5339_73.1851.png
pak_punjab,29.5427_71.0027.png
pak_punjab,29.5427_71.0061.png
pak_punjab,29.5427_71.1439.png
pak_punjab,29.5427_71.1527.png
pak_punjab,29.5427_71.4675.png
pak_punjab,29.5427_71.6675.png
pak_punjab,29.5427_71.6764.png
pak_punjab,29.5427_71.8351.png
pak_punjab,29.5427_72.0527.png
pak_punjab,29.5427_72.4939.png
pak_punjab,29.5427_72.5175.png
pak_punjab,29.5427_72.5763.png
pak_punjab,29.5427_72.5939.png
pak_punjab,29.5427_72.8439.png
pak_punjab,29.5427_72.8527.png
pak_punjab,29.5427_73.2061.png
pak_punjab,29.5427_73.2439.png
pak_punjab,29.5541_70.8763.png
pak_punjab,29.5541_70.8851.png
pak_punjab,29.5541_71.2028.png
pak_punjab,29.5541_71.2061.png
pak_punjab,29.5541_71.3527.png
pak_punjab,29.5541_71.3561.png
pak_punjab,29.5541_71.6175.png
pak_punjab,29.5541_71.6263.png
pak_punjab,29.5541_71.6351.png
pak_punjab,29.5541_71.6852.png
pak_punjab,29.5541_71.7175.png
pak_punjab,29.5541_71.7675.png
pak_punjab,29.5541_71.8263.png
pak_punjab,29.5541_71.9528.png
pak_punjab,29.5541_71.9561.png
pak_punjab,29.5541_72.4763.png
pak_punjab,29.5541_72.4851.png
pak_punjab,29.5541_72.5027.png
pak_punjab,29.5541_72.5061.png
pak_punjab,29.5541_72.5175.png
pak_punjab,29.5541_72.5675.png
pak_punjab,29.5541_73.2351.png
pak_punjab,29.5574_70.8763.png
pak_punjab,29.5574_70.8851.png
pak_punjab,29.5574_71.0175.png
pak_punjab,29.5574_71.1527.png
pak_punjab,29.5574_71.1561.png
pak_punjab,29.5574_71.1852.png
pak_punjab,29.5574_71.2028.png
pak_punjab,29.5574_71.2061.png
pak_punjab,29.5574_71.3527.png
pak_punjab,29.5574_71.3561.png
pak_punjab,29.5574_71.3763.png
pak_punjab,29.5574_71.3851.png
pak_punjab,29.5574_71.4027.png
pak_punjab,29.5574_71.4061.png
pak_punjab,29.5574_71.6175.png
pak_punjab,29.5574_71.6263.png
pak_punjab,29.5574_71.6351.png
pak_punjab,29.5574_71.6852.png
pak_punjab,29.5574_71.7175.png
pak_punjab,29.5574_71.7675.png
pak_punjab,29.5574_71.8263.png
pak_punjab,29.5574_71.9528.png
pak_punjab,29.5574_71.9561.png
pak_punjab,29.5574_72.1439.png
pak_punjab,29.5574_72.2061.png
pak_punjab,29.5574_72.5675.png
pak_punjab,29.5662_70.8527.png
pak_punjab,29.5662_70.8561.png
pak_punjab,29.5662_71.0027.png
pak_punjab,29.5662_71.0061.png
pak_punjab,29.5662_71.0175.png
pak_punjab,29.5662_71.1527.png
pak_punjab,29.5662_71.1561.png
pak_punjab,29.5662_71.1763.png
pak_punjab,29.5662_71.1852.png
pak_punjab,29.5662_71.3763.png
pak_punjab,29.5662_71.3851.png
pak_punjab,29.5662_71.3939.png
pak_punjab,29.5662_71.4027.png
pak_punjab,29.5662_71.4061.png
pak_punjab,29.5662_71.4264.png
pak_punjab,29.5662_71.4352.png
pak_punjab,29.5662_71.7175.png
pak_punjab,29.5662_71.7939.png
pak_punjab,29.5662_71.8027.png
pak_punjab,29.5662_71.8439.png
pak_punjab,29.5662_71.8527.png
pak_punjab,29.5662_72.6027.png
pak_punjab,29.5662_73.1675.png
pak_punjab,29.5750_70.8527.png
pak_punjab,29.5750_70.8561.png
pak_punjab,29.5750_71.0027.png
pak_punjab,29.5750_71.0061.png
pak_punjab,29.5750_71.3939.png
pak_punjab,29.5750_71.4939.png
pak_punjab,29.5750_71.5027.png
pak_punjab,29.5750_71.7175.png
pak_punjab,29.5750_71.7263.png
pak_punjab,29.5750_71.7351.png
pak_punjab,29.5750_71.7527.png
pak_punjab,29.5750_71.7561.png
pak_punjab,29.5750_71.8527.png
pak_punjab,29.5750_71.8561.png
pak_punjab,29.5750_71.9175.png
pak_punjab,29.5750_71.9264.png
pak_punjab,29.5750_72.1676.png
pak_punjab,29.5750_72.1764.png
pak_punjab,29.5750_72.6027.png
pak_punjab,29.5750_72.8027.png
pak_punjab,29.5838_71.0175.png
pak_punjab,29.5838_71.3027.png
pak_punjab,29.5838_71.3061.png
pak_punjab,29.5838_71.5939.png
pak_punjab,29.5838_71.7351.png
pak_punjab,29.5838_71.7763.png
pak_punjab,29.5838_71.8527.png
pak_punjab,29.5838_71.8561.png
pak_punjab,29.5838_71.9175.png
pak_punjab,29.5838_71.9264.png
pak_punjab,29.5838_71.9851.png
pak_punjab,29.5838_71.9939.png
pak_punjab,29.5838_72.0027.png
pak_punjab,29.5838_72.0061.png
pak_punjab,29.5838_72.1561.png
pak_punjab,29.5838_72.6675.png
pak_punjab,29.5926_70.9675.png
pak_punjab,29.5926_70.9763.png
pak_punjab,29.5926_71.0175.png
pak_punjab,29.5926_71.5027.png
pak_punjab,29.5926_71.5061.png
pak_punjab,29.5926_71.5939.png
pak_punjab,29.5926_71.7263.png
pak_punjab,29.5926_71.7763.png
pak_punjab,29.5926_71.8939.png
pak_punjab,29.5926_71.9027.png
pak_punjab,29.5926_71.9061.png
pak_punjab,29.5926_72.0027.png
pak_punjab,29.5926_72.0061.png
pak_punjab,29.5926_72.1527.png
pak_punjab,29.5926_72.2263.png
pak_punjab,29.5926_72.2351.png
pak_punjab,29.5926_72.2439.png
pak_punjab,29.5926_72.2527.png
pak_punjab,29.5926_72.5851.png
pak_punjab,29.5926_72.5939.png
pak_punjab,29.5926_72.6027.png
pak_punjab,29.5926_72.6061.png
pak_punjab,29.5926_72.6675.png
pak_punjab,29.5926_73.1939.png
pak_punjab,29.6040_71.1940.png
pak_punjab,29.6040_71.4561.png
pak_punjab,29.6040_71.4939.png
pak_punjab,29.6040_71.5939.png
pak_punjab,29.6040_71.6027.png
pak_punjab,29.6040_71.6061.png
pak_punjab,29.6040_71.6940.png
pak_punjab,29.6040_71.7675.png
pak_punjab,29.6040_71.7763.png
pak_punjab,29.6040_71.9027.png
pak_punjab,29.6040_71.9061.png
pak_punjab,29.6040_71.9528.png
pak_punjab,29.6040_71.9561.png
pak_punjab,29.6040_72.2175.png
pak_punjab,29.6040_72.2263.png
pak_punjab,29.6040_72.2351.png
pak_punjab,29.6040_72.6027.png
pak_punjab,29.6040_72.9763.png
pak_punjab,29.6074_71.1940.png
pak_punjab,29.6074_71.4061.png
pak_punjab,29.6074_71.4175.png
pak_punjab,29.6074_71.4528.png
pak_punjab,29.6074_71.4939.png
pak_punjab,29.6074_71.5939.png
pak_punjab,29.6074_71.6027.png
pak_punjab,29.6074_71.6061.png
pak_punjab,29.6074_71.6940.png
pak_punjab,29.6074_71.7675.png
pak_punjab,29.6074_71.7763.png
pak_punjab,29.6074_71.8175.png
pak_punjab,29.6074_71.8561.png
pak_punjab,29.6074_71.8675.png
pak_punjab,29.6074_71.8763.png
pak_punjab,29.6074_71.9061.png
pak_punjab,29.6074_71.9528.png
pak_punjab,29.6074_71.9561.png
pak_punjab,29.6074_71.9763.png
pak_punjab,29.6074_72.2175.png
pak_punjab,29.6074_72.2263.png
pak_punjab,29.6074_72.2351.png
pak_punjab,29.6074_72.5561.png
pak_punjab,29.6162_70.7763.png
pak_punjab,29.6162_71.0175.png
pak_punjab,29.6162_71.0263.png
pak_punjab,29.6162_71.3263.png
pak_punjab,29.6162_71.4061.png
pak_punjab,29.6162_71.4175.png
pak_punjab,29.6162_71.6061.png
pak_punjab,29.6162_71.8175.png
pak_punjab,29.6162_71.8561.png
pak_punjab,29.6162_71.8675.png
pak_punjab,29.6162_71.8763.png
pak_punjab,29.6162_71.9763.png
pak_punjab,29.6162_71.9851.png
pak_punjab,29.6162_71.9939.png
pak_punjab,29.6162_72.2675.png
pak_punjab,29.6162_72.2763.png
pak_punjab,29.6162_72.5175.png
pak_punjab,29.6162_72.5351.png
pak_punjab,29.6162_72.5527.png
pak_punjab,29.6162_72.6351.png
pak_punjab,29.6162_72.6439.png
pak_punjab,29.6162_72.6851.png
pak_punjab,29.6162_72.7439.png
pak_punjab,29.6162_72.7939.png
pak_punjab,29.6162_72.8027.png
pak_punjab,29.6162_73.0175.png
pak_punjab,29.6162_73.2675.png
pak_punjab,29.6250_71.0175.png
pak_punjab,29.6250_71.0263.png
pak_punjab,29.6250_71.3175.png
pak_punjab,29.6250_71.3263.png
pak_punjab,29.6250_71.3351.png
pak_punjab,29.6250_71.3439.png
pak_punjab,29.6250_71.4175.png
pak_punjab,29.6250_71.5263.png
pak_punjab,29.6250_71.8763.png
pak_punjab,29.6250_71.8851.png
pak_punjab,29.6250_71.9528.png
pak_punjab,29.6250_71.9561.png
pak_punjab,29.6250_72.2675.png
pak_punjab,29.6250_72.2763.png
pak_punjab,29.6250_72.3263.png
pak_punjab,29.6250_72.6439.png
pak_punjab,29.6338_70.8763.png
pak_punjab,29.6338_70.8851.png
pak_punjab,29.6338_71.0027.png
pak_punjab,29.6338_71.0061.png
pak_punjab,29.6338_71.3175.png
pak_punjab,29.6338_71.3351.png
pak_punjab,29.6338_71.5263.png
pak_punjab,29.6338_71.5351.png
pak_punjab,29.6338_71.7851.png
pak_punjab,29.6338_71.8939.png
pak_punjab,29.6338_71.9528.png
pak_punjab,29.6338_71.9561.png
pak_punjab,29.6338_72.1027.png
pak_punjab,29.6338_72.1061.png
pak_punjab,29.6338_72.3263.png
pak_punjab,29.6338_72.3351.png
pak_punjab,29.6338_72.8351.png
pak_punjab,29.6338_72.8439.png
pak_punjab,29.6338_73.2351.png
pak_punjab,29.6338_73.2561.png
pak_punjab,29.6427_71.2439.png
pak_punjab,29.6427_71.2527.png
pak_punjab,29.6427_71.3175.png
pak_punjab,29.6427_71.3263.png
pak_punjab,29.6427_71.5675.png
pak_punjab,29.6427_71.6439.png
pak_punjab,29.6427_71.6527.png
pak_punjab,29.6427_71.7851.png
pak_punjab,29.6427_71.9264.png
pak_punjab,29.6427_71.9352.png
pak_punjab,29.6427_72.2527.png
pak_punjab,29.6427_72.2561.png
pak_punjab,29.6427_72.3263.png
pak_punjab,29.6427_72.3351.png
pak_punjab,29.6427_72.7027.png
pak_punjab,29.6427_72.7851.png
pak_punjab,29.6427_72.8561.png
pak_punjab,29.6427_73.0439.png
pak_punjab,29.6541_71.0263.png
pak_punjab,29.6541_71.0351.png
pak_punjab,29.6541_71.0439.png
pak_punjab,29.6541_71.2675.png
pak_punjab,29.6541_71.3763.png
pak_punjab,29.6541_71.5439.png
pak_punjab,29.6541_71.5527.png
pak_punjab,29.6541_71.5939.png
pak_punjab,29.6541_71.6175.png
pak_punjab,29.6541_71.6852.png
pak_punjab,29.6541_71.6940.png
pak_punjab,29.6541_71.8061.png
pak_punjab,29.6541_71.8763.png
pak_punjab,29.6541_71.8851.png
pak_punjab,29.6541_71.9061.png
pak_punjab,29.6541_71.9175.png
pak_punjab,29.6541_71.9352.png
pak_punjab,29.6541_71.9440.png
pak_punjab,29.6541_71.9528.png
pak_punjab,29.6541_71.9561.png
pak_punjab,29.6541_72.0027.png
pak_punjab,29.6541_72.0061.png
pak_punjab,29.6541_72.0263.png
pak_punjab,29.6541_72.2175.png
pak_punjab,29.6575_70.6852.png
pak_punjab,29.6575_70.8763.png
pak_punjab,29.6575_71.0263.png
pak_punjab,29.6575_71.0351.png
pak_punjab,29.6575_71.1527.png
pak_punjab,29.6575_71.1561.png
pak_punjab,29.6575_71.2351.png
pak_punjab,29.6575_71.2439.png
pak_punjab,29.6575_71.2675.png
pak_punjab,29.6575_71.3763.png
pak_punjab,29.6575_71.4675.png
pak_punjab,29.6575_71.5439.png
pak_punjab,29.6575_71.5527.png
pak_punjab,29.6575_71.5939.png
pak_punjab,29.6575_71.6764.png
pak_punjab,29.6575_71.7028.png
pak_punjab,29.6575_71.8061.png
pak_punjab,29.6575_71.8675.png
pak_punjab,29.6575_71.8851.png
pak_punjab,29.6575_71.9061.png
pak_punjab,29.6575_71.9175.png
pak_punjab,29.6575_71.9440.png
pak_punjab,29.6575_71.9528.png
pak_punjab,29.6575_71.9561.png
pak_punjab,29.6575_72.0439.png
pak_punjab,29.6575_72.1263.png
pak_punjab,29.6575_72.1351.png
pak_punjab,29.6575_72.4351.png
pak_punjab,29.6575_72.6851.png
pak_punjab,29.6575_72.7027.png
pak_punjab,29.6575_73.3028.png
pak_punjab,29.6663_70.8763.png
pak_punjab,29.6663_71.2439.png
pak_punjab,29.6663_71.5527.png
pak_punjab,29.6663_71.5561.png
pak_punjab,29.6663_71.6439.png
pak_punjab,29.6663_71.9763.png
pak_punjab,29.6663_72.6061.png
pak_punjab,29.6663_72.8939.png
pak_punjab,29.6663_73.1175.png
pak_punjab,29.6663_73.1263.png
pak_punjab,29.6663_73.2527.png
pak_punjab,29.6751_71.2061.png
pak_punjab,29.6751_71.2527.png
pak_punjab,29.6751_71.2561.png
pak_punjab,29.6751_71.3527.png
pak_punjab,29.6751_71.3561.png
pak_punjab,29.6751_72.0527.png
pak_punjab,29.6751_72.0561.png
pak_punjab,29.6751_72.3439.png
pak_punjab,29.6751_72.5351.png
pak_punjab,29.6751_72.6263.png
pak_punjab,29.6751_72.6763.png
pak_punjab,29.6751_72.6851.png
pak_punjab,29.6751_72.9851.png
pak_punjab,29.6751_73.2527.png
pak_punjab,29.6751_73.3028.png
pak_punjab,29.6839_71.0351.png
pak_punjab,29.6839_71.0439.png
pak_punjab,29.6839_71.2061.png
pak_punjab,29.6839_71.2439.png
pak_punjab,29.6839_71.2527.png
pak_punjab,29.6839_71.2561.png
pak_punjab,29.6839_71.3527.png
pak_punjab,29.6839_71.3561.png
pak_punjab,29.6839_71.7028.png
pak_punjab,29.6839_71.7061.png
pak_punjab,29.6839_71.7351.png
pak_punjab,29.6839_71.7939.png
pak_punjab,29.6839_71.8763.png
pak_punjab,29.6839_71.8851.png
pak_punjab,29.6839_71.9851.png
pak_punjab,29.6839_72.0027.png
pak_punjab,29.6839_72.0061.png
pak_punjab,29.6839_72.0527.png
pak_punjab,29.6839_72.0561.png
pak_punjab,29.6839_72.0675.png
pak_punjab,29.6839_72.3439.png
pak_punjab,29.6839_72.6763.png
pak_punjab,29.6839_72.6851.png
pak_punjab,29.6927_71.2527.png
pak_punjab,29.6927_71.2561.png
pak_punjab,29.6927_71.3851.png
pak_punjab,29.6927_71.3939.png
pak_punjab,29.6927_71.6439.png
pak_punjab,29.6927_71.7028.png
pak_punjab,29.6927_71.7061.png
pak_punjab,29.6927_71.7939.png
pak_punjab,29.6927_71.8763.png
pak_punjab,29.6927_71.8851.png
pak_punjab,29.6927_71.9763.png
pak_punjab,29.6927_71.9851.png
pak_punjab,29.6927_72.0027.png
pak_punjab,29.6927_72.0061.png
pak_punjab,29.6927_72.0675.png
pak_punjab,29.6927_72.4175.png
pak_punjab,29.6927_72.5175.png
pak_punjab,29.6927_72.5263.png
pak_punjab,29.6927_72.8027.png
pak_punjab,29.6927_72.8061.png
pak_punjab,29.6927_72.8263.png
pak_punjab,29.6927_72.8351.png
pak_punjab,29.6927_72.8675.png
pak_punjab,29.6927_72.8763.png
pak_punjab,29.6927_73.1439.png
pak_punjab,29.6927_73.2561.png
pak_punjab,29.7041_70.6527.png
pak_punjab,29.7041_70.6561.png
pak_punjab,29.7041_70.7175.png
pak_punjab,29.7041_71.0439.png
pak_punjab,29.7041_71.2439.png
pak_punjab,29.7041_71.6675.png
pak_punjab,29.7041_71.6764.png
pak_punjab,29.7041_71.8061.png
pak_punjab,29.7041_71.8351.png
pak_punjab,29.7041_71.8763.png
pak_punjab,29.7041_71.9027.png
pak_punjab,29.7041_71.9264.png
pak_punjab,29.7041_71.9352.png
pak_punjab,29.7041_72.0175.png
pak_punjab,29.7041_72.2939.png
pak_punjab,29.7041_72.3263.png
pak_punjab,29.7041_72.3439.png
pak_punjab,29.7041_72.3675.png
pak_punjab,29.7074_71.0439.png
pak_punjab,29.7074_71.2439.png
pak_punjab,29.7074_71.6675.png
pak_punjab,29.7074_71.6764.png
pak_punjab,29.7074_71.8351.png
pak_punjab,29.7074_71.9027.png
pak_punjab,29.7074_72.0175.png
pak_punjab,29.7074_72.2939.png
pak_punjab,29.7074_72.3263.png
pak_punjab,29.7074_72.3439.png
pak_punjab,29.7074_72.3675.png
pak_punjab,29.7074_72.4263.png
pak_punjab,29.7074_72.4939.png
pak_punjab,29.7074_72.5027.png
pak_punjab,29.7074_73.2439.png
pak_punjab,29.7074_73.2561.png
pak_punjab,29.7162_71.0527.png
pak_punjab,29.7162_71.0561.png
pak_punjab,29.7162_71.2675.png
pak_punjab,29.7162_71.3851.png
pak_punjab,29.7162_71.3939.png
pak_punjab,29.7162_71.4027.png
pak_punjab,29.7162_71.4061.png
pak_punjab,29.7162_71.8027.png
pak_punjab,29.7162_71.8061.png
pak_punjab,29.7162_72.0263.png
pak_punjab,29.7162_72.0351.png
pak_punjab,29.7162_72.0439.png
pak_punjab,29.7162_72.1527.png
pak_punjab,29.7162_72.1561.png
pak_punjab,29.7162_72.4939.png
pak_punjab,29.7162_72.5027.png
pak_punjab,29.7162_72.9675.png
pak_punjab,29.7162_73.0263.png
pak_punjab,29.7250_71.0527.png
pak_punjab,29.7250_71.0561.png
pak_punjab,29.7250_71.2675.png
pak_punjab,29.7250_71.2763.png
pak_punjab,29.7250_71.4027.png
pak_punjab,29.7250_71.4061.png
pak_punjab,29.7250_71.4763.png
pak_punjab,29.7250_71.4851.png
pak_punjab,29.7250_71.9175.png
pak_punjab,29.7250_71.9264.png
pak_punjab,29.7250_72.1263.png
pak_punjab,29.7250_72.1351.png
pak_punjab,29.7250_72.1527.png
pak_punjab,29.7250_72.1561.png
pak_punjab,29.7250_72.5763.png
pak_punjab,29.7338_71.0527.png
pak_punjab,29.7338_71.0561.png
pak_punjab,29.7338_71.2675.png
pak_punjab,29.7338_71.4675.png
pak_punjab,29.7338_71.4763.png
pak_punjab,29.7338_71.4851.png
pak_punjab,29.7338_71.5439.png
pak_punjab,29.7338_72.0027.png
pak_punjab,29.7338_72.0527.png
pak_punjab,29.7338_72.0561.png
pak_punjab,29.7338_72.1439.png
pak_punjab,29.7338_72.1527.png
pak_punjab,29.7338_72.5439.png
pak_punjab,29.7338_72.5527.png
pak_punjab,29.7338_72.7675.png
pak_punjab,29.7338_72.8263.png
pak_punjab,29.7338_72.8351.png
pak_punjab,29.7338_72.9939.png
pak_punjab,29.7338_73.2061.png
pak_punjab,29.7426_70.6027.png
pak_punjab,29.7426_70.6061.png
pak_punjab,29.7426_71.0527.png
pak_punjab,29.7426_71.0561.png
pak_punjab,29.7426_71.1027.png
pak_punjab,29.7426_71.1061.png
pak_punjab,29.7426_71.2675.png
pak_punjab,29.7426_71.4763.png
pak_punjab,29.7426_71.4851.png
pak_punjab,29.7426_71.4939.png
pak_punjab,29.7426_71.6527.png
pak_punjab,29.7426_71.6561.png
pak_punjab,29.7426_73.1061.png
pak_punjab,29.7540_70.6027.png
pak_punjab,29.7540_70.6061.png
pak_punjab,29.7540_71.2351.png
pak_punjab,29.7540_71.2527.png
pak_punjab,29.7540_71.2561.png
pak_punjab,29.7540_71.6439.png
pak_punjab,29.7540_72.0351.png
pak_punjab,29.7540_72.1027.png
pak_punjab,29.7540_72.1061.png
pak_punjab,29.7540_72.4763.png
pak_punjab,29.7540_72.4851.png
pak_punjab,29.7540_72.5527.png
pak_punjab,29.7540_72.5561.png
pak_punjab,29.7540_73.1939.png
pak_punjab,29.7575_70.6027.png
pak_punjab,29.7575_70.6061.png
pak_punjab,29.7575_70.6175.png
pak_punjab,29.7575_71.0939.png
pak_punjab,29.7575_71.2351.png
pak_punjab,29.7575_71.6439.png
pak_punjab,29.7575_71.8527.png
pak_punjab,29.7575_71.8561.png
pak_punjab,29.7575_72.0351.png
pak_punjab,29.7575_72.1027.png
pak_punjab,29.7575_72.1061.png
pak_punjab,29.7575_72.4027.png
pak_punjab,29.7575_72.4061.png
pak_punjab,29.7575_73.1263.png
pak_punjab,29.7575_73.2851.png
pak_punjab,29.7575_73.3028.png
pak_punjab,29.7575_73.3061.png
pak_punjab,29.7663_71.0939.png
pak_punjab,29.7663_71.2675.png
pak_punjab,29.7663_71.4440.png
pak_punjab,29.7663_71.4851.png
pak_punjab,29.7663_71.4939.png
pak_punjab,29.7663_71.5527.png
pak_punjab,29.7663_71.6263.png
pak_punjab,29.7663_72.4027.png
pak_punjab,29.7663_72.4061.png
pak_punjab,29.7663_72.5527.png
pak_punjab,29.7663_72.5561.png
pak_punjab,29.7663_72.7027.png
pak_punjab,29.7663_72.7061.png
pak_punjab,29.7663_72.8439.png
pak_punjab,29.7663_73.0763.png
pak_punjab,29.7663_73.1263.png
pak_punjab,29.7663_73.2939.png
pak_punjab,29.7751_71.0027.png
pak_punjab,29.7751_71.0061.png
pak_punjab,29.7751_71.0439.png
pak_punjab,29.7751_71.0527.png
pak_punjab,29.7751_71.0675.png
pak_punjab,29.7751_71.1175.png
pak_punjab,29.7751_71.2675.png
pak_punjab,29.7751_71.3175.png
pak_punjab,29.7751_71.3263.png
pak_punjab,29.7751_71.4440.png
pak_punjab,29.7751_71.5351.png
pak_punjab,29.7751_71.5527.png
pak_punjab,29.7751_71.5561.png
pak_punjab,29.7751_71.6351.png
pak_punjab,29.7751_71.6439.png
pak_punjab,29.7751_71.7028.png
pak_punjab,29.7751_71.7061.png
pak_punjab,29.7751_71.7263.png
pak_punjab,29.7751_71.7439.png
pak_punjab,29.7751_71.8527.png
pak_punjab,29.7751_71.9027.png
pak_punjab,29.7751_71.9061.png
pak_punjab,29.7751_72.0527.png
pak_punjab,29.7751_72.0561.png
pak_punjab,29.7751_72.1439.png
pak_punjab,29.7751_72.1527.png
pak_punjab,29.7751_72.1561.png
pak_punjab,29.7751_72.5527.png
pak_punjab,29.7751_72.5561.png
pak_punjab,29.7751_72.7027.png
pak_punjab,29.7751_72.7061.png
pak_punjab,29.7839_70.6527.png
pak_punjab,29.7839_70.6561.png
pak_punjab,29.7839_70.6675.png
pak_punjab,29.7839_71.0263.png
pak_punjab,29.7839_71.0351.png
pak_punjab,29.7839_71.0527.png
pak_punjab,29.7839_71.0561.png
pak_punjab,29.7839_71.0675.png
pak_punjab,29.7839_71.3061.png
pak_punjab,29.7839_71.4763.png
pak_punjab,29.7839_71.5027.png
pak_punjab,29.7839_71.5061.png
pak_punjab,29.7839_71.5351.png
pak_punjab,29.7839_71.5527.png
pak_punjab,29.7839_71.5561.png
pak_punjab,29.7839_71.6027.png
pak_punjab,29.7839_71.6351.png
pak_punjab,29.7839_71.7263.png
pak_punjab,29.7839_71.9027.png
pak_punjab,29.7839_71.9061.png
pak_punjab,29.7839_72.1175.png
pak_punjab,29.7839_72.1439.png
pak_punjab,29.7839_72.7027.png
pak_punjab,29.7839_72.7061.png
pak_punjab,29.7839_73.1763.png
pak_punjab,29.7927_70.5675.png
pak_punjab,29.7927_70.6527.png
pak_punjab,29.7927_70.6561.png
pak_punjab,29.7927_70.9027.png
pak_punjab,29.7927_70.9061.png
pak_punjab,29.7927_70.9939.png
pak_punjab,29.7927_71.0027.png
pak_punjab,29.7927_71.0527.png
pak_punjab,29.7927_71.0561.png
pak_punjab,29.7927_71.2763.png
pak_punjab,29.7927_71.2851.png
pak_punjab,29.7927_71.3027.png
pak_punjab,29.7927_71.3061.png
pak_punjab,29.7927_71.3175.png
pak_punjab,29.7927_71.3675.png
pak_punjab,29.7927_71.3763.png
pak_punjab,29.7927_71.4763.png
pak_punjab,29.7927_71.5675.png
pak_punjab,29.7927_71.6263.png
pak_punjab,29.7927_71.6527.png
pak_punjab,29.7927_71.7028.png
pak_punjab,29.7927_71.7675.png
pak_punjab,29.7927_71.7763.png
pak_punjab,29.7927_71.7851.png
pak_punjab,29.7927_71.9528.png
pak_punjab,29.7927_71.9561.png
pak_punjab,29.7927_72.4351.png
pak_punjab,29.7927_72.5439.png
pak_punjab,29.7927_72.5527.png
pak_punjab,29.7927_72.7027.png
pak_punjab,29.7927_72.7061.png
pak_punjab,29.7927_73.0027.png
pak_punjab,29.7927_73.0061.png
pak_punjab,29.7927_73.0528.png
pak_punjab,29.7927_73.0561.png
pak_punjab,29.7927_73.3175.png
pak_punjab,29.8041_70.5939.png
pak_punjab,29.8041_70.6027.png
pak_punjab,29.8041_70.6061.png
pak_punjab,29.8041_70.7175.png
pak_punjab,29.8041_70.7263.png
pak_punjab,29.8041_70.7351.png
pak_punjab,29.8041_70.9939.png
pak_punjab,29.8041_71.0027.png
pak_punjab,29.8041_71.0763.png
pak_punjab,29.8041_71.2763.png
pak_punjab,29.8041_71.4027.png
pak_punjab,29.8041_71.4061.png
pak_punjab,29.8041_71.4352.png
pak_punjab,29.8041_71.4440.png
pak_punjab,29.8041_71.4939.png
pak_punjab,29.8041_71.5027.png
pak_punjab,29.8041_71.5527.png
pak_punjab,29.8041_71.5561.png
pak_punjab,29.8041_71.6527.png
pak_punjab,29.8041_71.6561.png
pak_punjab,29.8041_71.6940.png
pak_punjab,29.8041_71.8175.png
pak_punjab,29.8041_71.8263.png
pak_punjab,29.8041_71.8527.png
pak_punjab,29.8041_71.8561.png
pak_punjab,29.8041_71.8939.png
pak_punjab,29.8041_72.0439.png
pak_punjab,29.8041_72.1439.png
pak_punjab,29.8041_72.1527.png
pak_punjab,29.8041_72.1561.png
pak_punjab,29.8041_72.6027.png
pak_punjab,29.8041_72.6061.png
pak_punjab,29.8041_72.8175.png
pak_punjab,29.8041_72.8351.png
pak_punjab,29.8041_72.9439.png
pak_punjab,29.8041_72.9939.png
pak_punjab,29.8041_73.1527.png
pak_punjab,29.8074_70.5939.png
pak_punjab,29.8074_70.6263.png
pak_punjab,29.8074_70.7175.png
pak_punjab,29.8074_70.7263.png
pak_punjab,29.8074_70.7351.png
pak_punjab,29.8074_70.9939.png
pak_punjab,29.8074_71.0027.png
pak_punjab,29.8074_71.0763.png
pak_punjab,29.8074_71.2763.png
pak_punjab,29.8074_71.3027.png
pak_punjab,29.8074_71.3061.png
pak_punjab,29.8074_71.4027.png
pak_punjab,29.8074_71.4061.png
pak_punjab,29.8074_71.4175.png
pak_punjab,29.8074_71.4264.png
pak_punjab,29.8074_71.4352.png
pak_punjab,29.8074_71.4440.png
pak_punjab,29.8074_71.5175.png
pak_punjab,29.8074_71.5527.png
pak_punjab,29.8074_71.5561.png
pak_punjab,29.8074_71.5675.png
pak_punjab,29.8074_71.6852.png
pak_punjab,29.8074_71.8175.png
pak_punjab,29.8074_71.8263.png
pak_punjab,29.8074_71.8527.png
pak_punjab,29.8074_71.8561.png
pak_punjab,29.8074_71.8939.png
pak_punjab,29.8074_72.0439.png
pak_punjab,29.8074_72.2175.png
pak_punjab,29.8074_72.6027.png
pak_punjab,29.8074_72.6061.png
pak_punjab,29.8074_72.8175.png
pak_punjab,29.8074_72.8351.png
pak_punjab,29.8074_72.9439.png
pak_punjab,29.8074_72.9939.png
pak_punjab,29.8074_73.1527.png
pak_punjab,29.8074_73.3028.png
pak_punjab,29.8162_70.6263.png
pak_punjab,29.8162_70.7263.png
pak_punjab,29.8162_70.7351.png
pak_punjab,29.8162_70.9027.png
pak_punjab,29.8162_70.9061.png
pak_punjab,29.8162_70.9352.png
pak_punjab,29.8162_70.9440.png
pak_punjab,29.8162_70.9763.png
pak_punjab,29.8162_71.0027.png
pak_punjab,29.8162_71.2527.png
pak_punjab,29.8162_71.2561.png
pak_punjab,29.8162_71.2763.png
pak_punjab,29.8162_71.2851.png
pak_punjab,29.8162_71.4175.png
pak_punjab,29.8162_71.4264.png
pak_punjab,29.8162_71.5175.png
pak_punjab,29.8162_71.5851.png
pak_punjab,29.8162_71.6561.png
pak_punjab,29.8162_71.6675.png
pak_punjab,29.8162_72.1561.png
pak_punjab,29.8162_72.1676.png
pak_punjab,29.8162_72.1852.png
pak_punjab,29.8162_72.1940.png
pak_punjab,29.8162_72.2175.png
pak_punjab,29.8162_72.2351.png
pak_punjab,29.8162_72.2939.png
pak_punjab,29.8162_72.7763.png
pak_punjab,29.8250_70.9763.png
pak_punjab,29.8250_71.0027.png
pak_punjab,29.8250_71.2763.png
pak_punjab,29.8250_71.2851.png
pak_punjab,29.8250_71.3939.png
pak_punjab,29.8250_71.4027.png
pak_punjab,29.8250_71.4264.png
pak_punjab,29.8250_71.6561.png
pak_punjab,29.8250_71.6675.png
pak_punjab,29.8250_71.7527.png
pak_punjab,29.8250_71.7561.png
pak_punjab,29.8250_71.8439.png
pak_punjab,29.8250_71.8527.png
pak_punjab,29.8250_71.8675.png
pak_punjab,29.8250_71.9352.png
pak_punjab,29.8250_72.1676.png
pak_punjab,29.8250_72.1764.png
pak_punjab,29.8250_72.1852.png
pak_punjab,29.8250_72.1940.png
pak_punjab,29.8250_72.2351.png
pak_punjab,29.8250_72.2439.png
pak_punjab,29.8250_72.8175.png
pak_punjab,29.8250_72.8263.png
pak_punjab,29.8250_73.3028.png
pak_punjab,29.8338_70.5675.png
pak_punjab,29.8338_70.5763.png
pak_punjab,29.8338_70.6061.png
pak_punjab,29.8338_70.6175.png
pak_punjab,29.8338_71.2851.png
pak_punjab,29.8338_71.3527.png
pak_punjab,29.8338_71.3561.png
pak_punjab,29.8338_71.4528.png
pak_punjab,29.8338_71.6263.png
pak_punjab,29.8338_71.6852.png
pak_punjab,29.8338_71.6940.png
pak_punjab,29.8338_71.8439.png
pak_punjab,29.8338_71.8527.png
pak_punjab,29.8338_71.9352.png
pak_punjab,29.8338_72.1764.png
pak_punjab,29.8338_72.2439.png
pak_punjab,29.8338_72.3527.png
pak_punjab,29.8338_72.8027.png
pak_punjab,29.8338_72.8061.png
pak_punjab,29.8338_72.8763.png
pak_punjab,29.8338_72.8851.png
pak_punjab,29.8338_73.2527.png
pak_punjab,29.8338_73.2561.png
pak_punjab,29.8426_70.6061.png
pak_punjab,29.8426_70.6175.png
pak_punjab,29.8426_70.7061.png
pak_punjab,29.8426_71.1027.png
pak_punjab,29.8426_71.1061.png
pak_punjab,29.8426_71.1175.png
pak_punjab,29.8426_71.3263.png
pak_punjab,29.8426_71.3351.png
pak_punjab,29.8426_71.3527.png
pak_punjab,29.8426_71.3561.png
pak_punjab,29.8426_71.4264.png
pak_punjab,29.8426_71.4352.png
pak_punjab,29.8426_71.6263.png
pak_punjab,29.8426_71.7028.png
pak_punjab,29.8426_71.7061.png
pak_punjab,29.8426_71.8439.png
pak_punjab,29.8426_72.2527.png
pak_punjab,29.8426_72.2561.png
pak_punjab,29.8426_72.3175.png
pak_punjab,29.8426_72.8027.png
pak_punjab,29.8426_72.8061.png
pak_punjab,29.8540_70.6439.png
pak_punjab,29.8540_70.6527.png
pak_punjab,29.8540_71.0175.png
pak_punjab,29.8540_71.2675.png
pak_punjab,29.8540_71.2851.png
pak_punjab,29.8540_71.3175.png
pak_punjab,29.8540_71.4939.png
pak_punjab,29.8540_71.5027.png
pak_punjab,29.8540_71.5061.png
pak_punjab,29.8540_71.5175.png
pak_punjab,29.8540_71.5263.png
pak_punjab,29.8540_71.5527.png
pak_punjab,29.8540_71.5561.png
pak_punjab,29.8540_71.6351.png
pak_punjab,29.8540_71.6527.png
pak_punjab,29.8540_71.6561.png
pak_punjab,29.8540_71.6940.png
pak_punjab,29.8540_71.7028.png
pak_punjab,29.8540_71.7061.png
pak_punjab,29.8540_71.7351.png
pak_punjab,29.8540_71.8351.png
pak_punjab,29.8540_71.8439.png
pak_punjab,29.8540_71.9264.png
pak_punjab,29.8540_72.0027.png
pak_punjab,29.8540_72.0061.png
pak_punjab,29.8540_72.2561.png
pak_punjab,29.8540_72.7763.png
pak_punjab,29.8540_72.7851.png
pak_punjab,29.8540_72.8351.png
pak_punjab,29.8540_72.8439.png
pak_punjab,29.8574_70.5351.png
pak_punjab,29.8574_70.5439.png
pak_punjab,29.8574_70.6439.png
pak_punjab,29.8574_70.6527.png
pak_punjab,29.8574_71.0175.png
pak_punjab,29.8574_71.0763.png
pak_punjab,29.8574_71.1027.png
pak_punjab,29.8574_71.1061.png
pak_punjab,29.8574_71.2675.png
pak_punjab,29.8574_71.2851.png
pak_punjab,29.8574_71.3175.png
pak_punjab,29.8574_71.4561.png
pak_punjab,29.8574_71.4763.png
pak_punjab,29.8574_71.4939.png
pak_punjab,29.8574_71.5027.png
pak_punjab,29.8574_71.5061.png
pak_punjab,29.8574_71.5175.png
pak_punjab,29.8574_71.5263.png
pak_punjab,29.8574_71.5527.png
pak_punjab,29.8574_71.5561.png
pak_punjab,29.8574_71.6351.png
pak_punjab,29.8574_71.6439.png
pak_punjab,29.8574_71.6940.png
pak_punjab,29.8574_71.7028.png
pak_punjab,29.8574_71.7061.png
pak_punjab,29.8574_71.7351.png
pak_punjab,29.8574_71.8439.png
pak_punjab,29.8574_71.9027.png
pak_punjab,29.8574_71.9175.png
pak_punjab,29.8574_71.9264.png
pak_punjab,29.8574_72.0027.png
pak_punjab,29.8574_72.0061.png
pak_punjab,29.8574_72.2561.png
pak_punjab,29.8574_72.7675.png
pak_punjab,29.8574_72.7763.png
pak_punjab,29.8574_72.7851.png
pak_punjab,29.8574_72.8351.png
pak_punjab,29.8574_72.8439.png
pak_punjab,29.8662_70.5351.png
pak_punjab,29.8662_70.5439.png
pak_punjab,29.8662_70.5527.png
pak_punjab,29.8662_70.5561.png
pak_punjab,29.8662_70.5675.png
pak_punjab,29.8662_70.6527.png
pak_punjab,29.8662_70.6561.png
pak_punjab,29.8662_71.0763.png
pak_punjab,29.8662_71.1027.png
pak_punjab,29.8662_71.1061.png
pak_punjab,29.8662_71.3027.png
pak_punjab,29.8662_71.3061.png
pak_punjab,29.8662_71.3175.png
pak_punjab,29.8662_71.4763.png
pak_punjab,29.8662_71.5939.png
pak_punjab,29.8662_71.6439.png
pak_punjab,29.8662_71.8851.png
pak_punjab,29.8662_71.9675.png
pak_punjab,29.8662_71.9763.png
pak_punjab,29.8662_72.0027.png
pak_punjab,29.8662_72.0061.png
pak_punjab,29.8662_72.0175.png
pak_punjab,29.8662_72.0675.png
pak_punjab,29.8662_72.2939.png
pak_punjab,29.8662_72.4675.png
pak_punjab,29.8662_72.7675.png
pak_punjab,29.8662_73.3263.png
pak_punjab,29.8750_70.6027.png
pak_punjab,29.8750_70.6061.png
pak_punjab,29.8750_70.6175.png
pak_punjab,29.8750_71.2763.png
pak_punjab,29.8750_71.2851.png
pak_punjab,29.8750_71.3351.png
pak_punjab,29.8750_71.7061.png
pak_punjab,29.8750_71.7675.png
pak_punjab,29.8750_71.7763.png
pak_punjab,29.8750_71.7851.png
pak_punjab,29.8750_71.8351.png
pak_punjab,29.8750_71.8527.png
pak_punjab,29.8750_71.8851.png
pak_punjab,29.8750_71.9264.png
pak_punjab,29.8750_71.9352.png
pak_punjab,29.8750_71.9763.png
pak_punjab,29.8750_72.0027.png
pak_punjab,29.8750_72.0061.png
pak_punjab,29.8750_72.0527.png
pak_punjab,29.8750_72.0561.png
pak_punjab,29.8750_72.0675.png
pak_punjab,29.8750_72.1561.png
pak_punjab,29.8750_72.2939.png
pak_punjab,29.8750_72.3675.png
pak_punjab,29.8750_72.4263.png
pak_punjab,29.8750_72.8439.png
pak_punjab,29.8839_70.6263.png
pak_punjab,29.8839_70.6351.png
pak_punjab,29.8839_70.9675.png
pak_punjab,29.8839_70.9763.png
pak_punjab,29.8839_71.1351.png
pak_punjab,29.8839_71.2763.png
pak_punjab,29.8839_71.2851.png
pak_punjab,29.8839_71.3263.png
pak_punjab,29.8839_71.3351.png
pak_punjab,29.8839_71.7263.png
pak_punjab,29.8839_71.8851.png
pak_punjab,29.8839_71.9175.png
pak_punjab,29.8839_71.9264.png
pak_punjab,29.8839_71.9352.png
pak_punjab,29.8839_71.9440.png
pak_punjab,29.8839_71.9763.png
pak_punjab,29.8839_72.0027.png
pak_punjab,29.8839_72.0061.png
pak_punjab,29.8839_72.0351.png
pak_punjab,29.8839_72.3675.png
pak_punjab,29.8839_72.5439.png
pak_punjab,29.8839_72.5527.png
pak_punjab,29.8839_72.8351.png
pak_punjab,29.8839_72.8439.png
pak_punjab,29.8839_73.1763.png
pak_punjab,29.8927_70.6175.png
pak_punjab,29.8927_70.6263.png
pak_punjab,29.8927_70.6351.png
pak_punjab,29.8927_70.6439.png
pak_punjab,29.8927_70.9528.png
pak_punjab,29.8927_70.9561.png
pak_punjab,29.8927_71.1351.png
pak_punjab,29.8927_71.1439.png
pak_punjab,29.8927_71.2763.png
pak_punjab,29.8927_71.2851.png
pak_punjab,29.8927_71.3263.png
pak_punjab,29.8927_71.3351.png
pak_punjab,29.8927_71.4675.png
pak_punjab,29.8927_71.7351.png
pak_punjab,29.8927_71.9352.png
pak_punjab,29.8927_71.9528.png
pak_punjab,29.8927_72.2351.png
pak_punjab,29.8927_72.3351.png
pak_punjab,29.8927_72.3439.png
pak_punjab,29.8927_72.3527.png
pak_punjab,29.8927_72.3561.png
pak_punjab,29.8927_72.3675.png
pak_punjab,29.8927_72.4263.png
pak_punjab,29.8927_72.5263.png
pak_punjab,29.8927_72.5351.png
pak_punjab,29.8927_72.5439.png
pak_punjab,29.8927_72.5527.png
pak_punjab,29.8927_72.8351.png
pak_punjab,29.8927_72.8439.png
pak_punjab,29.9041_70.6175.png
pak_punjab,29.9041_70.6263.png
pak_punjab,29.9041_70.6527.png
pak_punjab,29.9041_70.6561.png
pak_punjab,29.9041_70.6675.png
pak_punjab,29.9041_70.7175.png
pak_punjab,29.9041_70.9528.png
pak_punjab,29.9041_70.9561.png
pak_punjab,29.9041_70.9763.png
pak_punjab,29.9041_71.1439.png
pak_punjab,29.9041_71.1527.png
pak_punjab,29.9041_71.3439.png
pak_punjab,29.9041_71.5175.png
pak_punjab,29.9041_71.5263.png
pak_punjab,29.9041_71.6940.png
pak_punjab,29.9041_71.8561.png
pak_punjab,29.9041_71.9939.png
pak_punjab,29.9041_72.0061.png
pak_punjab,29.9041_72.1175.png
pak_punjab,29.9041_72.3527.png
pak_punjab,29.9041_72.3561.png
pak_punjab,29.9075_70.6175.png
pak_punjab,29.9075_70.6263.png
pak_punjab,29.9075_70.6527.png
pak_punjab,29.9075_70.6561.png
pak_punjab,29.9075_70.6675.png
pak_punjab,29.9075_70.9528.png
pak_punjab,29.9075_70.9561.png
pak_punjab,29.9075_70.9763.png
pak_punjab,29.9075_71.1439.png
pak_punjab,29.9075_71.1527.png
pak_punjab,29.9075_71.3439.png
pak_punjab,29.9075_71.6940.png
pak_punjab,29.9075_71.7028.png
pak_punjab,29.9075_71.7763.png
pak_punjab,29.9075_71.8061.png
pak_punjab,29.9075_71.8263.png
pak_punjab,29.9075_71.8675.png
pak_punjab,29.9075_71.9440.png
pak_punjab,29.9075_71.9939.png
pak_punjab,29.9075_72.0061.png
pak_punjab,29.9075_72.0439.png
pak_punjab,29.9075_72.0939.png
pak_punjab,29.9075_72.1175.png
pak_punjab,29.9075_72.1940.png
pak_punjab,29.9075_72.3527.png
pak_punjab,29.9075_72.3561.png
pak_punjab,29.9075_72.3851.png
pak_punjab,29.9075_72.4763.png
pak_punjab,29.9075_72.5851.png
pak_punjab,29.9163_70.6175.png
pak_punjab,29.9163_70.6263.png
pak_punjab,29.9163_70.6351.png
pak_punjab,29.9163_70.6439.png
pak_punjab,29.9163_70.6527.png
pak_punjab,29.9163_70.6561.png
pak_punjab,29.9163_70.6675.png
pak_punjab,29.9163_70.6763.png
pak_punjab,29.9163_70.6852.png
pak_punjab,29.9163_71.0351.png
pak_punjab,29.9163_71.0439.png
pak_punjab,29.9163_71.0527.png
pak_punjab,29.9163_71.0561.png
pak_punjab,29.9163_71.1027.png
pak_punjab,29.9163_71.1061.png
pak_punjab,29.9163_71.1175.png
pak_punjab,29.9163_71.3027.png
pak_punjab,29.9163_71.3061.png
pak_punjab,29.9163_71.3527.png
pak_punjab,29.9163_71.5263.png
pak_punjab,29.9163_71.5351.png
pak_punjab,29.9163_71.5439.png
pak_punjab,29.9163_71.6940.png
pak_punjab,29.9163_71.7175.png
pak_punjab,29.9163_71.7763.png
pak_punjab,29.9163_71.9264.png
pak_punjab,29.9163_71.9440.png
pak_punjab,29.9163_72.0439.png
pak_punjab,29.9163_72.1027.png
pak_punjab,29.9163_72.1061.png
pak_punjab,29.9163_72.3851.png
pak_punjab,29.9163_72.4061.png
pak_punjab,29.9163_72.4763.png
pak_punjab,29.9163_72.5439.png
pak_punjab,29.9163_72.5851.png
pak_punjab,29.9163_72.8763.png
pak_punjab,29.9163_72.8851.png
pak_punjab,29.9163_72.8939.png
pak_punjab,29.9251_70.6439.png
pak_punjab,29.9251_70.6527.png
pak_punjab,29.9251_70.6561.png
pak_punjab,29.9251_70.6763.png
pak_punjab,29.9251_71.1175.png
pak_punjab,29.9251_71.1675.png
pak_punjab,29.9251_71.3527.png
pak_punjab,29.9251_71.3561.png
pak_punjab,29.9251_71.5263.png
pak_punjab,29.9251_71.5351.png
pak_punjab,29.9251_71.5439.png
pak_punjab,29.9251_71.9352.png
pak_punjab,29.9251_72.0351.png
pak_punjab,29.9251_72.1027.png
pak_punjab,29.9251_72.1061.png
pak_punjab,29.9251_72.2175.png
pak_punjab,29.9251_72.2439.png
pak_punjab,29.9251_72.2527.png
pak_punjab,29.9251_72.2561.png
pak_punjab,29.9251_72.5439.png
pak_punjab,29.9251_72.6263.png
pak_punjab,29.9251_72.6351.png
pak_punjab,29.9251_72.8939.png
pak_punjab,29.9339_70.6527.png
pak_punjab,29.9339_70.6561.png
pak_punjab,29.9339_70.6763.png
pak_punjab,29.9339_71.1675.png
pak_punjab,29.9339_71.3527.png
pak_punjab,29.9339_71.3561.png
pak_punjab,29.9339_71.6527.png
pak_punjab,29.9339_71.6561.png
pak_punjab,29.9339_71.8061.png
pak_punjab,29.9339_71.9352.png
pak_punjab,29.9339_72.0351.png
pak_punjab,29.9339_72.2175.png
pak_punjab,29.9339_72.2439.png
pak_punjab,29.9339_72.2527.png
pak_punjab,29.9339_72.2561.png
pak_punjab,29.9339_72.6263.png
pak_punjab,29.9339_72.6351.png
pak_punjab,29.9339_72.6527.png
pak_punjab,29.9339_72.6561.png
pak_punjab,29.9427_70.8439.png
pak_punjab,29.9427_70.9763.png
pak_punjab,29.9427_70.9851.png
pak_punjab,29.9427_71.1175.png
pak_punjab,29.9427_71.1263.png
pak_punjab,29.9427_71.9440.png
pak_punjab,29.9427_71.9528.png
pak_punjab,29.9427_72.0675.png
pak_punjab,29.9427_72.0763.png
pak_punjab,29.9427_72.1676.png
pak_punjab,29.9427_72.1764.png
pak_punjab,29.9427_72.6061.png
pak_punjab,29.9427_72.6561.png
pak_punjab,29.9427_72.7561.png
pak_punjab,29.9427_73.0561.png
pak_punjab,29.9541_70.5527.png
pak_punjab,29.9541_70.5675.png
pak_punjab,29.9541_70.7061.png
pak_punjab,29.9541_70.9675.png
pak_punjab,29.9541_70.9763.png
pak_punjab,29.9541_71.0439.png
pak_punjab,29.9541_71.0527.png
pak_punjab,29.9541_71.3263.png
pak_punjab,29.9541_71.3351.png
pak_punjab,29.9541_71.3527.png
pak_punjab,29.9541_71.3561.png
pak_punjab,29.9541_71.4528.png
pak_punjab,29.9541_71.4561.png
pak_punjab,29.9541_71.6027.png
pak_punjab,29.9541_71.6561.png
pak_punjab,29.9541_71.6675.png
pak_punjab,29.9541_71.6764.png
pak_punjab,29.9541_71.7175.png
pak_punjab,29.9541_71.7561.png
pak_punjab,29.9541_71.9061.png
pak_punjab,29.9541_72.5263.png
pak_punjab,29.9541_72.5351.png
pak_punjab,29.9541_72.6061.png
pak_punjab,29.9541_72.6675.png
pak_punjab,29.9541_72.6763.png
pak_punjab,29.9541_72.6851.png
pak_punjab,29.9541_73.0351.png
pak_punjab,29.9541_73.0439.png
pak_punjab,29.9574_70.9763.png
pak_punjab,29.9574_71.0527.png
pak_punjab,29.9574_71.3263.png
pak_punjab,29.9574_71.3351.png
pak_punjab,29.9574_71.3439.png
pak_punjab,29.9574_71.3527.png
pak_punjab,29.9574_71.3561.png
pak_punjab,29.9574_71.4528.png
pak_punjab,29.9574_71.4561.png
pak_punjab,29.9574_71.6027.png
pak_punjab,29.9574_71.6561.png
pak_punjab,29.9574_71.6675.png
pak_punjab,29.9574_71.6764.png
pak_punjab,29.9574_71.7175.png
pak_punjab,29.9574_71.8675.png
pak_punjab,29.9574_72.2028.png
pak_punjab,29.9574_72.2061.png
pak_punjab,29.9574_72.3175.png
pak_punjab,29.9574_72.5763.png
pak_punjab,29.9574_72.5851.png
pak_punjab,29.9574_72.6061.png
pak_punjab,29.9574_72.6675.png
pak_punjab,29.9574_73.0351.png
pak_punjab,29.9574_73.0439.png
pak_punjab,29.9574_73.0675.png
pak_punjab,29.9662_70.6263.png
pak_punjab,29.9662_70.6351.png
pak_punjab,29.9662_70.9675.png
pak_punjab,29.9662_70.9763.png
pak_punjab,29.9662_71.0675.png
pak_punjab,29.9662_71.1527.png
pak_punjab,29.9662_71.1561.png
pak_punjab,29.9662_71.1675.png
pak_punjab,29.9662_71.3439.png
pak_punjab,29.9662_71.3527.png
pak_punjab,29.9662_71.6439.png
pak_punjab,29.9662_71.6527.png
pak_punjab,29.9662_71.6764.png
pak_punjab,29.9662_71.8675.png
pak_punjab,29.9662_71.8763.png
pak_punjab,29.9662_71.8851.png
pak_punjab,29.9662_72.0175.png
pak_punjab,29.9662_72.3027.png
pak_punjab,29.9662_72.3061.png
pak_punjab,29.9662_72.3175.png
pak_punjab,29.9662_72.8527.png
pak_punjab,29.9750_70.6527.png
pak_punjab,29.9750_70.6561.png
pak_punjab,29.9750_70.9675.png
pak_punjab,29.9750_70.9763.png
pak_punjab,29.9750_70.9851.png
pak_punjab,29.9750_71.0675.png
pak_punjab,29.9750_71.3439.png
pak_punjab,29.9750_71.4264.png
pak_punjab,29.9750_71.4352.png
pak_punjab,29.9750_71.5851.png
pak_punjab,29.9750_71.6675.png
pak_punjab,29.9750_71.6764.png
pak_punjab,29.9750_71.7028.png
pak_punjab,29.9750_71.7061.png
pak_punjab,29.9750_71.8439.png
pak_punjab,29.9750_71.8527.png
pak_punjab,29.9750_71.8851.png
pak_punjab,29.9750_71.8939.png
pak_punjab,29.9750_71.9763.png
pak_punjab,29.9750_71.9851.png
pak_punjab,29.9750_72.0175.png
pak_punjab,29.9750_72.1527.png
pak_punjab,29.9750_72.7439.png
pak_punjab,29.9838_70.6527.png
pak_punjab,29.9838_70.6561.png
pak_punjab,29.9838_71.1351.png
pak_punjab,29.9838_71.1439.png
pak_punjab,29.9838_71.1527.png
pak_punjab,29.9838_71.3527.png
pak_punjab,29.9838_71.3561.png
pak_punjab,29.9838_71.6940.png
pak_punjab,29.9838_71.8439.png
pak_punjab,29.9838_71.8527.png
pak_punjab,29.9838_71.9675.png
pak_punjab,29.9838_71.9763.png
pak_punjab,29.9838_71.9851.png
pak_punjab,29.9838_72.3175.png
pak_punjab,29.9838_72.6851.png
pak_punjab,29.9838_72.7027.png
pak_punjab,29.9838_72.7263.png
pak_punjab,29.9838_72.7527.png
pak_punjab,29.9838_73.4675.png
pak_punjab,29.9926_71.1351.png
pak_punjab,29.9926_71.1439.png
pak_punjab,29.9926_71.1527.png
pak_punjab,29.9926_71.6940.png
pak_punjab,29.9926_72.2028.png
pak_punjab,29.9926_72.2061.png
pak_punjab,29.9926_72.3175.png
pak_punjab,29.9926_72.6851.png
pak_punjab,29.9926_72.7263.png
pak_punjab,29.9926_72.8763.png
pak_punjab,29.9926_73.0351.png
pak_punjab,29.9926_73.0439.png
pak_punjab,29.9926_73.4675.png
pak_punjab,30.0040_70.6852.png
pak_punjab,30.0040_70.6940.png
pak_punjab,30.0040_70.7675.png
pak_punjab,30.0040_70.9851.png
pak_punjab,30.0040_70.9939.png
pak_punjab,30.0040_71.0763.png
pak_punjab,30.0040_71.1439.png
pak_punjab,30.0040_71.1527.png
pak_punjab,30.0040_71.1561.png
pak_punjab,30.0040_71.1675.png
pak_punjab,30.0040_71.1763.png
pak_punjab,30.0040_71.1852.png
pak_punjab,30.0040_71.4175.png
pak_punjab,30.0040_71.4763.png
pak_punjab,30.0040_71.4939.png
pak_punjab,30.0040_71.6263.png
pak_punjab,30.0040_71.7175.png
pak_punjab,30.0040_71.7263.png
pak_punjab,30.0040_71.7351.png
pak_punjab,30.0040_71.8175.png
pak_punjab,30.0040_71.8851.png
pak_punjab,30.0040_72.0675.png
pak_punjab,30.0040_72.3175.png
pak_punjab,30.0040_72.4527.png
pak_punjab,30.0040_72.4561.png
pak_punjab,30.0040_73.5027.png
pak_punjab,30.0075_70.6852.png
pak_punjab,30.0075_70.6940.png
pak_punjab,30.0075_70.7675.png
pak_punjab,30.0075_70.9851.png
pak_punjab,30.0075_70.9939.png
pak_punjab,30.0075_71.0939.png
pak_punjab,30.0075_71.1439.png
pak_punjab,30.0075_71.1527.png
pak_punjab,30.0075_71.1561.png
pak_punjab,30.0075_71.1675.png
pak_punjab,30.0075_71.1763.png
pak_punjab,30.0075_71.1852.png
pak_punjab,30.0075_71.4763.png
pak_punjab,30.0075_71.4939.png
pak_punjab,30.0075_71.5763.png
pak_punjab,30.0075_71.6027.png
pak_punjab,30.0075_71.6061.png
pak_punjab,30.0075_71.6351.png
pak_punjab,30.0075_71.7175.png
pak_punjab,30.0075_71.7263.png
pak_punjab,30.0075_71.7351.png
pak_punjab,30.0075_71.8175.png
pak_punjab,30.0075_71.8851.png
pak_punjab,30.0075_71.9675.png
pak_punjab,30.0075_72.0263.png
pak_punjab,30.0075_72.0439.png
pak_punjab,30.0075_72.0675.png
pak_punjab,30.0075_72.3175.png
pak_punjab,30.0075_72.3439.png
pak_punjab,30.0075_72.3527.png
pak_punjab,30.0075_72.4351.png
pak_punjab,30.0075_72.4439.png
pak_punjab,30.0075_72.4527.png
pak_punjab,30.0075_72.4561.png
pak_punjab,30.0075_72.7763.png
pak_punjab,30.0075_72.7851.png
pak_punjab,30.0075_73.5175.png
pak_punjab,30.0163_70.4263.png
pak_punjab,30.0163_70.6763.png
pak_punjab,30.0163_70.6940.png
pak_punjab,30.0163_70.7028.png
pak_punjab,30.0163_70.7061.png
pak_punjab,30.0163_71.1527.png
pak_punjab,30.0163_71.1561.png
pak_punjab,30.0163_71.1675.png
pak_punjab,30.0163_71.1763.png
pak_punjab,30.0163_71.1852.png
pak_punjab,30.0163_71.4264.png
pak_punjab,30.0163_71.4352.png
pak_punjab,30.0163_71.6027.png
pak_punjab,30.0163_71.6061.png
pak_punjab,30.0163_71.6764.png
pak_punjab,30.0163_71.9027.png
pak_punjab,30.0163_71.9061.png
pak_punjab,30.0163_71.9264.png
pak_punjab,30.0163_71.9352.png
pak_punjab,30.0163_71.9528.png
pak_punjab,30.0163_71.9561.png
pak_punjab,30.0163_71.9675.png
pak_punjab,30.0163_72.0439.png
pak_punjab,30.0163_72.0675.png
pak_punjab,30.0163_72.4175.png
pak_punjab,30.0163_72.4263.png
pak_punjab,30.0163_72.4351.png
pak_punjab,30.0163_72.4439.png
pak_punjab,30.0163_72.7763.png
pak_punjab,30.0163_72.7851.png
pak_punjab,30.0251_70.6763.png
pak_punjab,30.0251_70.6852.png
pak_punjab,30.0251_70.6940.png
pak_punjab,30.0251_70.7028.png
pak_punjab,30.0251_70.7061.png
pak_punjab,30.0251_70.7175.png
pak_punjab,30.0251_70.9528.png
pak_punjab,30.0251_70.9561.png
pak_punjab,30.0251_71.1763.png
pak_punjab,30.0251_71.1852.png
pak_punjab,30.0251_71.4264.png
pak_punjab,30.0251_71.4352.png
pak_punjab,30.0251_71.6175.png
pak_punjab,30.0251_71.6263.png
pak_punjab,30.0251_71.7061.png
pak_punjab,30.0251_71.7175.png
pak_punjab,30.0251_71.7439.png
pak_punjab,30.0251_71.9352.png
pak_punjab,30.0251_72.0561.png
pak_punjab,30.0251_72.0675.png
pak_punjab,30.0251_72.0939.png
pak_punjab,30.0251_72.2439.png
pak_punjab,30.0251_72.2527.png
pak_punjab,30.0251_72.2561.png
pak_punjab,30.0251_72.3175.png
pak_punjab,30.0251_72.3263.png
pak_punjab,30.0251_72.3675.png
pak_punjab,30.0251_72.3763.png
pak_punjab,30.0251_72.4175.png
pak_punjab,30.0251_72.6175.png
pak_punjab,30.0251_72.6263.png
pak_punjab,30.0251_72.8263.png
pak_punjab,30.0251_73.1263.png
pak_punjab,30.0251_73.1763.png
pak_punjab,30.0251_73.1851.png
pak_punjab,30.0339_70.6763.png
pak_punjab,30.0339_70.6852.png
pak_punjab,30.0339_70.6940.png
pak_punjab,30.0339_70.8439.png
pak_punjab,30.0339_70.9528.png
pak_punjab,30.0339_70.9561.png
pak_punjab,30.0339_71.6027.png
pak_punjab,30.0339_71.6351.png
pak_punjab,30.0339_71.6527.png
pak_punjab,30.0339_71.6561.png
pak_punjab,30.0339_71.7351.png
pak_punjab,30.0339_71.7527.png
pak_punjab,30.0339_71.7561.png
pak_punjab,30.0339_71.7675.png
pak_punjab,30.0339_71.7763.png
pak_punjab,30.0339_72.0939.png
pak_punjab,30.0339_72.1027.png
pak_punjab,30.0339_72.2527.png
pak_punjab,30.0339_72.2561.png
pak_punjab,30.0339_72.3675.png
pak_punjab,30.0339_72.3763.png
pak_punjab,30.0339_72.4263.png
pak_punjab,30.0339_72.4351.png
pak_punjab,30.0339_72.4939.png
pak_punjab,30.0339_72.7527.png
pak_punjab,30.0339_72.7561.png
pak_punjab,30.0339_72.8263.png
pak_punjab,30.0339_72.8439.png
pak_punjab,30.0339_72.8527.png
pak_punjab,30.0339_72.9263.png
pak_punjab,30.0339_73.1263.png
pak_punjab,30.0427_71.3527.png
pak_punjab,30.0427_71.3561.png
pak_punjab,30.0427_71.6351.png
pak_punjab,30.0427_71.6439.png
pak_punjab,30.0427_71.6527.png
pak_punjab,30.0427_71.6561.png
pak_punjab,30.0427_71.7351.png
pak_punjab,30.0427_71.7527.png
pak_punjab,30.0427_71.7561.png
pak_punjab,30.0427_71.8675.png
pak_punjab,30.0427_71.8763.png
pak_punjab,30.0427_72.1027.png
pak_punjab,30.0427_72.1061.png
pak_punjab,30.0427_72.1175.png
pak_punjab,30.0427_72.1527.png
pak_punjab,30.0427_72.1561.png
pak_punjab,30.0427_72.3061.png
pak_punjab,30.0427_72.4263.png
pak_punjab,30.0427_72.4351.png
pak_punjab,30.0427_72.4439.png
pak_punjab,30.0427_72.7763.png
pak_punjab,30.0427_72.7851.png
pak_punjab,30.0541_70.9528.png
pak_punjab,30.0541_70.9561.png
pak_punjab,30.0541_71.0263.png
pak_punjab,30.0541_71.1351.png
pak_punjab,30.0541_71.1852.png
pak_punjab,30.0541_71.1940.png
pak_punjab,30.0541_71.3527.png
pak_punjab,30.0541_71.3561.png
pak_punjab,30.0541_71.3851.png
pak_punjab,30.0541_71.3939.png
pak_punjab,30.0541_71.4027.png
pak_punjab,30.0541_71.4851.png
pak_punjab,30.0541_71.4939.png
pak_punjab,30.0541_71.5439.png
pak_punjab,30.0541_71.6527.png
pak_punjab,30.0541_71.6561.png
pak_punjab,30.0541_71.6675.png
pak_punjab,30.0541_71.7263.png
pak_punjab,30.0541_71.7763.png
pak_punjab,30.0541_71.7851.png
pak_punjab,30.0541_71.8263.png
pak_punjab,30.0541_71.8351.png
pak_punjab,30.0541_71.8763.png
pak_punjab,30.0541_71.8851.png
pak_punjab,30.0541_71.9939.png
pak_punjab,30.0541_72.0175.png
pak_punjab,30.0541_72.0939.png
pak_punjab,30.0541_72.1263.png
pak_punjab,30.0541_72.1940.png
pak_punjab,30.0541_72.2028.png
pak_punjab,30.0541_72.2763.png
pak_punjab,30.0541_72.2939.png
pak_punjab,30.0541_72.3263.png
pak_punjab,30.0541_72.3763.png
pak_punjab,30.0541_72.4027.png
pak_punjab,30.0541_72.4061.png
pak_punjab,30.0541_72.4851.png
pak_punjab,30.0541_72.4939.png
pak_punjab,30.0541_72.5263.png
pak_punjab,30.0541_72.5351.png
pak_punjab,30.0541_72.5675.png
pak_punjab,30.0541_72.6851.png
pak_punjab,30.0541_72.7675.png
pak_punjab,30.0541_72.7763.png
pak_punjab,30.0541_72.7851.png
pak_punjab,30.0541_72.9027.png
pak_punjab,30.0541_73.1439.png
pak_punjab,30.0541_73.1527.png
pak_punjab,30.0541_73.1561.png
pak_punjab,30.0541_73.1675.png
pak_punjab,30.0541_73.1763.png
pak_punjab,30.0541_73.1851.png
pak_punjab,30.0541_73.1939.png
pak_punjab,30.0541_73.4763.png
pak_punjab,30.0574_70.9528.png
pak_punjab,30.0574_70.9561.png
pak_punjab,30.0574_71.0263.png
pak_punjab,30.0574_71.1351.png
pak_punjab,30.0574_71.1852.png
pak_punjab,30.0574_71.1940.png
pak_punjab,30.0574_71.3527.png
pak_punjab,30.0574_71.3561.png
pak_punjab,30.0574_71.3851.png
pak_punjab,30.0574_71.3939.png
pak_punjab,30.0574_71.4027.png
pak_punjab,30.0574_71.4175.png
pak_punjab,30.0574_71.4352.png
pak_punjab,30.0574_71.4851.png
pak_punjab,30.0574_71.4939.png
pak_punjab,30.0574_71.5027.png
pak_punjab,30.0574_71.5061.png
pak_punjab,30.0574_71.5439.png
pak_punjab,30.0574_71.6527.png
pak_punjab,30.0574_71.6561.png
pak_punjab,30.0574_71.6675.png
pak_punjab,30.0574_71.7263.png
pak_punjab,30.0574_71.7763.png
pak_punjab,30.0574_71.7851.png
pak_punjab,30.0574_71.8263.png
pak_punjab,30.0574_71.8351.png
pak_punjab,30.0574_71.9939.png
pak_punjab,30.0574_72.0939.png
pak_punjab,30.0574_72.1263.png
pak_punjab,30.0574_72.1940.png
pak_punjab,30.0574_72.2028.png
pak_punjab,30.0574_72.2763.png
pak_punjab,30.0574_72.2939.png
pak_punjab,30.0574_72.3263.png
pak_punjab,30.0574_72.3763.png
pak_punjab,30.0574_72.3851.png
pak_punjab,30.0574_72.4027.png
pak_punjab,30.0574_72.4061.png
pak_punjab,30.0574_72.5263.png
pak_punjab,30.0574_72.5351.png
pak_punjab,30.0574_72.5675.png
pak_punjab,30.0574_72.6851.png
pak_punjab,30.0574_72.7851.png
pak_punjab,30.0574_72.8263.png
pak_punjab,30.0574_72.9027.png
pak_punjab,30.0574_73.1527.png
pak_punjab,30.0574_73.1561.png
pak_punjab,30.0574_73.1675.png
pak_punjab,30.0574_73.1763.png
pak_punjab,30.0574_73.1851.png
pak_punjab,30.0574_73.1939.png
pak_punjab,30.0574_73.3028.png
pak_punjab,30.0574_73.3061.png
pak_punjab,30.0574_73.4263.png
pak_punjab,30.0574_73.4763.png
pak_punjab,30.0662_70.4763.png
pak_punjab,30.0662_70.7263.png
pak_punjab,30.0662_70.9528.png
pak_punjab,30.0662_70.9561.png
pak_punjab,30.0662_71.0175.png
pak_punjab,30.0662_71.0263.png
pak_punjab,30.0662_71.0439.png
pak_punjab,30.0662_71.3175.png
pak_punjab,30.0662_71.3675.png
pak_punjab,30.0662_71.3763.png
pak_punjab,30.0662_71.3851.png
pak_punjab,30.0662_71.3939.png
pak_punjab,30.0662_71.4175.png
pak_punjab,30.0662_71.4352.png
pak_punjab,30.0662_71.4440.png
pak_punjab,30.0662_71.5027.png
pak_punjab,30.0662_71.5061.png
pak_punjab,30.0662_71.6764.png
pak_punjab,30.0662_71.9352.png
pak_punjab,30.0662_71.9440.png
pak_punjab,30.0662_71.9939.png
pak_punjab,30.0662_72.1263.png
pak_punjab,30.0662_72.1940.png
pak_punjab,30.0662_72.2351.png
pak_punjab,30.0662_72.3851.png
pak_punjab,30.0662_72.4351.png
pak_punjab,30.0662_72.4851.png
pak_punjab,30.0662_72.5263.png
pak_punjab,30.0662_72.5561.png
pak_punjab,30.0662_72.6351.png
pak_punjab,30.0662_72.6675.png
pak_punjab,30.0662_72.6851.png
pak_punjab,30.0662_72.7527.png
pak_punjab,30.0662_72.7561.png
pak_punjab,30.0662_72.8263.png
pak_punjab,30.0662_72.8851.png
pak_punjab,30.0662_73.1675.png
pak_punjab,30.0662_73.1763.png
pak_punjab,30.0662_73.1851.png
pak_punjab,30.0662_73.1939.png
pak_punjab,30.0662_73.2675.png
pak_punjab,30.0662_73.3028.png
pak_punjab,30.0662_73.3061.png
pak_punjab,30.0662_73.5561.png
pak_punjab,30.0750_70.5561.png
pak_punjab,30.0750_70.7263.png
pak_punjab,30.0750_71.0175.png
pak_punjab,30.0750_71.0263.png
pak_punjab,30.0750_71.0351.png
pak_punjab,30.0750_71.0439.png
pak_punjab,30.0750_71.0675.png
pak_punjab,30.0750_71.0763.png
pak_punjab,30.0750_71.0851.png
pak_punjab,30.0750_71.0939.png
pak_punjab,30.0750_71.1027.png
pak_punjab,30.0750_71.1061.png
pak_punjab,30.0750_71.3175.png
pak_punjab,30.0750_71.3675.png
pak_punjab,30.0750_71.3763.png
pak_punjab,30.0750_71.3851.png
pak_punjab,30.0750_71.4175.png
pak_punjab,30.0750_71.6439.png
pak_punjab,30.0750_71.6764.png
pak_punjab,30.0750_71.6852.png
pak_punjab,30.0750_71.8061.png
pak_punjab,30.0750_71.9264.png
pak_punjab,30.0750_71.9352.png
pak_punjab,30.0750_71.9440.png
pak_punjab,30.0750_72.1263.png
pak_punjab,30.0750_72.1940.png
pak_punjab,30.0750_72.2351.png
pak_punjab,30.0750_72.4351.png
pak_punjab,30.0750_72.4439.png
pak_punjab,30.0750_72.4851.png
pak_punjab,30.0750_72.5263.png
pak_punjab,30.0750_72.5561.png
pak_punjab,30.0750_72.6351.png
pak_punjab,30.0750_72.6675.png
pak_punjab,30.0750_72.6851.png
pak_punjab,30.0750_72.7439.png
pak_punjab,30.0750_72.7527.png
pak_punjab,30.0750_72.7561.png
pak_punjab,30.0750_72.7763.png
pak_punjab,30.0750_72.8851.png
pak_punjab,30.0750_73.0175.png
pak_punjab,30.0750_73.1763.png
pak_punjab,30.0750_73.3527.png
pak_punjab,30.0750_73.3675.png
pak_punjab,30.0750_73.5561.png
pak_punjab,30.0750_73.6061.png
pak_punjab,30.0750_73.6175.png
pak_punjab,30.0838_70.5675.png
pak_punjab,30.0838_70.5851.png
pak_punjab,30.0838_70.7675.png
pak_punjab,30.0838_71.0351.png
pak_punjab,30.0838_71.0675.png
pak_punjab,30.0838_71.0763.png
pak_punjab,30.0838_71.1263.png
pak_punjab,30.0838_71.3561.png
pak_punjab,30.0838_71.3675.png
pak_punjab,30.0838_71.3763.png
pak_punjab,30.0838_71.3851.png
pak_punjab,30.0838_71.3939.png
pak_punjab,30.0838_71.4027.png
pak_punjab,30.0838_71.4061.png
pak_punjab,30.0838_71.5027.png
pak_punjab,30.0838_71.5061.png
pak_punjab,30.0838_71.6439.png
pak_punjab,30.0838_71.6764.png
pak_punjab,30.0838_71.6852.png
pak_punjab,30.0838_72.0061.png
pak_punjab,30.0838_72.4351.png
pak_punjab,30.0838_72.4439.png
pak_punjab,30.0838_72.4527.png
pak_punjab,30.0838_72.4561.png
pak_punjab,30.0838_72.5263.png
pak_punjab,30.0838_72.5351.png
pak_punjab,30.0838_72.7027.png
pak_punjab,30.0838_72.7061.png
pak_punjab,30.0838_72.7175.png
pak_punjab,30.0838_72.7439.png
pak_punjab,30.0838_72.7527.png
pak_punjab,30.0838_72.7763.png
pak_punjab,30.0838_72.8763.png
pak_punjab,30.0838_72.8851.png
pak_punjab,30.0838_72.9263.png
pak_punjab,30.0838_72.9351.png
pak_punjab,30.0838_73.3675.png
pak_punjab,30.0838_73.7763.png
pak_punjab,30.0926_71.0439.png
pak_punjab,30.0926_71.0527.png
pak_punjab,30.0926_71.3561.png
pak_punjab,30.0926_71.3939.png
pak_punjab,30.0926_71.4528.png
pak_punjab,30.0926_71.4561.png
pak_punjab,30.0926_71.6852.png
pak_punjab,30.0926_72.4439.png
pak_punjab,30.0926_72.4527.png
pak_punjab,30.0926_72.4561.png
pak_punjab,30.0926_72.4939.png
pak_punjab,30.0926_72.5027.png
pak_punjab,30.0926_72.5061.png
pak_punjab,30.0926_72.6027.png
pak_punjab,30.0926_72.6061.png
pak_punjab,30.0926_72.6439.png
pak_punjab,30.0926_72.7175.png
pak_punjab,30.0926_72.8763.png
pak_punjab,30.0926_72.9263.png
pak_punjab,30.0926_72.9351.png
pak_punjab,30.0926_73.5528.png
pak_punjab,30.0926_73.6675.png
pak_punjab,30.0926_73.6763.png
pak_punjab,30.0926_73.8061.png
pak_punjab,30.1040_70.3527.png
pak_punjab,30.1040_70.5439.png
pak_punjab,30.1040_71.1940.png
pak_punjab,30.1040_71.2028.png
pak_punjab,30.1040_71.3675.png
pak_punjab,30.1040_71.3851.png
pak_punjab,30.1040_71.3939.png
pak_punjab,30.1040_71.4027.png
pak_punjab,30.1040_71.4061.png
pak_punjab,30.1040_71.4264.png
pak_punjab,30.1040_71.4352.png
pak_punjab,30.1040_71.6675.png
pak_punjab,30.1040_71.6764.png
pak_punjab,30.1040_71.6940.png
pak_punjab,30.1040_72.0175.png
pak_punjab,30.1040_72.0351.png
pak_punjab,30.1040_72.0527.png
pak_punjab,30.1040_72.0561.png
pak_punjab,30.1040_72.0939.png
pak_punjab,30.1040_72.2263.png
pak_punjab,30.1040_72.3763.png
pak_punjab,30.1040_72.3851.png
pak_punjab,30.1040_72.4675.png
pak_punjab,30.1040_72.5175.png
pak_punjab,30.1040_72.5263.png
pak_punjab,30.1040_72.6263.png
pak_punjab,30.1040_72.8527.png
pak_punjab,30.1040_72.8561.png
pak_punjab,30.1040_73.0351.png
pak_punjab,30.1040_73.2939.png
pak_punjab,30.1040_73.3028.png
pak_punjab,30.1040_73.3061.png
pak_punjab,30.1040_73.3175.png
pak_punjab,30.1040_73.3263.png
pak_punjab,30.1040_73.3351.png
pak_punjab,30.1040_73.3851.png
pak_punjab,30.1040_73.6027.png
pak_punjab,30.1074_70.5439.png
pak_punjab,30.1074_71.3675.png
pak_punjab,30.1074_71.3851.png
pak_punjab,30.1074_71.3939.png
pak_punjab,30.1074_71.4027.png
pak_punjab,30.1074_71.4061.png
pak_punjab,30.1074_71.4264.png
pak_punjab,30.1074_71.4352.png
pak_punjab,30.1074_71.5939.png
pak_punjab,30.1074_71.6027.png
pak_punjab,30.1074_71.6061.png
pak_punjab,30.1074_71.6940.png
pak_punjab,30.1074_72.0175.png
pak_punjab,30.1074_72.0351.png
pak_punjab,30.1074_72.0527.png
pak_punjab,30.1074_72.0561.png
pak_punjab,30.1074_72.1764.png
pak_punjab,30.1074_72.2263.png
pak_punjab,30.1074_72.2351.png
pak_punjab,30.1074_72.3763.png
pak_punjab,30.1074_72.3851.png
pak_punjab,30.1074_72.4675.png
pak_punjab,30.1074_72.5175.png
pak_punjab,30.1074_72.5263.png
pak_punjab,30.1074_72.5351.png
pak_punjab,30.1074_72.5561.png
pak_punjab,30.1074_72.6263.png
pak_punjab,30.1074_73.0351.png
pak_punjab,30.1074_73.3028.png
pak_punjab,30.1074_73.3061.png
pak_punjab,30.1074_73.3175.png
pak_punjab,30.1074_73.3263.png
pak_punjab,30.1074_73.3351.png
pak_punjab,30.1074_73.3527.png
pak_punjab,30.1074_73.3561.png
pak_punjab,30.1162_70.3561.png
pak_punjab,30.1162_70.4175.png
pak_punjab,30.1162_70.6175.png
pak_punjab,30.1162_70.8351.png
pak_punjab,30.1162_70.9528.png
pak_punjab,30.1162_71.4027.png
pak_punjab,30.1162_71.4061.png
pak_punjab,30.1162_71.5939.png
pak_punjab,30.1162_71.6027.png
pak_punjab,30.1162_71.6061.png
pak_punjab,30.1162_71.6175.png
pak_punjab,30.1162_72.1175.png
pak_punjab,30.1162_72.1764.png
pak_punjab,30.1162_72.3675.png
pak_punjab,30.1162_72.5263.png
pak_punjab,30.1162_72.5351.png
pak_punjab,30.1162_72.5561.png
pak_punjab,30.1162_72.6561.png
pak_punjab,30.1162_72.6851.png
pak_punjab,30.1162_72.8527.png
pak_punjab,30.1162_72.8561.png
pak_punjab,30.1162_73.0528.png
pak_punjab,30.1162_73.0561.png
pak_punjab,30.1162_73.3028.png
pak_punjab,30.1162_73.3061.png
pak_punjab,30.1162_73.3175.png
pak_punjab,30.1162_73.3263.png
pak_punjab,30.1162_73.3351.png
pak_punjab,30.1162_73.3763.png
pak_punjab,30.1162_73.3851.png
pak_punjab,30.1162_73.7061.png
pak_punjab,30.1250_70.4263.png
pak_punjab,30.1250_70.6027.png
pak_punjab,30.1250_70.6061.png
pak_punjab,30.1250_70.9528.png
pak_punjab,30.1250_71.6027.png
pak_punjab,30.1250_71.6061.png
pak_punjab,30.1250_71.8527.png
pak_punjab,30.1250_71.8561.png
pak_punjab,30.1250_71.9352.png
pak_punjab,30.1250_72.2851.png
pak_punjab,30.1250_72.2939.png
pak_punjab,30.1250_72.3675.png
pak_punjab,30.1250_72.4561.png
pak_punjab,30.1250_72.5175.png
pak_punjab,30.1250_72.6527.png
pak_punjab,30.1250_72.6561.png
pak_punjab,30.1250_72.6851.png
pak_punjab,30.1250_72.8527.png
pak_punjab,30.1250_72.8561.png
pak_punjab,30.1250_72.8939.png
pak_punjab,30.1250_73.0763.png
pak_punjab,30.1250_73.0851.png
pak_punjab,30.1250_73.5675.png
pak_punjab,30.1250_73.6175.png
pak_punjab,30.1250_73.6675.png
pak_punjab,30.1250_73.6763.png
pak_punjab,30.1250_73.8527.png
pak_punjab,30.1339_72.3527.png
pak_punjab,30.1339_72.3561.png
pak_punjab,30.1339_72.4527.png
pak_punjab,30.1339_72.4561.png
pak_punjab,30.1339_72.5175.png
pak_punjab,30.1339_72.6527.png
pak_punjab,30.1339_72.6561.png
pak_punjab,30.1339_72.8027.png
pak_punjab,30.1339_72.8061.png
pak_punjab,30.1339_72.9939.png
pak_punjab,30.1339_73.0351.png
pak_punjab,30.1339_73.0851.png
pak_punjab,30.1339_73.0939.png
pak_punjab,30.1339_73.2439.png
pak_punjab,30.1339_73.3028.png
pak_punjab,30.1339_73.3175.png
pak_punjab,30.1339_73.5675.png
pak_punjab,30.1339_73.6175.png
pak_punjab,30.1339_73.6351.png
pak_punjab,30.1427_70.8561.png
pak_punjab,30.1427_71.2061.png
pak_punjab,30.1427_71.2175.png
pak_punjab,30.1427_71.5527.png
pak_punjab,30.1427_71.5561.png
pak_punjab,30.1427_72.3175.png
pak_punjab,30.1427_72.3263.png
pak_punjab,30.1427_72.3527.png
pak_punjab,30.1427_72.3561.png
pak_punjab,30.1427_72.6027.png
pak_punjab,30.1427_72.6061.png
pak_punjab,30.1427_72.6439.png
pak_punjab,30.1427_72.6527.png
pak_punjab,30.1427_72.7939.png
pak_punjab,30.1427_72.8027.png
pak_punjab,30.1427_73.0939.png
pak_punjab,30.1427_73.1027.png
pak_punjab,30.1427_73.2175.png
pak_punjab,30.1427_73.5675.png
pak_punjab,30.1427_73.6061.png
pak_punjab,30.1427_73.6763.png
pak_punjab,30.1427_73.6851.png
pak_punjab,30.1427_73.6939.png
pak_punjab,30.1541_70.4561.png
pak_punjab,30.1541_70.9528.png
pak_punjab,30.1541_70.9561.png
pak_punjab,30.1541_71.2439.png
pak_punjab,30.1541_71.7175.png
pak_punjab,30.1541_71.7263.png
pak_punjab,30.1541_71.9440.png
pak_punjab,30.1541_72.1527.png
pak_punjab,30.1541_72.1561.png
pak_punjab,30.1541_72.3351.png
pak_punjab,30.1541_72.3439.png
pak_punjab,30.1541_72.3527.png
pak_punjab,30.1541_72.3561.png
pak_punjab,30.1541_72.4439.png
pak_punjab,30.1541_72.4763.png
pak_punjab,30.1541_72.4851.png
pak_punjab,30.1541_72.5175.png
pak_punjab,30.1541_72.6175.png
pak_punjab,30.1541_72.6263.png
pak_punjab,30.1541_72.6351.png
pak_punjab,30.1541_72.7175.png
pak_punjab,30.1541_72.7851.png
pak_punjab,30.1541_72.8851.png
pak_punjab,30.1541_72.9561.png
pak_punjab,30.1541_73.0675.png
pak_punjab,30.1541_73.1027.png
pak_punjab,30.1541_73.1061.png
pak_punjab,30.1541_73.1851.png
pak_punjab,30.1541_73.1939.png
pak_punjab,30.1541_73.4439.png
pak_punjab,30.1541_73.4763.png
pak_punjab,30.1541_73.5175.png
pak_punjab,30.1541_73.5263.png
pak_punjab,30.1541_73.5528.png
pak_punjab,30.1541_73.5561.png
pak_punjab,30.1541_73.5851.png
pak_punjab,30.1541_73.7061.png
pak_punjab,30.1575_70.4763.png
pak_punjab,30.1575_71.2439.png
pak_punjab,30.1575_71.5561.png
pak_punjab,30.1575_71.7263.png
pak_punjab,30.1575_71.9440.png
pak_punjab,30.1575_72.1527.png
pak_punjab,30.1575_72.1561.png
pak_punjab,30.1575_72.2351.png
pak_punjab,30.1575_72.3351.png
pak_punjab,30.1575_72.4439.png
pak_punjab,30.1575_72.4763.png
pak_punjab,30.1575_72.4851.png
pak_punjab,30.1575_72.5175.png
pak_punjab,30.1575_72.6175.png
pak_punjab,30.1575_72.6263.png
pak_punjab,30.1575_72.6351.png
pak_punjab,30.1575_72.7175.png
pak_punjab,30.1575_72.7851.png
pak_punjab,30.1575_72.8263.png
pak_punjab,30.1575_72.8351.png
pak_punjab,30.1575_72.9439.png
pak_punjab,30.1575_72.9527.png
pak_punjab,30.1575_72.9561.png
pak_punjab,30.1575_73.0675.png
pak_punjab,30.1575_73.1027.png
pak_punjab,30.1575_73.1061.png
pak_punjab,30.1575_73.1851.png
pak_punjab,30.1575_73.1939.png
pak_punjab,30.1575_73.4763.png
pak_punjab,30.1575_73.5528.png
pak_punjab,30.1575_73.5561.png
pak_punjab,30.1575_73.5851.png
pak_punjab,30.1663_70.3263.png
pak_punjab,30.1663_70.4351.png
pak_punjab,30.1663_70.4561.png
pak_punjab,30.1663_70.5675.png
pak_punjab,30.1663_70.5763.png
pak_punjab,30.1663_70.6061.png
pak_punjab,30.1663_71.5561.png
pak_punjab,30.1663_71.6675.png
pak_punjab,30.1663_71.6764.png
pak_punjab,30.1663_72.2351.png
pak_punjab,30.1663_72.6175.png
pak_punjab,30.1663_72.6263.png
pak_punjab,30.1663_72.7351.png
pak_punjab,30.1663_72.7439.png
pak_punjab,30.1663_72.7675.png
pak_punjab,30.1663_72.8263.png
pak_punjab,30.1663_72.8351.png
pak_punjab,30.1663_72.9439.png
pak_punjab,30.1663_72.9527.png
pak_punjab,30.1663_72.9561.png
pak_punjab,30.1663_72.9675.png
pak_punjab,30.1663_73.0528.png
pak_punjab,30.1663_73.0561.png
pak_punjab,30.1663_73.5027.png
pak_punjab,30.1663_73.5061.png
pak_punjab,30.1663_73.5561.png
pak_punjab,30.1751_70.4675.png
pak_punjab,30.1751_70.6940.png
pak_punjab,30.1751_70.8263.png
pak_punjab,30.1751_70.8439.png
pak_punjab,30.1751_70.9851.png
pak_punjab,30.1751_71.2851.png
pak_punjab,30.1751_71.4675.png
pak_punjab,30.1751_71.4763.png
pak_punjab,30.1751_71.5527.png
pak_punjab,30.1751_71.5561.png
pak_punjab,30.1751_71.6351.png
pak_punjab,30.1751_71.6439.png
pak_punjab,30.1751_71.6675.png
pak_punjab,30.1751_71.6764.png
pak_punjab,30.1751_71.7061.png
pak_punjab,30.1751_71.7527.png
pak_punjab,30.1751_71.7561.png
pak_punjab,30.1751_72.1764.png
pak_punjab,30.1751_72.2028.png
pak_punjab,30.1751_72.2061.png
pak_punjab,30.1751_72.3351.png
pak_punjab,30.1751_72.5763.png
pak_punjab,30.1751_72.5851.png
pak_punjab,30.1751_72.6061.png
pak_punjab,30.1751_72.7351.png
pak_punjab,30.1751_72.7439.png
pak_punjab,30.1751_72.7527.png
pak_punjab,30.1751_72.7561.png
pak_punjab,30.1751_72.8939.png
pak_punjab,30.1751_72.9527.png
pak_punjab,30.1751_72.9561.png
pak_punjab,30.1751_73.0528.png
pak_punjab,30.1751_73.0561.png
pak_punjab,30.1751_73.2027.png
pak_punjab,30.1751_73.4263.png
pak_punjab,30.1751_73.5027.png
pak_punjab,30.1751_73.5561.png
pak_punjab,30.1751_73.6175.png
pak_punjab,30.1751_73.6439.png
pak_punjab,30.1751_73.7027.png
pak_punjab,30.1751_73.7061.png
pak_punjab,30.1839_70.3439.png
pak_punjab,30.1839_70.6940.png
pak_punjab,30.1839_70.7028.png
pak_punjab,30.1839_70.8439.png
pak_punjab,30.1839_70.9851.png
pak_punjab,30.1839_71.0027.png
pak_punjab,30.1839_71.0061.png
pak_punjab,30.1839_71.2851.png
pak_punjab,30.1839_71.4675.png
pak_punjab,30.1839_71.4851.png
pak_punjab,30.1839_71.8175.png
pak_punjab,30.1839_71.9440.png
pak_punjab,30.1839_72.0939.png
pak_punjab,30.1839_72.1027.png
pak_punjab,30.1839_72.1061.png
pak_punjab,30.1839_72.3351.png
pak_punjab,30.1839_72.3439.png
pak_punjab,30.1839_72.3527.png
pak_punjab,30.1839_72.3561.png
pak_punjab,30.1839_72.5675.png
pak_punjab,30.1839_72.5763.png
pak_punjab,30.1839_72.5939.png
pak_punjab,30.1839_72.6027.png
pak_punjab,30.1839_72.6061.png
pak_punjab,30.1839_72.6675.png
pak_punjab,30.1839_72.7027.png
pak_punjab,30.1839_72.7061.png
pak_punjab,30.1839_72.7263.png
pak_punjab,30.1839_72.7527.png
pak_punjab,30.1839_72.7561.png
pak_punjab,30.1839_73.5439.png
pak_punjab,30.1839_73.5528.png
pak_punjab,30.1839_73.5561.png
pak_punjab,30.1839_73.5851.png
pak_punjab,30.1839_73.6263.png
pak_punjab,30.1839_73.7027.png
pak_punjab,30.1839_73.7061.png
pak_punjab,30.1927_70.3351.png
pak_punjab,30.1927_70.8527.png
pak_punjab,30.1927_71.4561.png
pak_punjab,30.1927_71.4675.png
pak_punjab,30.1927_71.4763.png
pak_punjab,30.1927_71.5675.png
pak_punjab,30.1927_71.5763.png
pak_punjab,30.1927_71.5939.png
pak_punjab,30.1927_71.6027.png
pak_punjab,30.1927_72.1263.png
pak_punjab,30.1927_72.1351.png
pak_punjab,30.1927_72.1561.png
pak_punjab,30.1927_72.3351.png
pak_punjab,30.1927_72.3439.png
pak_punjab,30.1927_72.3527.png
pak_punjab,30.1927_72.3561.png
pak_punjab,30.1927_72.6675.png
pak_punjab,30.1927_72.7027.png
pak_punjab,30.1927_72.7061.png
pak_punjab,30.1927_72.8263.png
pak_punjab,30.1927_72.8351.png
pak_punjab,30.1927_72.9263.png
pak_punjab,30.1927_72.9351.png
pak_punjab,30.1927_73.3028.png
pak_punjab,30.1927_73.3061.png
pak_punjab,30.1927_73.5263.png
pak_punjab,30.1927_73.5439.png
pak_punjab,30.1927_73.8028.png
pak_punjab,30.2041_70.3351.png
pak_punjab,30.2041_70.9528.png
pak_punjab,30.2041_70.9561.png
pak_punjab,30.2041_71.4675.png
pak_punjab,30.2041_71.5061.png
pak_punjab,30.2041_72.1527.png
pak_punjab,30.2041_72.1561.png
pak_punjab,30.2041_72.2351.png
pak_punjab,30.2041_72.2439.png
pak_punjab,30.2041_72.3527.png
pak_punjab,30.2041_72.3561.png
pak_punjab,30.2041_72.6763.png
pak_punjab,30.2041_72.6851.png
pak_punjab,30.2041_72.6939.png
pak_punjab,30.2041_72.7027.png
pak_punjab,30.2041_72.7061.png
pak_punjab,30.2041_72.7851.png
pak_punjab,30.2041_72.7939.png
pak_punjab,30.2041_72.8175.png
pak_punjab,30.2041_72.8263.png
pak_punjab,30.2041_72.8351.png
pak_punjab,30.2041_72.8439.png
pak_punjab,30.2041_72.9027.png
pak_punjab,30.2041_72.9061.png
pak_punjab,30.2041_73.0027.png
pak_punjab,30.2041_73.0675.png
pak_punjab,30.2041_73.1027.png
pak_punjab,30.2041_73.1061.png
pak_punjab,30.2041_73.2175.png
pak_punjab,30.2041_73.2439.png
pak_punjab,30.2041_73.2527.png
pak_punjab,30.2041_73.6851.png
pak_punjab,30.2074_70.3439.png
pak_punjab,30.2074_70.4061.png
pak_punjab,30.2074_70.4939.png
pak_punjab,30.2074_70.6263.png
pak_punjab,30.2074_70.9528.png
pak_punjab,30.2074_70.9561.png
pak_punjab,30.2074_72.1439.png
pak_punjab,30.2074_72.2351.png
pak_punjab,30.2074_72.2439.png
pak_punjab,30.2074_72.3527.png
pak_punjab,30.2074_72.3561.png
pak_punjab,30.2074_72.6763.png
pak_punjab,30.2074_72.6851.png
pak_punjab,30.2074_72.7061.png
pak_punjab,30.2074_72.7939.png
pak_punjab,30.2074_72.8175.png
pak_punjab,30.2074_72.8263.png
pak_punjab,30.2074_72.8351.png
pak_punjab,30.2074_72.8439.png
pak_punjab,30.2074_72.8561.png
pak_punjab,30.2074_72.9027.png
pak_punjab,30.2074_72.9061.png
pak_punjab,30.2074_73.0027.png
pak_punjab,30.2074_73.0061.png
pak_punjab,30.2074_73.0439.png
pak_punjab,30.2074_73.0675.png
pak_punjab,30.2074_73.1027.png
pak_punjab,30.2074_73.1061.png
pak_punjab,30.2074_73.1175.png
pak_punjab,30.2074_73.1263.png
pak_punjab,30.2074_73.1351.png
pak_punjab,30.2074_73.2175.png
pak_punjab,30.2074_73.2439.png
pak_punjab,30.2074_73.2527.png
pak_punjab,30.2162_70.3527.png
pak_punjab,30.2162_70.6061.png
pak_punjab,30.2162_71.5439.png
pak_punjab,30.2162_71.5527.png
pak_punjab,30.2162_71.9264.png
pak_punjab,30.2162_72.1561.png
pak_punjab,30.2162_72.3561.png
pak_punjab,30.2162_72.5027.png
pak_punjab,30.2162_72.5061.png
pak_punjab,30.2162_72.8439.png
pak_punjab,30.2162_72.9027.png
pak_punjab,30.2162_72.9061.png
pak_punjab,30.2162_72.9675.png
pak_punjab,30.2162_72.9763.png
pak_punjab,30.2162_72.9851.png
pak_punjab,30.2162_72.9939.png
pak_punjab,30.2162_73.0061.png
pak_punjab,30.2162_73.0675.png
pak_punjab,30.2162_73.1175.png
pak_punjab,30.2162_73.1263.png
pak_punjab,30.2162_73.1527.png
pak_punjab,30.2162_73.1561.png
pak_punjab,30.2162_73.2763.png
pak_punjab,30.2162_73.4061.png
pak_punjab,30.2162_73.4351.png
pak_punjab,30.2162_73.5528.png
pak_punjab,30.2162_73.6027.png
pak_punjab,30.2162_73.7027.png
pak_punjab,30.2250_70.4027.png
pak_punjab,30.2250_70.5561.png
pak_punjab,30.2250_70.7351.png
pak_punjab,30.2250_71.4027.png
pak_punjab,30.2250_71.4061.png
pak_punjab,30.2250_71.4352.png
pak_punjab,30.2250_71.4440.png
pak_punjab,30.2250_71.5439.png
pak_punjab,30.2250_71.5527.png
pak_punjab,30.2250_71.5561.png
pak_punjab,30.2250_71.5675.png
pak_punjab,30.2250_71.5763.png
pak_punjab,30.2250_72.2028.png
pak_punjab,30.2250_72.2061.png
pak_punjab,30.2250_72.3527.png
pak_punjab,30.2250_72.3561.png
pak_punjab,30.2250_72.6527.png
pak_punjab,30.2250_72.6561.png
pak_punjab,30.2250_72.8675.png
pak_punjab,30.2250_72.9851.png
pak_punjab,30.2250_72.9939.png
pak_punjab,30.2250_73.0439.png
pak_punjab,30.2250_73.0675.png
pak_punjab,30.2250_73.5675.png
pak_punjab,30.2250_73.6061.png
pak_punjab,30.2250_73.6351.png
pak_punjab,30.2250_73.6439.png
pak_punjab,30.2250_73.7940.png
pak_punjab,30.2338_70.4351.png
pak_punjab,30.2338_70.4561.png
pak_punjab,30.2338_70.6527.png
pak_punjab,30.2338_70.7351.png
pak_punjab,30.2338_71.4027.png
pak_punjab,30.2338_71.4061.png
pak_punjab,30.2338_71.5851.png
pak_punjab,30.2338_71.7175.png
pak_punjab,30.2338_72.3263.png
pak_punjab,30.2338_72.3439.png
pak_punjab,30.2338_72.3527.png
pak_punjab,30.2338_72.3561.png
pak_punjab,30.2338_72.4561.png
pak_punjab,30.2338_72.6527.png
pak_punjab,30.2338_72.6561.png
pak_punjab,30.2338_72.8675.png
pak_punjab,30.2338_73.0439.png
pak_punjab,30.2338_73.0528.png
pak_punjab,30.2338_73.0561.png
pak_punjab,30.2338_73.0851.png
pak_punjab,30.2338_73.0939.png
pak_punjab,30.2338_73.2263.png
pak_punjab,30.2338_73.6027.png
pak_punjab,30.2338_73.6061.png
pak_punjab,30.2338_73.7061.png
pak_punjab,30.2338_73.8439.png
pak_punjab,30.2338_73.8527.png
pak_punjab,30.2338_73.8851.png
pak_punjab,30.2426_70.4061.png
pak_punjab,30.2426_70.4175.png
pak_punjab,30.2426_70.9675.png
pak_punjab,30.2426_70.9763.png
pak_punjab,30.2426_71.4440.png
pak_punjab,30.2426_71.4528.png
pak_punjab,30.2426_71.4675.png
pak_punjab,30.2426_71.4763.png
pak_punjab,30.2426_71.5851.png
pak_punjab,30.2426_71.7175.png
pak_punjab,30.2426_71.7263.png
pak_punjab,30.2426_71.8851.png
pak_punjab,30.2426_71.8939.png
pak_punjab,30.2426_72.3263.png
pak_punjab,30.2426_72.3527.png
pak_punjab,30.2426_72.3561.png
pak_punjab,30.2426_72.9439.png
pak_punjab,30.2426_72.9763.png
pak_punjab,30.2426_72.9851.png
pak_punjab,30.2426_73.0851.png
pak_punjab,30.2426_73.0939.png
pak_punjab,30.2426_73.2263.png
pak_punjab,30.2426_73.5061.png
pak_punjab,30.2426_73.6851.png
pak_punjab,30.2426_73.6939.png
pak_punjab,30.2426_73.7439.png
pak_punjab,30.2540_70.4440.png
pak_punjab,30.2540_70.4851.png
pak_punjab,30.2540_70.6561.png
pak_punjab,30.2540_70.9352.png
pak_punjab,30.2540_70.9440.png
pak_punjab,30.2540_71.3027.png
pak_punjab,30.2540_71.3061.png
pak_punjab,30.2540_71.4675.png
pak_punjab,30.2540_71.4763.png
pak_punjab,30.2540_71.6263.png
pak_punjab,30.2540_71.6527.png
pak_punjab,30.2540_71.6561.png
pak_punjab,30.2540_71.9352.png
pak_punjab,30.2540_72.0027.png
pak_punjab,30.2540_72.2351.png
pak_punjab,30.2540_72.3027.png
pak_punjab,30.2540_72.3061.png
pak_punjab,30.2540_72.4175.png
pak_punjab,30.2540_72.4263.png
pak_punjab,30.2540_72.4527.png
pak_punjab,30.2540_72.4561.png
pak_punjab,30.2540_72.6851.png
pak_punjab,30.2540_72.6939.png
pak_punjab,30.2540_72.9439.png
pak_punjab,30.2540_72.9763.png
pak_punjab,30.2540_72.9851.png
pak_punjab,30.2540_73.0528.png
pak_punjab,30.2540_73.0561.png
pak_punjab,30.2540_73.0851.png
pak_punjab,30.2540_73.0939.png
pak_punjab,30.2540_73.1527.png
pak_punjab,30.2540_73.1561.png
pak_punjab,30.2540_73.2527.png
pak_punjab,30.2540_73.2561.png
pak_punjab,30.2540_73.6763.png
pak_punjab,30.2540_73.6851.png
pak_punjab,30.2540_73.6939.png
pak_punjab,30.2575_70.6175.png
pak_punjab,30.2575_70.6263.png
pak_punjab,30.2575_70.6527.png
pak_punjab,30.2575_71.3027.png
pak_punjab,30.2575_71.3061.png
pak_punjab,30.2575_71.6263.png
pak_punjab,30.2575_71.6561.png
pak_punjab,30.2575_71.6675.png
pak_punjab,30.2575_71.6764.png
pak_punjab,30.2575_71.9352.png
pak_punjab,30.2575_72.0061.png
pak_punjab,30.2575_72.0851.png
pak_punjab,30.2575_72.3027.png
pak_punjab,30.2575_72.3061.png
pak_punjab,30.2575_72.4527.png
pak_punjab,30.2575_72.4561.png
pak_punjab,30.2575_72.6851.png
pak_punjab,30.2575_72.7851.png
pak_punjab,30.2575_72.7939.png
pak_punjab,30.2575_72.9439.png
pak_punjab,30.2575_72.9851.png
pak_punjab,30.2575_73.0528.png
pak_punjab,30.2575_73.0561.png
pak_punjab,30.2575_73.1527.png
pak_punjab,30.2575_73.1561.png
pak_punjab,30.2575_73.2061.png
pak_punjab,30.2575_73.2527.png
pak_punjab,30.2575_73.2561.png
pak_punjab,30.2575_73.6763.png
pak_punjab,30.2575_73.6851.png
pak_punjab,30.2575_73.6939.png
pak_punjab,30.2663_70.3175.png
pak_punjab,30.2663_70.4675.png
pak_punjab,30.2663_70.5439.png
pak_punjab,30.2663_70.5561.png
pak_punjab,30.2663_70.9675.png
pak_punjab,30.2663_71.6263.png
pak_punjab,30.2663_71.6561.png
pak_punjab,30.2663_71.6675.png
pak_punjab,30.2663_71.6764.png
pak_punjab,30.2663_71.7763.png
pak_punjab,30.2663_71.7851.png
pak_punjab,30.2663_72.0527.png
pak_punjab,30.2663_72.2439.png
pak_punjab,30.2663_72.3763.png
pak_punjab,30.2663_72.4061.png
pak_punjab,30.2663_72.4263.png
pak_punjab,30.2663_72.4351.png
pak_punjab,30.2663_72.8027.png
pak_punjab,30.2663_72.8061.png
pak_punjab,30.2663_72.8175.png
pak_punjab,30.2663_72.8675.png
pak_punjab,30.2663_72.9027.png
pak_punjab,30.2663_72.9061.png
pak_punjab,30.2663_72.9851.png
pak_punjab,30.2663_72.9939.png
pak_punjab,30.2663_73.0061.png
pak_punjab,30.2663_73.0528.png
pak_punjab,30.2663_73.0561.png
pak_punjab,30.2663_73.2263.png
pak_punjab,30.2663_73.2561.png
pak_punjab,30.2663_73.3028.png
pak_punjab,30.2663_73.4263.png
pak_punjab,30.2663_73.5351.png
pak_punjab,30.2663_73.7527.png
pak_punjab,30.2751_70.3763.png
pak_punjab,30.2751_70.4939.png
pak_punjab,30.2751_70.6263.png
pak_punjab,30.2751_71.0027.png
pak_punjab,30.2751_71.0061.png
pak_punjab,30.2751_71.6351.png
pak_punjab,30.2751_71.6439.png
pak_punjab,30.2751_71.6561.png
pak_punjab,30.2751_71.7527.png
pak_punjab,30.2751_71.7561.png
pak_punjab,30.2751_71.7763.png
pak_punjab,30.2751_71.7851.png
pak_punjab,30.2751_72.0527.png
pak_punjab,30.2751_72.0561.png
pak_punjab,30.2751_72.2675.png
pak_punjab,30.2751_72.3763.png
pak_punjab,30.2751_72.3939.png
pak_punjab,30.2751_72.4939.png
pak_punjab,30.2751_72.8027.png
pak_punjab,30.2751_72.8061.png
pak_punjab,30.2751_72.8675.png
pak_punjab,30.2751_72.9527.png
pak_punjab,30.2751_73.0263.png
pak_punjab,30.2751_73.1175.png
pak_punjab,30.2751_73.2263.png
pak_punjab,30.2751_73.6939.png
pak_punjab,30.2751_73.7027.png
pak_punjab,30.2751_73.7561.png
pak_punjab,30.2751_73.8939.png
pak_punjab,30.2751_73.9061.png
pak_punjab,30.2839_70.3561.png
pak_punjab,30.2839_70.3675.png
pak_punjab,30.2839_70.3763.png
pak_punjab,30.2839_70.4561.png
pak_punjab,30.2839_70.5175.png
pak_punjab,30.2839_70.6675.png
pak_punjab,30.2839_71.0027.png
pak_punjab,30.2839_71.0061.png
pak_punjab,30.2839_71.7763.png
pak_punjab,30.2839_71.9027.png
pak_punjab,30.2839_71.9061.png
pak_punjab,30.2839_71.9175.png
pak_punjab,30.2839_71.9352.png
pak_punjab,30.2839_72.4851.png
pak_punjab,30.2839_72.4939.png
pak_punjab,30.2839_72.6527.png
pak_punjab,30.2839_72.6561.png
pak_punjab,30.2839_72.8675.png
pak_punjab,30.2839_72.8763.png
pak_punjab,30.2839_72.8939.png
pak_punjab,30.2839_72.9527.png
pak_punjab,30.2839_73.0175.png
pak_punjab,30.2839_73.0263.png
pak_punjab,30.2839_73.1027.png
pak_punjab,30.2839_73.1061.png
pak_punjab,30.2839_73.1175.png
pak_punjab,30.2839_73.1527.png
pak_punjab,30.2839_73.1561.png
pak_punjab,30.2839_73.1763.png
pak_punjab,30.2839_73.1851.png
pak_punjab,30.2839_73.7561.png
pak_punjab,30.2839_73.8763.png
pak_punjab,30.2839_73.8851.png
pak_punjab,30.2927_70.3175.png
pak_punjab,30.2927_70.4263.png
pak_punjab,30.2927_70.4561.png
pak_punjab,30.2927_70.4763.png
pak_punjab,30.2927_70.5027.png
pak_punjab,30.2927_70.5061.png
pak_punjab,30.2927_70.5351.png
pak_punjab,30.2927_70.9675.png
pak_punjab,30.2927_70.9763.png
pak_punjab,30.2927_71.4675.png
pak_punjab,30.2927_71.4763.png
pak_punjab,30.2927_71.9352.png
pak_punjab,30.2927_71.9528.png
pak_punjab,30.2927_71.9561.png
pak_punjab,30.2927_71.9675.png
pak_punjab,30.2927_71.9763.png
pak_punjab,30.2927_71.9851.png
pak_punjab,30.2927_72.0763.png
pak_punjab,30.2927_72.4939.png
pak_punjab,30.2927_72.5027.png
pak_punjab,30.2927_72.8675.png
pak_punjab,30.2927_72.9763.png
pak_punjab,30.2927_73.1027.png
pak_punjab,30.2927_73.1061.png
pak_punjab,30.2927_73.1675.png
pak_punjab,30.2927_73.2527.png
pak_punjab,30.2927_73.2939.png
pak_punjab,30.2927_73.3263.png
pak_punjab,30.2927_73.3351.png
pak_punjab,30.2927_73.7351.png
pak_punjab,30.3041_70.3439.png
pak_punjab,30.3041_70.3561.png
pak_punjab,30.3041_70.3763.png
pak_punjab,30.3041_70.3851.png
pak_punjab,30.3041_70.3939.png
pak_punjab,30.3041_70.4528.png
pak_punjab,30.3041_70.5027.png
pak_punjab,30.3041_70.5175.png
pak_punjab,30.3041_70.6263.png
pak_punjab,30.3041_70.9675.png
pak_punjab,30.3041_70.9763.png
pak_punjab,30.3041_71.6351.png
pak_punjab,30.3041_71.6527.png
pak_punjab,30.3041_71.6561.png
pak_punjab,30.3041_71.9027.png
pak_punjab,30.3041_71.9061.png
pak_punjab,30.3041_72.0351.png
pak_punjab,30.3041_72.4527.png
pak_punjab,30.3041_72.4561.png
pak_punjab,30.3041_72.5175.png
pak_punjab,30.3041_72.5851.png
pak_punjab,30.3041_72.7675.png
pak_punjab,30.3041_72.9175.png
pak_punjab,30.3041_72.9763.png
pak_punjab,30.3041_73.0061.png
pak_punjab,30.3041_73.0351.png
pak_punjab,30.3041_73.0675.png
pak_punjab,30.3041_73.0763.png
pak_punjab,30.3041_73.0851.png
pak_punjab,30.3041_73.0939.png
pak_punjab,30.3041_73.1027.png
pak_punjab,30.3041_73.1061.png
pak_punjab,30.3041_73.2939.png
pak_punjab,30.3041_73.7940.png
pak_punjab,30.3041_73.8351.png
pak_punjab,30.3041_73.8527.png
pak_punjab,30.3041_73.8561.png
pak_punjab,30.3041_73.8763.png
pak_punjab,30.3074_70.3351.png
pak_punjab,30.3074_70.4675.png
pak_punjab,30.3074_70.9675.png
pak_punjab,30.3074_70.9763.png
pak_punjab,30.3074_71.6351.png
pak_punjab,30.3074_71.9027.png
pak_punjab,30.3074_71.9061.png
pak_punjab,30.3074_72.0351.png
pak_punjab,30.3074_72.1027.png
pak_punjab,30.3074_72.4527.png
pak_punjab,30.3074_72.4561.png
pak_punjab,30.3074_72.4675.png
pak_punjab,30.3074_72.5851.png
pak_punjab,30.3074_72.7675.png
pak_punjab,30.3074_73.0061.png
pak_punjab,30.3074_73.0175.png
pak_punjab,30.3074_73.0263.png
pak_punjab,30.3074_73.0351.png
pak_punjab,30.3074_73.0439.png
pak_punjab,30.3074_73.0675.png
pak_punjab,30.3074_73.0763.png
pak_punjab,30.3074_73.0851.png
pak_punjab,30.3074_73.0939.png
pak_punjab,30.3074_73.1027.png
pak_punjab,30.3074_73.1061.png
pak_punjab,30.3074_73.1439.png
pak_punjab,30.3074_73.6175.png
pak_punjab,30.3074_73.7940.png
pak_punjab,30.3074_73.8527.png
pak_punjab,30.3074_73.8561.png
pak_punjab,30.3162_70.3439.png
pak_punjab,30.3162_70.4763.png
pak_punjab,30.3162_70.6263.png
pak_punjab,30.3162_70.7561.png
pak_punjab,30.3162_70.9939.png
pak_punjab,30.3162_71.6439.png
pak_punjab,30.3162_71.8939.png
pak_punjab,30.3162_71.9027.png
pak_punjab,30.3162_73.0175.png
pak_punjab,30.3162_73.0263.png
pak_punjab,30.3162_73.1061.png
pak_punjab,30.3162_73.1175.png
pak_punjab,30.3162_73.1851.png
pak_punjab,30.3162_73.9061.png
pak_punjab,30.3250_70.3027.png
pak_punjab,30.3250_70.3939.png
pak_punjab,30.3250_70.4675.png
pak_punjab,30.3250_70.6175.png
pak_punjab,30.3250_70.9440.png
pak_punjab,30.3250_70.9528.png
pak_punjab,30.3250_70.9561.png
pak_punjab,30.3250_70.9939.png
pak_punjab,30.3250_71.3527.png
pak_punjab,30.3250_71.3561.png
pak_punjab,30.3250_71.6263.png
pak_punjab,30.3250_71.6351.png
pak_punjab,30.3250_71.7763.png
pak_punjab,30.3250_71.8263.png
pak_punjab,30.3250_71.8939.png
pak_punjab,30.3250_71.9027.png
pak_punjab,30.3250_72.1852.png
pak_punjab,30.3250_72.1940.png
pak_punjab,30.3250_72.3027.png
pak_punjab,30.3250_72.3061.png
pak_punjab,30.3250_72.3175.png
pak_punjab,30.3250_72.3263.png
pak_punjab,30.3250_72.6527.png
pak_punjab,30.3250_72.6561.png
pak_punjab,30.3250_72.6675.png
pak_punjab,30.3250_73.1175.png
pak_punjab,30.3250_73.1351.png
pak_punjab,30.3250_73.1439.png
pak_punjab,30.3250_73.3851.png
pak_punjab,30.3250_73.4027.png
pak_punjab,30.3250_73.4061.png
pak_punjab,30.3250_73.7351.png
pak_punjab,30.3250_73.8028.png
pak_punjab,30.3338_70.3027.png
pak_punjab,30.3338_70.3263.png
pak_punjab,30.3338_70.3561.png
pak_punjab,30.3338_70.3939.png
pak_punjab,30.3338_70.4939.png
pak_punjab,30.3338_70.5027.png
pak_punjab,30.3338_70.5263.png
pak_punjab,30.3338_70.9528.png
pak_punjab,30.3338_70.9561.png
pak_punjab,30.3338_71.5027.png
pak_punjab,30.3338_71.5061.png
pak_punjab,30.3338_71.6263.png
pak_punjab,30.3338_71.6351.png
pak_punjab,30.3338_71.6527.png
pak_punjab,30.3338_71.6561.png
pak_punjab,30.3338_71.7763.png
pak_punjab,30.3338_71.8027.png
pak_punjab,30.3338_71.8061.png
pak_punjab,30.3338_71.8175.png
pak_punjab,30.3338_71.8263.png
pak_punjab,30.3338_71.9763.png
pak_punjab,30.3338_72.1351.png
pak_punjab,30.3338_72.1852.png
pak_punjab,30.3338_72.1940.png
pak_punjab,30.3338_72.2028.png
pak_punjab,30.3338_72.3175.png
pak_punjab,30.3338_72.3263.png
pak_punjab,30.3338_72.5263.png
pak_punjab,30.3338_72.5351.png
pak_punjab,30.3338_72.5939.png
pak_punjab,30.3338_72.7851.png
pak_punjab,30.3338_72.7939.png
pak_punjab,30.3338_73.0351.png
pak_punjab,30.3338_73.0439.png
pak_punjab,30.3338_73.1675.png
pak_punjab,30.3338_73.3439.png
pak_punjab,30.3338_73.3527.png
pak_punjab,30.3338_73.3561.png
pak_punjab,30.3338_73.3851.png
pak_punjab,30.3338_73.4027.png
pak_punjab,30.3338_73.4061.png
pak_punjab,30.3338_73.4763.png
pak_punjab,30.3338_73.5351.png
pak_punjab,30.3338_73.7263.png
pak_punjab,30.3426_70.3027.png
pak_punjab,30.3426_70.3061.png
pak_punjab,30.3426_70.3561.png
pak_punjab,30.3426_70.4851.png
pak_punjab,30.3426_70.5061.png
pak_punjab,30.3426_70.5351.png
pak_punjab,30.3426_70.5851.png
pak_punjab,30.3426_71.6527.png
pak_punjab,30.3426_71.8027.png
pak_punjab,30.3426_71.8061.png
pak_punjab,30.3426_71.9027.png
pak_punjab,30.3426_71.9061.png
pak_punjab,30.3426_71.9352.png
pak_punjab,30.3426_71.9440.png
pak_punjab,30.3426_72.0351.png
pak_punjab,30.3426_72.0439.png
pak_punjab,30.3426_72.2351.png
pak_punjab,30.3426_72.2439.png
pak_punjab,30.3426_72.3939.png
pak_punjab,30.3426_72.7351.png
pak_punjab,30.3426_72.7851.png
pak_punjab,30.3426_72.7939.png
pak_punjab,30.3426_72.8675.png
pak_punjab,30.3426_72.8763.png
pak_punjab,30.3426_73.0561.png
pak_punjab,30.3426_73.1675.png
pak_punjab,30.3426_73.3351.png
pak_punjab,30.3426_73.3439.png
pak_punjab,30.3426_73.3527.png
pak_punjab,30.3426_73.5851.png
pak_punjab,30.3426_73.6027.png
pak_punjab,30.3426_73.6527.png
pak_punjab,30.3540_70.2939.png
pak_punjab,30.3540_70.4027.png
pak_punjab,30.3540_70.4061.png
pak_punjab,30.3540_70.7175.png
pak_punjab,30.3540_70.7851.png
pak_punjab,30.3540_70.9675.png
pak_punjab,30.3540_71.5561.png
pak_punjab,30.3540_71.5675.png
pak_punjab,30.3540_71.9440.png
pak_punjab,30.3540_72.5027.png
pak_punjab,30.3540_72.9175.png
pak_punjab,30.3540_73.0263.png
pak_punjab,30.3540_73.0351.png
pak_punjab,30.3540_73.0675.png
pak_punjab,30.3540_73.1763.png
pak_punjab,30.3540_73.1851.png
pak_punjab,30.3540_73.2027.png
pak_punjab,30.3540_73.2061.png
pak_punjab,30.3540_73.2263.png
pak_punjab,30.3540_73.2939.png
pak_punjab,30.3540_73.3351.png
pak_punjab,30.3540_73.3439.png
pak_punjab,30.3540_73.3763.png
pak_punjab,30.3540_73.4061.png
pak_punjab,30.3540_73.4851.png
pak_punjab,30.3540_73.5675.png
pak_punjab,30.3540_73.8439.png
pak_punjab,30.3574_70.3763.png
pak_punjab,30.3574_70.3851.png
pak_punjab,30.3574_70.5175.png
pak_punjab,30.3574_70.5263.png
pak_punjab,30.3574_70.6763.png
pak_punjab,30.3574_70.7175.png
pak_punjab,30.3574_70.9675.png
pak_punjab,30.3574_71.5561.png
pak_punjab,30.3574_71.5675.png
pak_punjab,30.3574_71.5763.png
pak_punjab,30.3574_71.9440.png
pak_punjab,30.3574_72.3675.png
pak_punjab,30.3574_72.3763.png
pak_punjab,30.3574_72.5027.png
pak_punjab,30.3574_72.5175.png
pak_punjab,30.3574_72.9175.png
pak_punjab,30.3574_73.0263.png
pak_punjab,30.3574_73.0351.png
pak_punjab,30.3574_73.2027.png
pak_punjab,30.3574_73.2061.png
pak_punjab,30.3574_73.2263.png
pak_punjab,30.3574_73.2763.png
pak_punjab,30.3574_73.2851.png
pak_punjab,30.3574_73.2939.png
pak_punjab,30.3574_73.4061.png
pak_punjab,30.3574_73.4851.png
pak_punjab,30.3574_73.6061.png
pak_punjab,30.3574_73.6175.png
pak_punjab,30.3574_73.8439.png
pak_punjab,30.3662_70.3175.png
pak_punjab,30.3662_70.3851.png
pak_punjab,30.3662_70.5061.png
pak_punjab,30.3662_70.5175.png
pak_punjab,30.3662_70.5351.png
pak_punjab,30.3662_70.5561.png
pak_punjab,30.3662_70.6061.png
pak_punjab,30.3662_71.5763.png
pak_punjab,30.3662_71.6675.png
pak_punjab,30.3662_71.9528.png
pak_punjab,30.3662_71.9561.png
pak_punjab,30.3662_72.3263.png
pak_punjab,30.3662_72.3675.png
pak_punjab,30.3662_72.3763.png
pak_punjab,30.3662_72.6939.png
pak_punjab,30.3662_72.9351.png
pak_punjab,30.3662_72.9439.png
pak_punjab,30.3662_73.0263.png
pak_punjab,30.3662_73.0351.png
pak_punjab,30.3662_73.2561.png
pak_punjab,30.3662_73.2675.png
pak_punjab,30.3662_73.2763.png
pak_punjab,30.3662_73.2851.png
pak_punjab,30.3662_73.2939.png
pak_punjab,30.3662_73.3527.png
pak_punjab,30.3662_73.3561.png
pak_punjab,30.3662_73.3675.png
pak_punjab,30.3662_73.3763.png
pak_punjab,30.3662_73.4061.png
pak_punjab,30.3662_73.4175.png
pak_punjab,30.3662_73.4263.png
pak_punjab,30.3662_73.4675.png
pak_punjab,30.3662_73.4763.png
pak_punjab,30.3662_73.5439.png
pak_punjab,30.3750_70.4027.png
pak_punjab,30.3750_70.4939.png
pak_punjab,30.3750_70.5027.png
pak_punjab,30.3750_70.5061.png
pak_punjab,30.3750_70.5175.png
pak_punjab,30.3750_70.5351.png
pak_punjab,30.3750_70.6027.png
pak_punjab,30.3750_70.6175.png
pak_punjab,30.3750_70.7439.png
pak_punjab,30.3750_71.5527.png
pak_punjab,30.3750_71.5561.png
pak_punjab,30.3750_71.5675.png
pak_punjab,30.3750_71.6675.png
pak_punjab,30.3750_71.8939.png
pak_punjab,30.3750_71.9027.png
pak_punjab,30.3750_72.2439.png
pak_punjab,30.3750_72.2527.png
pak_punjab,30.3750_72.3351.png
pak_punjab,30.3750_72.3527.png
pak_punjab,30.3750_72.3561.png
pak_punjab,30.3750_72.4851.png
pak_punjab,30.3750_72.6027.png
pak_punjab,30.3750_72.6061.png
pak_punjab,30.3750_72.6939.png
pak_punjab,30.3750_72.7763.png
pak_punjab,30.3750_73.0351.png
pak_punjab,30.3750_73.2675.png
pak_punjab,30.3750_73.2851.png
pak_punjab,30.3750_73.2939.png
pak_punjab,30.3750_73.3763.png
pak_punjab,30.3750_73.5439.png
pak_punjab,30.3750_73.5528.png
pak_punjab,30.3839_70.4851.png
pak_punjab,30.3839_70.5175.png
pak_punjab,30.3839_70.5351.png
pak_punjab,30.3839_70.6263.png
pak_punjab,30.3839_70.6561.png
pak_punjab,30.3839_70.6675.png
pak_punjab,30.3839_70.6763.png
pak_punjab,30.3839_71.5763.png
pak_punjab,30.3839_71.6675.png
pak_punjab,30.3839_71.6764.png
pak_punjab,30.3839_71.7527.png
pak_punjab,30.3839_71.7561.png
pak_punjab,30.3839_71.8439.png
pak_punjab,30.3839_71.8527.png
pak_punjab,30.3839_71.8675.png
pak_punjab,30.3839_71.8763.png
pak_punjab,30.3839_71.8851.png
pak_punjab,30.3839_72.1263.png
pak_punjab,30.3839_72.1351.png
pak_punjab,30.3839_72.1852.png
pak_punjab,30.3839_72.1940.png
pak_punjab,30.3839_72.2351.png
pak_punjab,30.3839_72.2675.png
pak_punjab,30.3839_72.2763.png
pak_punjab,30.3839_72.3527.png
pak_punjab,30.3839_72.3561.png
pak_punjab,30.3839_72.5061.png
pak_punjab,30.3839_72.6027.png
pak_punjab,30.3839_72.6061.png
pak_punjab,30.3839_72.7561.png
pak_punjab,30.3839_72.8675.png
pak_punjab,30.3839_72.8763.png
pak_punjab,30.3839_73.0351.png
pak_punjab,30.3839_73.1675.png
pak_punjab,30.3839_73.1763.png
pak_punjab,30.3839_73.5439.png
pak_punjab,30.3839_73.5528.png
pak_punjab,30.3927_70.3939.png
pak_punjab,30.3927_70.4027.png
pak_punjab,30.3927_70.4061.png
pak_punjab,30.3927_70.4175.png
pak_punjab,30.3927_70.4851.png
pak_punjab,30.3927_70.5061.png
pak_punjab,30.3927_70.5439.png
pak_punjab,30.3927_70.6675.png
pak_punjab,30.3927_70.6940.png
pak_punjab,30.3927_71.6764.png
pak_punjab,30.3927_71.7527.png
pak_punjab,30.3927_71.7561.png
pak_punjab,30.3927_71.8439.png
pak_punjab,30.3927_71.8527.png
pak_punjab,30.3927_71.8763.png
pak_punjab,30.3927_72.1175.png
pak_punjab,30.3927_72.1263.png
pak_punjab,30.3927_72.3061.png
pak_punjab,30.3927_72.5061.png
pak_punjab,30.3927_72.5763.png
pak_punjab,30.3927_72.7561.png
pak_punjab,30.3927_72.9851.png
pak_punjab,30.3927_72.9939.png
pak_punjab,30.3927_73.1675.png
pak_punjab,30.3927_73.1763.png
pak_punjab,30.3927_73.1851.png
pak_punjab,30.4041_70.3675.png
pak_punjab,30.4041_70.3939.png
pak_punjab,30.4041_70.4675.png
pak_punjab,30.4041_70.5561.png
pak_punjab,30.4041_70.6675.png
pak_punjab,30.4041_70.9763.png
pak_punjab,30.4041_71.6175.png
pak_punjab,30.4041_71.6764.png
pak_punjab,30.4041_71.6852.png
pak_punjab,30.4041_71.8763.png
pak_punjab,30.4041_71.8851.png
pak_punjab,30.4041_72.2351.png
pak_punjab,30.4041_72.2439.png
pak_punjab,30.4041_72.2527.png
pak_punjab,30.4041_72.2675.png
pak_punjab,30.4041_72.3675.png
pak_punjab,30.4041_72.6351.png
pak_punjab,30.4041_72.6439.png
pak_punjab,30.4041_72.7439.png
pak_punjab,30.4041_72.7851.png
pak_punjab,30.4041_72.8027.png
pak_punjab,30.4041_72.8061.png
pak_punjab,30.4041_72.8175.png
pak_punjab,30.4041_72.9675.png
pak_punjab,30.4041_73.0351.png
pak_punjab,30.4041_73.0439.png
pak_punjab,30.4041_73.2763.png
pak_punjab,30.4041_73.2851.png
pak_punjab,30.4041_73.4939.png
pak_punjab,30.4041_73.5027.png
pak_punjab,30.4041_73.5061.png
pak_punjab,30.4041_73.5175.png
pak_punjab,30.4041_73.5263.png
pak_punjab,30.4041_73.5439.png
pak_punjab,30.4041_73.6763.png
pak_punjab,30.4041_73.8028.png
pak_punjab,30.4041_73.8061.png
pak_punjab,30.4075_70.5175.png
pak_punjab,30.4075_70.5263.png
pak_punjab,30.4075_70.9763.png
pak_punjab,30.4075_71.6175.png
pak_punjab,30.4075_71.6764.png
pak_punjab,30.4075_71.6852.png
pak_punjab,30.4075_71.8763.png
pak_punjab,30.4075_71.8851.png
pak_punjab,30.4075_72.2351.png
pak_punjab,30.4075_72.2439.png
pak_punjab,30.4075_72.2527.png
pak_punjab,30.4075_72.2675.png
pak_punjab,30.4075_72.3675.png
pak_punjab,30.4075_72.4939.png
pak_punjab,30.4075_72.5027.png
pak_punjab,30.4075_72.7439.png
pak_punjab,30.4075_72.7851.png
pak_punjab,30.4075_72.8027.png
pak_punjab,30.4075_72.8061.png
pak_punjab,30.4075_72.8175.png
pak_punjab,30.4075_72.8851.png
pak_punjab,30.4075_72.9675.png
pak_punjab,30.4075_73.0351.png
pak_punjab,30.4075_73.0439.png
pak_punjab,30.4075_73.0939.png
pak_punjab,30.4075_73.1027.png
pak_punjab,30.4075_73.1061.png
pak_punjab,30.4075_73.3175.png
pak_punjab,30.4075_73.5175.png
pak_punjab,30.4075_73.5263.png
pak_punjab,30.4075_73.5439.png
pak_punjab,30.4075_73.6763.png
pak_punjab,30.4163_70.3027.png
pak_punjab,30.4163_70.3851.png
pak_punjab,30.4163_70.3939.png
pak_punjab,30.4163_70.4263.png
pak_punjab,30.4163_70.4561.png
pak_punjab,30.4163_70.4851.png
pak_punjab,30.4163_70.5439.png
pak_punjab,30.4163_70.7527.png
pak_punjab,30.4163_70.9027.png
pak_punjab,30.4163_70.9061.png
pak_punjab,30.4163_70.9352.png
pak_punjab,30.4163_70.9440.png
pak_punjab,30.4163_71.4352.png
pak_punjab,30.4163_72.1351.png
pak_punjab,30.4163_72.1439.png
pak_punjab,30.4163_72.2263.png
pak_punjab,30.4163_72.3527.png
pak_punjab,30.4163_72.3763.png
pak_punjab,30.4163_72.3851.png
pak_punjab,30.4163_72.4027.png
pak_punjab,30.4163_72.4061.png
pak_punjab,30.4163_72.4527.png
pak_punjab,30.4163_72.4561.png
pak_punjab,30.4163_72.7027.png
pak_punjab,30.4163_72.7061.png
pak_punjab,30.4163_72.8851.png
pak_punjab,30.4163_73.0851.png
pak_punjab,30.4163_73.0939.png
pak_punjab,30.4163_73.1027.png
pak_punjab,30.4163_73.1061.png
pak_punjab,30.4163_73.2675.png
pak_punjab,30.4163_73.2763.png
pak_punjab,30.4163_73.3175.png
pak_punjab,30.4163_73.6763.png
pak_punjab,30.4251_70.3027.png
pak_punjab,30.4251_70.4263.png
pak_punjab,30.4251_70.4528.png
pak_punjab,30.4251_70.7675.png
pak_punjab,30.4251_70.9061.png
pak_punjab,30.4251_71.8439.png
pak_punjab,30.4251_72.1351.png
pak_punjab,30.4251_72.1439.png
pak_punjab,30.4251_72.2263.png
pak_punjab,30.4251_72.2939.png
pak_punjab,30.4251_72.3439.png
pak_punjab,30.4251_72.3527.png
pak_punjab,30.4251_72.3561.png
pak_punjab,30.4251_72.3675.png
pak_punjab,30.4251_72.3763.png
pak_punjab,30.4251_72.5939.png
pak_punjab,30.4251_72.6527.png
pak_punjab,30.4251_72.6561.png
pak_punjab,30.4251_72.7027.png
pak_punjab,30.4251_72.7061.png
pak_punjab,30.4251_73.0851.png
pak_punjab,30.4251_73.1027.png
pak_punjab,30.4251_73.1061.png
pak_punjab,30.4251_73.2675.png
pak_punjab,30.4251_73.5851.png
pak_punjab,30.4251_73.7439.png
pak_punjab,30.4251_73.7527.png
pak_punjab,30.4251_73.7561.png
pak_punjab,30.4251_73.8851.png
pak_punjab,30.4339_70.4440.png
pak_punjab,30.4339_70.4561.png
pak_punjab,30.4339_70.4939.png
pak_punjab,30.4339_70.6763.png
pak_punjab,30.4339_70.7851.png
pak_punjab,30.4339_70.9528.png
pak_punjab,30.4339_70.9561.png
pak_punjab,30.4339_71.4440.png
pak_punjab,30.4339_71.4528.png
pak_punjab,30.4339_71.4561.png
pak_punjab,30.4339_71.6527.png
pak_punjab,30.4339_71.6561.png
pak_punjab,30.4339_71.6675.png
pak_punjab,30.4339_71.8439.png
pak_punjab,30.4339_72.0763.png
pak_punjab,30.4339_72.0851.png
pak_punjab,30.4339_72.1263.png
pak_punjab,30.4339_72.1351.png
pak_punjab,30.4339_72.2939.png
pak_punjab,30.4339_72.3439.png
pak_punjab,30.4339_72.3527.png
pak_punjab,30.4339_72.3561.png
pak_punjab,30.4339_72.3675.png
pak_punjab,30.4339_72.3763.png
pak_punjab,30.4339_72.4763.png
pak_punjab,30.4339_72.4851.png
pak_punjab,30.4339_72.5351.png
pak_punjab,30.4339_72.6263.png
pak_punjab,30.4339_72.6351.png
pak_punjab,30.4339_72.6527.png
pak_punjab,30.4339_72.6561.png
pak_punjab,30.4339_72.6763.png
pak_punjab,30.4339_72.7175.png
pak_punjab,30.4339_73.0851.png
pak_punjab,30.4339_73.2675.png
pak_punjab,30.4339_73.5851.png
pak_punjab,30.4339_73.7027.png
pak_punjab,30.4339_73.7061.png
pak_punjab,30.4339_73.7175.png
pak_punjab,30.4339_73.7675.png
pak_punjab,30.4427_70.4561.png
pak_punjab,30.4427_70.5527.png
pak_punjab,30.4427_70.6940.png
pak_punjab,30.4427_70.8263.png
pak_punjab,30.4427_70.9352.png
pak_punjab,30.4427_70.9528.png
pak_punjab,30.4427_70.9561.png
pak_punjab,30.4427_71.3439.png
pak_punjab,30.4427_71.4440.png
pak_punjab,30.4427_71.6675.png
pak_punjab,30.4427_71.9264.png
pak_punjab,30.4427_71.9851.png
pak_punjab,30.4427_71.9939.png
pak_punjab,30.4427_72.6175.png
pak_punjab,30.4427_72.6763.png
pak_punjab,30.4427_72.9763.png
pak_punjab,30.4427_72.9851.png
pak_punjab,30.4427_72.9939.png
pak_punjab,30.4427_73.0027.png
pak_punjab,30.4427_73.0061.png
pak_punjab,30.4427_73.1263.png
pak_punjab,30.4427_73.2439.png
pak_punjab,30.4427_73.2527.png
pak_punjab,30.4427_73.7061.png
pak_punjab,30.4427_73.7175.png
pak_punjab,30.4427_73.8527.png
pak_punjab,30.4427_73.8561.png
pak_punjab,30.4427_73.9351.png
pak_punjab,30.4541_70.4675.png
pak_punjab,30.4541_70.5527.png
pak_punjab,30.4541_70.5851.png
pak_punjab,30.4541_70.9440.png
pak_punjab,30.4541_71.9175.png
pak_punjab,30.4541_72.0027.png
pak_punjab,30.4541_72.0061.png
pak_punjab,30.4541_72.0175.png
pak_punjab,30.4541_72.0263.png
pak_punjab,30.4541_72.0351.png
pak_punjab,30.4541_72.1263.png
pak_punjab,30.4541_72.1351.png
pak_punjab,30.4541_72.4527.png
pak_punjab,30.4541_72.4561.png
pak_punjab,30.4541_72.5527.png
pak_punjab,30.4541_72.5561.png
pak_punjab,30.4541_72.5675.png
pak_punjab,30.4541_72.6527.png
pak_punjab,30.4541_72.6561.png
pak_punjab,30.4541_72.6763.png
pak_punjab,30.4541_72.7263.png
pak_punjab,30.4541_72.7439.png
pak_punjab,30.4541_72.7527.png
pak_punjab,30.4541_73.0351.png
pak_punjab,30.4541_73.0439.png
pak_punjab,30.4541_73.2027.png
pak_punjab,30.4541_73.2061.png
pak_punjab,30.4541_73.2175.png
pak_punjab,30.4541_73.2263.png
pak_punjab,30.4541_73.3527.png
pak_punjab,30.4541_73.3561.png
pak_punjab,30.4541_73.3939.png
pak_punjab,30.4541_73.4175.png
pak_punjab,30.4541_73.4763.png
pak_punjab,30.4541_73.4851.png
pak_punjab,30.4541_73.5763.png
pak_punjab,30.4541_73.6527.png
pak_punjab,30.4541_73.6561.png
pak_punjab,30.4541_73.8351.png
pak_punjab,30.4574_70.5527.png
pak_punjab,30.4574_70.7028.png
pak_punjab,30.4574_70.9440.png
pak_punjab,30.4574_72.0175.png
pak_punjab,30.4574_72.0263.png
pak_punjab,30.4574_72.0351.png
pak_punjab,30.4574_72.1263.png
pak_punjab,30.4574_72.1351.png
pak_punjab,30.4574_72.3851.png
pak_punjab,30.4574_72.4527.png
pak_punjab,30.4574_72.4561.png
pak_punjab,30.4574_72.5527.png
pak_punjab,30.4574_72.5561.png
pak_punjab,30.4574_72.5675.png
pak_punjab,30.4574_72.5763.png
pak_punjab,30.4574_72.6175.png
pak_punjab,30.4574_72.6527.png
pak_punjab,30.4574_72.6561.png
pak_punjab,30.4574_72.7263.png
pak_punjab,30.4574_72.7439.png
pak_punjab,30.4574_72.7527.png
pak_punjab,30.4574_73.0351.png
pak_punjab,30.4574_73.2027.png
pak_punjab,30.4574_73.2061.png
pak_punjab,30.4574_73.2175.png
pak_punjab,30.4574_73.2263.png
pak_punjab,30.4574_73.3851.png
pak_punjab,30.4574_73.3939.png
pak_punjab,30.4574_73.4175.png
pak_punjab,30.4574_73.4851.png
pak_punjab,30.4574_73.5763.png
pak_punjab,30.4574_73.6527.png
pak_punjab,30.4574_73.6561.png
pak_punjab,30.4574_73.7675.png
pak_punjab,30.4574_73.8175.png
pak_punjab,30.4574_73.8351.png
pak_punjab,30.4574_73.8675.png
pak_punjab,30.4662_70.5175.png
pak_punjab,30.4662_70.8351.png
pak_punjab,30.4662_70.9263.png
pak_punjab,30.4662_71.5561.png
pak_punjab,30.4662_72.0351.png
pak_punjab,30.4662_72.0439.png
pak_punjab,30.4662_72.1940.png
pak_punjab,30.4662_72.2028.png
pak_punjab,30.4662_72.5351.png
pak_punjab,30.4662_72.5763.png
pak_punjab,30.4662_73.0528.png
pak_punjab,30.4662_73.0561.png
pak_punjab,30.4662_73.4939.png
pak_punjab,30.4662_73.5027.png
pak_punjab,30.4662_73.5061.png
pak_punjab,30.4662_73.8763.png
pak_punjab,30.4662_73.9175.png
pak_punjab,30.4750_70.4351.png
pak_punjab,30.4750_70.5175.png
pak_punjab,30.4750_70.5263.png
pak_punjab,30.4750_70.9263.png
pak_punjab,30.4750_72.0763.png
pak_punjab,30.4750_72.0851.png
pak_punjab,30.4750_72.1940.png
pak_punjab,30.4750_72.2028.png
pak_punjab,30.4750_72.3027.png
pak_punjab,30.4750_72.3061.png
pak_punjab,30.4750_72.3263.png
pak_punjab,30.4750_72.4439.png
pak_punjab,30.4750_72.4527.png
pak_punjab,30.4750_72.5263.png
pak_punjab,30.4750_72.7263.png
pak_punjab,30.4750_72.7351.png
pak_punjab,30.4750_73.0439.png
pak_punjab,30.4750_73.0528.png
pak_punjab,30.4750_73.3851.png
pak_punjab,30.4750_73.3939.png
pak_punjab,30.4750_73.4939.png
pak_punjab,30.4750_73.5027.png
pak_punjab,30.4750_73.5439.png
pak_punjab,30.4750_73.5763.png
pak_punjab,30.4750_73.5851.png
pak_punjab,30.4750_73.5939.png
pak_punjab,30.4750_73.8763.png
pak_punjab,30.4750_73.9351.png
pak_punjab,30.4838_70.5027.png
pak_punjab,30.4838_70.5263.png
pak_punjab,30.4838_70.9263.png
pak_punjab,30.4838_70.9528.png
pak_punjab,30.4838_70.9561.png
pak_punjab,30.4838_71.9561.png
pak_punjab,30.4838_71.9675.png
pak_punjab,30.4838_71.9763.png
pak_punjab,30.4838_72.2939.png
pak_punjab,30.4838_72.3175.png
pak_punjab,30.4838_72.4527.png
pak_punjab,30.4838_72.4561.png
pak_punjab,30.4838_72.5061.png
pak_punjab,30.4838_72.5175.png
pak_punjab,30.4838_72.5263.png
pak_punjab,30.4838_72.7263.png
pak_punjab,30.4838_72.7351.png
pak_punjab,30.4838_72.9263.png
pak_punjab,30.4838_73.2675.png
pak_punjab,30.4838_73.3851.png
pak_punjab,30.4838_73.3939.png
pak_punjab,30.4838_73.4561.png
pak_punjab,30.4838_73.4675.png
pak_punjab,30.4838_73.5439.png
pak_punjab,30.4838_73.5528.png
pak_punjab,30.4838_73.7263.png
pak_punjab,30.4838_73.7351.png
pak_punjab,30.4838_73.7439.png
pak_punjab,30.4838_73.7940.png
pak_punjab,30.4838_73.8028.png
pak_punjab,30.4838_73.8061.png
pak_punjab,30.4838_73.9439.png
pak_punjab,30.4926_70.4440.png
pak_punjab,30.4926_70.5027.png
pak_punjab,30.4926_70.9175.png
pak_punjab,30.4926_70.9263.png
pak_punjab,30.4926_70.9352.png
pak_punjab,30.4926_70.9440.png
pak_punjab,30.4926_70.9528.png
pak_punjab,30.4926_70.9561.png
pak_punjab,30.4926_71.9561.png
pak_punjab,30.4926_72.2939.png
pak_punjab,30.4926_72.4527.png
pak_punjab,30.4926_72.4561.png
pak_punjab,30.4926_72.6675.png
pak_punjab,30.4926_72.6763.png
pak_punjab,30.4926_72.7439.png
pak_punjab,30.4926_72.8263.png
pak_punjab,30.4926_72.8351.png
pak_punjab,30.4926_72.9263.png
pak_punjab,30.4926_73.2263.png
pak_punjab,30.4926_73.2675.png
pak_punjab,30.4926_73.4763.png
pak_punjab,30.4926_73.5263.png
pak_punjab,30.4926_73.5351.png
pak_punjab,30.4926_73.5439.png
pak_punjab,30.4926_73.5528.png
pak_punjab,30.4926_73.7263.png
pak_punjab,30.4926_73.7351.png
pak_punjab,30.4926_73.9439.png
pak_punjab,30.4926_73.9763.png
pak_punjab,30.5040_70.9352.png
pak_punjab,30.5040_71.9440.png
pak_punjab,30.5040_72.2439.png
pak_punjab,30.5040_72.2527.png
pak_punjab,30.5040_72.2675.png
pak_punjab,30.5040_72.7439.png
pak_punjab,30.5040_72.8527.png
pak_punjab,30.5040_72.9061.png
pak_punjab,30.5040_72.9763.png
pak_punjab,30.5040_73.3061.png
pak_punjab,30.5040_73.3175.png
pak_punjab,30.5040_73.3263.png
pak_punjab,30.5040_73.3351.png
pak_punjab,30.5040_73.4351.png
pak_punjab,30.5040_73.5027.png
pak_punjab,30.5040_73.5061.png
pak_punjab,30.5040_73.5175.png
pak_punjab,30.5040_73.5351.png
pak_punjab,30.5040_73.6851.png
pak_punjab,30.5075_70.4351.png
pak_punjab,30.5075_70.5763.png
pak_punjab,30.5075_70.6675.png
pak_punjab,30.5075_70.9352.png
pak_punjab,30.5075_71.9440.png
pak_punjab,30.5075_72.2263.png
pak_punjab,30.5075_72.2439.png
pak_punjab,30.5075_72.2527.png
pak_punjab,30.5075_72.2675.png
pak_punjab,30.5075_72.3263.png
pak_punjab,30.5075_72.3351.png
pak_punjab,30.5075_72.3527.png
pak_punjab,30.5075_72.4763.png
pak_punjab,30.5075_72.6939.png
pak_punjab,30.5075_72.7175.png
pak_punjab,30.5075_72.7439.png
pak_punjab,30.5075_72.8675.png
pak_punjab,30.5075_72.8763.png
pak_punjab,30.5075_72.9027.png
pak_punjab,30.5075_72.9263.png
pak_punjab,30.5075_72.9439.png
pak_punjab,30.5075_73.3175.png
pak_punjab,30.5075_73.3263.png
pak_punjab,30.5075_73.3351.png
pak_punjab,30.5075_73.4351.png
pak_punjab,30.5075_73.4851.png
pak_punjab,30.5075_73.4939.png
pak_punjab,30.5075_73.5027.png
pak_punjab,30.5075_73.5061.png
pak_punjab,30.5075_73.6175.png
pak_punjab,30.5075_73.6263.png
pak_punjab,30.5075_73.7263.png
pak_punjab,30.5075_73.9851.png
pak_punjab,30.5163_70.5527.png
pak_punjab,30.5163_70.7527.png
pak_punjab,30.5163_72.1263.png
pak_punjab,30.5163_72.1351.png
pak_punjab,30.5163_72.2263.png
pak_punjab,30.5163_72.2851.png
pak_punjab,30.5163_72.2939.png
pak_punjab,30.5163_72.3263.png
pak_punjab,30.5163_72.4527.png
pak_punjab,30.5163_72.4561.png
pak_punjab,30.5163_72.4763.png
pak_punjab,30.5163_72.6351.png
pak_punjab,30.5163_72.6439.png
pak_punjab,30.5163_72.6939.png
pak_punjab,30.5163_72.7175.png
pak_punjab,30.5163_72.7527.png
pak_punjab,30.5163_72.7561.png
pak_punjab,30.5163_72.8061.png
pak_punjab,30.5163_72.8675.png
pak_punjab,30.5163_72.9263.png
pak_punjab,30.5163_73.1175.png
pak_punjab,30.5163_73.1263.png
pak_punjab,30.5163_73.1851.png
pak_punjab,30.5163_73.1939.png
pak_punjab,30.5163_73.4561.png
pak_punjab,30.5163_73.5351.png
pak_punjab,30.5163_73.6763.png
pak_punjab,30.5163_73.7263.png
pak_punjab,30.5251_70.4440.png
pak_punjab,30.5251_70.8175.png
pak_punjab,30.5251_71.5175.png
pak_punjab,30.5251_71.5263.png
pak_punjab,30.5251_72.1263.png
pak_punjab,30.5251_72.1351.png
pak_punjab,30.5251_72.2175.png
pak_punjab,30.5251_72.2263.png
pak_punjab,30.5251_72.2527.png
pak_punjab,30.5251_72.2561.png
pak_punjab,30.5251_72.2851.png
pak_punjab,30.5251_72.2939.png
pak_punjab,30.5251_72.3027.png
pak_punjab,30.5251_72.7175.png
pak_punjab,30.5251_72.7263.png
pak_punjab,30.5251_72.7851.png
pak_punjab,30.5251_72.9263.png
pak_punjab,30.5251_73.4527.png
pak_punjab,30.5251_73.5351.png
pak_punjab,30.5251_73.7439.png
pak_punjab,30.5339_70.7028.png
pak_punjab,30.5339_70.7061.png
pak_punjab,30.5339_72.0939.png
pak_punjab,30.5339_72.1027.png
pak_punjab,30.5339_72.2175.png
pak_punjab,30.5339_72.2263.png
pak_punjab,30.5339_72.5175.png
pak_punjab,30.5339_72.7175.png
pak_punjab,30.5339_72.7263.png
pak_punjab,30.5339_72.7675.png
pak_punjab,30.5339_72.7851.png
pak_punjab,30.5339_72.8027.png
pak_punjab,30.5339_72.9263.png
pak_punjab,30.5339_72.9439.png
pak_punjab,30.5339_72.9527.png
pak_punjab,30.5339_73.1939.png
pak_punjab,30.5339_73.4263.png
pak_punjab,30.5339_73.4351.png
pak_punjab,30.5339_73.5939.png
pak_punjab,30.5339_73.7263.png
pak_punjab,30.5339_73.9527.png
pak_punjab,30.5339_73.9561.png
pak_punjab,30.5427_70.7263.png
pak_punjab,30.5427_72.1764.png
pak_punjab,30.5427_72.1852.png
pak_punjab,30.5427_72.9027.png
pak_punjab,30.5427_72.9061.png
pak_punjab,30.5427_72.9439.png
pak_punjab,30.5427_72.9527.png
pak_punjab,30.5427_73.1939.png
pak_punjab,30.5427_73.2939.png
pak_punjab,30.5427_73.3028.png
pak_punjab,30.5427_73.3061.png
pak_punjab,30.5427_73.5939.png
pak_punjab,30.5427_73.6027.png
pak_punjab,30.5427_73.6175.png
pak_punjab,30.5541_70.4351.png
pak_punjab,30.5541_70.4440.png
pak_punjab,30.5541_70.5351.png
pak_punjab,30.5541_70.5439.png
pak_punjab,30.5541_70.6763.png
pak_punjab,30.5541_71.8439.png
pak_punjab,30.5541_72.0939.png
pak_punjab,30.5541_72.1027.png
pak_punjab,30.5541_72.1061.png
pak_punjab,30.5541_72.6175.png
pak_punjab,30.5541_72.7527.png
pak_punjab,30.5541_72.7763.png
pak_punjab,30.5541_72.8351.png
pak_punjab,30.5541_72.8439.png
pak_punjab,30.5541_72.8851.png
pak_punjab,30.5541_72.9263.png
pak_punjab,30.5541_73.4527.png
pak_punjab,30.5541_73.4561.png
pak_punjab,30.5541_73.4763.png
pak_punjab,30.5541_73.5061.png
pak_punjab,30.5541_73.7175.png
pak_punjab,30.5541_73.8351.png
pak_punjab,30.5541_73.8675.png
pak_punjab,30.5574_70.4939.png
pak_punjab,30.5574_70.5351.png
pak_punjab,30.5574_70.7351.png
pak_punjab,30.5574_70.9175.png
pak_punjab,30.5574_70.9263.png
pak_punjab,30.5574_70.9352.png
pak_punjab,30.5574_71.6852.png
pak_punjab,30.5574_71.8439.png
pak_punjab,30.5574_72.0939.png
pak_punjab,30.5574_72.1027.png
pak_punjab,30.5574_72.1061.png
pak_punjab,30.5574_72.1263.png
pak_punjab,30.5574_72.4263.png
pak_punjab,30.5574_72.4351.png
pak_punjab,30.5574_72.6175.png
pak_punjab,30.5574_72.6263.png
pak_punjab,30.5574_72.7527.png
pak_punjab,30.5574_72.7763.png
pak_punjab,30.5574_72.8351.png
pak_punjab,30.5574_72.8439.png
pak_punjab,30.5574_72.8851.png
pak_punjab,30.5574_72.9263.png
pak_punjab,30.5574_73.4527.png
pak_punjab,30.5574_73.4561.png
pak_punjab,30.5574_73.5763.png
pak_punjab,30.5574_73.7940.png
pak_punjab,30.5574_73.8351.png
pak_punjab,30.5574_73.8675.png
pak_punjab,30.5662_70.4263.png
pak_punjab,30.5662_70.9175.png
pak_punjab,30.5662_70.9263.png
pak_punjab,30.5662_70.9352.png
pak_punjab,30.5662_70.9440.png
pak_punjab,30.5662_72.0439.png
pak_punjab,30.5662_72.1263.png
pak_punjab,30.5662_72.4263.png
pak_punjab,30.5662_72.4351.png
pak_punjab,30.5662_72.4439.png
pak_punjab,30.5662_72.6263.png
pak_punjab,30.5662_72.6763.png
pak_punjab,30.5662_72.8851.png
pak_punjab,30.5662_73.6439.png
pak_punjab,30.5662_73.6527.png
pak_punjab,30.5662_73.7175.png
pak_punjab,30.5662_73.7263.png
pak_punjab,30.5662_73.8351.png
pak_punjab,30.5750_70.5351.png
pak_punjab,30.5750_70.7675.png
pak_punjab,30.5750_70.9352.png
pak_punjab,30.5750_70.9440.png
pak_punjab,30.5750_71.6061.png
pak_punjab,30.5750_71.9175.png
pak_punjab,30.5750_71.9264.png
pak_punjab,30.5750_71.9352.png
pak_punjab,30.5750_72.0439.png
pak_punjab,30.5750_72.6763.png
pak_punjab,30.5750_72.8851.png
pak_punjab,30.5750_72.8939.png
pak_punjab,30.5750_72.9439.png
pak_punjab,30.5750_73.1527.png
pak_punjab,30.5750_73.1561.png
pak_punjab,30.5750_73.6439.png
pak_punjab,30.5750_73.6527.png
pak_punjab,30.5750_73.7175.png
pak_punjab,30.5750_73.8527.png
pak_punjab,30.5750_73.8561.png
pak_punjab,30.5838_70.8439.png
pak_punjab,30.5838_70.9263.png
pak_punjab,30.5838_70.9352.png
pak_punjab,30.5838_70.9440.png
pak_punjab,30.5838_71.6061.png
pak_punjab,30.5838_71.9264.png
pak_punjab,30.5838_71.9352.png
pak_punjab,30.5838_72.0263.png
pak_punjab,30.5838_72.0351.png
pak_punjab,30.5838_72.7675.png
pak_punjab,30.5838_72.7763.png
pak_punjab,30.5838_72.8851.png
pak_punjab,30.5838_72.8939.png
pak_punjab,30.5838_72.9851.png
pak_punjab,30.5838_72.9939.png
pak_punjab,30.5838_73.0763.png
pak_punjab,30.5838_73.0851.png
pak_punjab,30.5838_73.0939.png
pak_punjab,30.5838_73.1027.png
pak_punjab,30.5838_73.1263.png
pak_punjab,30.5838_73.1351.png
pak_punjab,30.5838_73.3351.png
pak_punjab,30.5838_73.7675.png
pak_punjab,30.5838_73.7763.png
pak_punjab,30.5838_73.8351.png
pak_punjab,30.5838_73.8439.png
pak_punjab,30.5838_73.8527.png
pak_punjab,30.5838_73.8561.png
pak_punjab,30.5838_73.9851.png
pak_punjab,30.5926_70.7263.png
pak_punjab,30.5926_70.7351.png
pak_punjab,30.5926_70.7561.png
pak_punjab,30.5926_70.7763.png
pak_punjab,30.5926_70.9263.png
pak_punjab,30.5926_71.9763.png
pak_punjab,30.5926_71.9851.png
pak_punjab,30.5926_73.1263.png
pak_punjab,30.5926_73.1351.png
pak_punjab,30.5926_73.2561.png
pak_punjab,30.5926_73.3351.png
pak_punjab,30.5926_73.8351.png
pak_punjab,30.5926_73.8439.png
pak_punjab,30.6040_70.5439.png
pak_punjab,30.6040_70.7561.png
pak_punjab,30.6040_70.9175.png
pak_punjab,30.6040_70.9263.png
pak_punjab,30.6040_71.6527.png
pak_punjab,30.6040_71.8263.png
pak_punjab,30.6040_71.8439.png
pak_punjab,30.6040_72.2263.png
pak_punjab,30.6040_72.9027.png
pak_punjab,30.6040_72.9061.png
pak_punjab,30.6040_72.9351.png
pak_punjab,30.6040_72.9439.png
pak_punjab,30.6040_73.0439.png
pak_punjab,30.6040_73.0675.png
pak_punjab,30.6040_73.1763.png
pak_punjab,30.6040_73.1851.png
pak_punjab,30.6040_73.1939.png
pak_punjab,30.6040_73.2027.png
pak_punjab,30.6040_73.2061.png
pak_punjab,30.6040_73.2561.png
pak_punjab,30.6040_73.3263.png
pak_punjab,30.6040_73.3439.png
pak_punjab,30.6040_73.3527.png
pak_punjab,30.6040_73.3561.png
pak_punjab,30.6040_73.3763.png
pak_punjab,30.6040_73.5263.png
pak_punjab,30.6040_73.5939.png
pak_punjab,30.6040_73.6027.png
pak_punjab,30.6040_73.7175.png
pak_punjab,30.6040_73.7561.png
pak_punjab,30.6074_70.5175.png
pak_punjab,30.6074_70.9175.png
pak_punjab,30.6074_70.9263.png
pak_punjab,30.6074_70.9352.png
pak_punjab,30.6074_71.6527.png
pak_punjab,30.6074_71.8351.png
pak_punjab,30.6074_72.0561.png
pak_punjab,30.6074_72.2263.png
pak_punjab,30.6074_72.9027.png
pak_punjab,30.6074_72.9351.png
pak_punjab,30.6074_72.9439.png
pak_punjab,30.6074_73.0675.png
pak_punjab,30.6074_73.1175.png
pak_punjab,30.6074_73.1851.png
pak_punjab,30.6074_73.1939.png
pak_punjab,30.6074_73.2027.png
pak_punjab,30.6074_73.2061.png
pak_punjab,30.6074_73.3263.png
pak_punjab,30.6074_73.3439.png
pak_punjab,30.6074_73.3527.png
pak_punjab,30.6074_73.3561.png
pak_punjab,30.6074_73.3763.png
pak_punjab,30.6074_73.4439.png
pak_punjab,30.6074_73.5263.png
pak_punjab,30.6074_73.5939.png
pak_punjab,30.6074_73.6027.png
pak_punjab,30.6074_73.7561.png
pak_punjab,30.6074_73.9939.png
pak_punjab,30.6162_70.7028.png
pak_punjab,30.6162_70.8439.png
pak_punjab,30.6162_70.9352.png
pak_punjab,30.6162_71.6561.png
pak_punjab,30.6162_71.7561.png
pak_punjab,30.6162_71.9939.png
pak_punjab,30.6162_72.0027.png
pak_punjab,30.6162_72.0561.png
pak_punjab,30.6162_72.8351.png
pak_punjab,30.6162_72.8439.png
pak_punjab,30.6162_72.8527.png
pak_punjab,30.6162_72.9439.png
pak_punjab,30.6162_73.0939.png
pak_punjab,30.6162_73.1027.png
pak_punjab,30.6162_73.1175.png
pak_punjab,30.6162_73.4527.png
pak_punjab,30.6162_73.4561.png
pak_punjab,30.6162_73.5351.png
pak_punjab,30.6162_73.6027.png
pak_punjab,30.6162_73.6061.png
pak_punjab,30.6162_73.6763.png
pak_punjab,30.6162_73.8263.png
pak_punjab,30.6162_73.9675.png
pak_punjab,30.6162_73.9939.png
pak_punjab,30.6251_70.5263.png
pak_punjab,30.6251_70.5351.png
pak_punjab,30.6251_70.6940.png
pak_punjab,30.6251_71.6561.png
pak_punjab,30.6251_72.0763.png
pak_punjab,30.6251_72.3175.png
pak_punjab,30.6251_72.3263.png
pak_punjab,30.6251_72.5263.png
pak_punjab,30.6251_72.5351.png
pak_punjab,30.6251_72.8527.png
pak_punjab,30.6251_72.8561.png
pak_punjab,30.6251_73.0851.png
pak_punjab,30.6251_73.0939.png
pak_punjab,30.6251_73.1351.png
pak_punjab,30.6251_73.3351.png
pak_punjab,30.6251_73.3527.png
pak_punjab,30.6251_73.3561.png
pak_punjab,30.6251_73.4527.png
pak_punjab,30.6251_73.4561.png
pak_punjab,30.6251_73.6027.png
pak_punjab,30.6251_73.6061.png
pak_punjab,30.6251_73.6439.png
pak_punjab,30.6251_73.9675.png
pak_punjab,30.6339_71.7439.png
pak_punjab,30.6339_72.3939.png
pak_punjab,30.6339_72.4027.png
pak_punjab,30.6339_72.5263.png
pak_punjab,30.6339_72.6439.png
pak_punjab,30.6339_72.8851.png
pak_punjab,30.6339_72.9027.png
pak_punjab,30.6339_72.9061.png
pak_punjab,30.6339_73.0851.png
pak_punjab,30.6339_73.0939.png
pak_punjab,30.6339_73.1263.png
pak_punjab,30.6339_73.1351.png
pak_punjab,30.6339_73.3351.png
pak_punjab,30.6339_73.7175.png
pak_punjab,30.6339_73.7263.png
pak_punjab,30.6339_73.8675.png
pak_punjab,30.6339_73.9263.png
pak_punjab,30.6339_74.0027.png
pak_punjab,30.6427_70.9352.png
pak_punjab,30.6427_70.9440.png
pak_punjab,30.6427_70.9528.png
pak_punjab,30.6427_71.7439.png
pak_punjab,30.6427_72.5175.png
pak_punjab,30.6427_72.6263.png
pak_punjab,30.6427_72.6351.png
pak_punjab,30.6427_72.6439.png
pak_punjab,30.6427_72.8851.png
pak_punjab,30.6427_72.9851.png
pak_punjab,30.6427_73.6527.png
pak_punjab,30.6427_73.6561.png
pak_punjab,30.6427_73.8028.png
pak_punjab,30.6427_74.0027.png
pak_punjab,30.6427_74.0061.png
pak_punjab,30.6427_74.0175.png
pak_punjab,30.6427_74.0263.png
pak_punjab,30.6541_70.4027.png
pak_punjab,30.6541_70.5027.png
pak_punjab,30.6541_70.6351.png
pak_punjab,30.6541_72.2675.png
pak_punjab,30.6541_72.3675.png
pak_punjab,30.6541_72.4175.png
pak_punjab,30.6541_72.4263.png
pak_punjab,30.6541_72.6351.png
pak_punjab,30.6541_72.6439.png
pak_punjab,30.6541_72.6527.png
pak_punjab,30.6541_72.9527.png
pak_punjab,30.6541_73.1763.png
pak_punjab,30.6541_73.2027.png
pak_punjab,30.6541_73.2061.png
pak_punjab,30.6541_73.2527.png
pak_punjab,30.6541_73.2561.png
pak_punjab,30.6541_73.5528.png
pak_punjab,30.6541_73.5561.png
pak_punjab,30.6541_73.5851.png
pak_punjab,30.6541_73.5939.png
pak_punjab,30.6541_73.6263.png
pak_punjab,30.6541_73.6351.png
pak_punjab,30.6541_73.6527.png
pak_punjab,30.6541_73.6561.png
pak_punjab,30.6541_73.6851.png
pak_punjab,30.6541_73.6939.png
pak_punjab,30.6541_74.0175.png
pak_punjab,30.6541_74.0263.png
pak_punjab,30.6575_70.5061.png
pak_punjab,30.6575_72.3675.png
pak_punjab,30.6575_72.4351.png
pak_punjab,30.6575_72.4439.png
pak_punjab,30.6575_72.6351.png
pak_punjab,30.6575_72.6439.png
pak_punjab,30.6575_72.6527.png
pak_punjab,30.6575_73.0027.png
pak_punjab,30.6575_73.0061.png
pak_punjab,30.6575_73.0175.png
pak_punjab,30.6575_73.0263.png
pak_punjab,30.6575_73.0351.png
pak_punjab,30.6575_73.1763.png
pak_punjab,30.6575_73.2027.png
pak_punjab,30.6575_73.2061.png
pak_punjab,30.6575_73.2527.png
pak_punjab,30.6575_73.2561.png
pak_punjab,30.6575_73.3851.png
pak_punjab,30.6575_73.5528.png
pak_punjab,30.6575_73.5561.png
pak_punjab,30.6575_73.6263.png
pak_punjab,30.6575_73.6351.png
pak_punjab,30.6575_73.6439.png
pak_punjab,30.6575_73.6527.png
pak_punjab,30.6575_73.6561.png
pak_punjab,30.6575_73.7061.png
pak_punjab,30.6575_73.7561.png
pak_punjab,30.6575_73.9263.png
pak_punjab,30.6575_74.0175.png
pak_punjab,30.6575_74.0263.png
pak_punjab,30.6663_71.7561.png
pak_punjab,30.6663_71.7675.png
pak_punjab,30.6663_72.0439.png
pak_punjab,30.6663_72.0527.png
pak_punjab,30.6663_72.3675.png
pak_punjab,30.6663_72.3763.png
pak_punjab,30.6663_72.4939.png
pak_punjab,30.6663_72.5027.png
pak_punjab,30.6663_73.0027.png
pak_punjab,30.6663_73.0061.png
pak_punjab,30.6663_73.0175.png
pak_punjab,30.6663_73.0263.png
pak_punjab,30.6663_73.0351.png
pak_punjab,30.6663_73.2263.png
pak_punjab,30.6663_73.2351.png
pak_punjab,30.6663_73.2763.png
pak_punjab,30.6663_73.2851.png
pak_punjab,30.6663_73.3851.png
pak_punjab,30.6663_73.5351.png
pak_punjab,30.6663_73.5851.png
pak_punjab,30.6663_73.6263.png
pak_punjab,30.6663_73.8851.png
pak_punjab,30.6663_73.9263.png
pak_punjab,30.6663_73.9763.png
pak_punjab,30.6751_71.7263.png
pak_punjab,30.6751_71.7351.png
pak_punjab,30.6751_71.7527.png
pak_punjab,30.6751_71.7561.png
pak_punjab,30.6751_72.0439.png
pak_punjab,30.6751_72.0527.png
pak_punjab,30.6751_72.3763.png
pak_punjab,30.6751_72.3851.png
pak_punjab,30.6751_72.4939.png
pak_punjab,30.6751_72.6675.png
pak_punjab,30.6751_72.6763.png
pak_punjab,30.6751_72.8061.png
pak_punjab,30.6751_73.0528.png
pak_punjab,30.6751_73.0561.png
pak_punjab,30.6751_73.1439.png
pak_punjab,30.6751_73.2263.png
pak_punjab,30.6751_73.2351.png
pak_punjab,30.6751_73.3675.png
pak_punjab,30.6751_73.3763.png
pak_punjab,30.6751_73.5851.png
pak_punjab,30.6839_70.8263.png
pak_punjab,30.6839_70.9352.png
pak_punjab,30.6839_70.9440.png
pak_punjab,30.6839_71.7263.png
pak_punjab,30.6839_71.7351.png
pak_punjab,30.6839_72.0527.png
pak_punjab,30.6839_72.0561.png
pak_punjab,30.6839_72.3061.png
pak_punjab,30.6839_72.3439.png
pak_punjab,30.6839_72.4763.png
pak_punjab,30.6839_72.4851.png
pak_punjab,30.6839_73.0439.png
pak_punjab,30.6839_73.1175.png
pak_punjab,30.6839_73.1263.png
pak_punjab,30.6839_73.1439.png
pak_punjab,30.6839_73.1527.png
pak_punjab,30.6839_73.1561.png
pak_punjab,30.6839_73.6527.png
pak_punjab,30.6839_73.6561.png
pak_punjab,30.6839_73.6851.png
pak_punjab,30.6927_70.8061.png
pak_punjab,30.6927_70.8351.png
pak_punjab,30.6927_71.7527.png
pak_punjab,30.6927_71.7561.png
pak_punjab,30.6927_72.0527.png
pak_punjab,30.6927_72.0561.png
pak_punjab,30.6927_72.2675.png
pak_punjab,30.6927_72.2763.png
pak_punjab,30.6927_72.4763.png
pak_punjab,30.6927_72.4851.png
pak_punjab,30.6927_72.6439.png
pak_punjab,30.6927_72.6527.png
pak_punjab,30.6927_72.6561.png
pak_punjab,30.6927_73.0528.png
pak_punjab,30.6927_73.0561.png
pak_punjab,30.6927_73.6027.png
pak_punjab,30.6927_73.6527.png
pak_punjab,30.6927_73.6561.png
pak_punjab,30.6927_73.6851.png
pak_punjab,30.6927_73.6939.png
pak_punjab,30.6927_73.7027.png
pak_punjab,30.6927_73.7061.png
pak_punjab,30.6927_73.8939.png
pak_punjab,30.6927_73.9027.png
pak_punjab,30.6927_73.9527.png
pak_punjab,30.6927_73.9561.png
pak_punjab,30.6927_73.9763.png
pak_punjab,30.7041_70.5061.png
pak_punjab,30.7041_70.8061.png
pak_punjab,30.7041_70.8175.png
pak_punjab,30.7041_70.9352.png
pak_punjab,30.7041_72.0527.png
pak_punjab,30.7041_72.0561.png
pak_punjab,30.7041_72.2939.png
pak_punjab,30.7041_72.3939.png
pak_punjab,30.7041_72.5351.png
pak_punjab,30.7041_72.5527.png
pak_punjab,30.7041_72.5561.png
pak_punjab,30.7041_72.5763.png
pak_punjab,30.7041_72.5851.png
pak_punjab,30.7041_72.5939.png
pak_punjab,30.7041_73.1027.png
pak_punjab,30.7041_73.1061.png
pak_punjab,30.7041_73.2675.png
pak_punjab,30.7041_73.3351.png
pak_punjab,30.7041_73.3439.png
pak_punjab,30.7041_73.4527.png
pak_punjab,30.7041_73.4561.png
pak_punjab,30.7041_73.6175.png
pak_punjab,30.7041_73.8028.png
pak_punjab,30.7041_73.8061.png
pak_punjab,30.7041_73.8675.png
pak_punjab,30.7041_74.0263.png
pak_punjab,30.7074_70.4175.png
pak_punjab,30.7074_70.5061.png
pak_punjab,30.7074_70.5351.png
pak_punjab,30.7074_70.8061.png
pak_punjab,30.7074_70.9352.png
pak_punjab,30.7074_70.9440.png
pak_punjab,30.7074_70.9939.png
pak_punjab,30.7074_71.7527.png
pak_punjab,30.7074_71.7561.png
pak_punjab,30.7074_72.0527.png
pak_punjab,30.7074_72.0561.png
pak_punjab,30.7074_72.2939.png
pak_punjab,30.7074_72.3027.png
pak_punjab,30.7074_72.3061.png
pak_punjab,30.7074_72.3561.png
pak_punjab,30.7074_72.3939.png
pak_punjab,30.7074_72.4675.png
pak_punjab,30.7074_72.4763.png
pak_punjab,30.7074_72.5351.png
pak_punjab,30.7074_72.5527.png
pak_punjab,30.7074_72.5561.png
pak_punjab,30.7074_72.5851.png
pak_punjab,30.7074_72.5939.png
pak_punjab,30.7074_72.6851.png
pak_punjab,30.7074_72.9263.png
pak_punjab,30.7074_73.1939.png
pak_punjab,30.7074_73.2675.png
pak_punjab,30.7074_73.2763.png
pak_punjab,30.7074_73.2851.png
pak_punjab,30.7074_73.2939.png
pak_punjab,30.7074_73.3351.png
pak_punjab,30.7074_73.3439.png
pak_punjab,30.7074_73.4527.png
pak_punjab,30.7074_73.4561.png
pak_punjab,30.7074_73.6175.png
pak_punjab,30.7074_73.6439.png
pak_punjab,30.7074_73.8675.png
pak_punjab,30.7074_73.9061.png
pak_punjab,30.7162_70.4027.png
pak_punjab,30.7162_70.4061.png
pak_punjab,30.7162_70.4939.png
pak_punjab,30.7162_70.7263.png
pak_punjab,30.7162_70.7351.png
pak_punjab,30.7162_70.9352.png
pak_punjab,30.7162_70.9440.png
pak_punjab,30.7162_70.9939.png
pak_punjab,30.7162_71.7675.png
pak_punjab,30.7162_71.7763.png
pak_punjab,30.7162_72.0527.png
pak_punjab,30.7162_72.0561.png
pak_punjab,30.7162_72.3027.png
pak_punjab,30.7162_72.3061.png
pak_punjab,30.7162_72.4675.png
pak_punjab,30.7162_72.4763.png
pak_punjab,30.7162_72.6351.png
pak_punjab,30.7162_72.6439.png
pak_punjab,30.7162_72.6763.png
pak_punjab,30.7162_72.6851.png
pak_punjab,30.7162_73.1175.png
pak_punjab,30.7162_73.1351.png
pak_punjab,30.7162_73.1939.png
pak_punjab,30.7162_73.2561.png
pak_punjab,30.7162_73.2763.png
pak_punjab,30.7162_73.2851.png
pak_punjab,30.7162_73.2939.png
pak_punjab,30.7162_73.6263.png
pak_punjab,30.7162_73.6527.png
pak_punjab,30.7162_73.8028.png
pak_punjab,30.7162_73.8061.png
pak_punjab,30.7162_73.8175.png
pak_punjab,30.7250_70.4027.png
pak_punjab,30.7250_70.4061.png
pak_punjab,30.7250_70.4263.png
pak_punjab,30.7250_70.5175.png
pak_punjab,30.7250_70.5675.png
pak_punjab,30.7250_70.5763.png
pak_punjab,30.7250_70.5939.png
pak_punjab,30.7250_70.6027.png
pak_punjab,30.7250_70.6061.png
pak_punjab,30.7250_70.6940.png
pak_punjab,30.7250_71.9851.png
pak_punjab,30.7250_72.0351.png
pak_punjab,30.7250_72.0439.png
pak_punjab,30.7250_72.3027.png
pak_punjab,30.7250_72.3061.png
pak_punjab,30.7250_72.3939.png
pak_punjab,30.7250_72.4027.png
pak_punjab,30.7250_72.4527.png
pak_punjab,30.7250_72.4561.png
pak_punjab,30.7250_73.0263.png
pak_punjab,30.7250_73.1175.png
pak_punjab,30.7250_73.1351.png
pak_punjab,30.7250_73.1439.png
pak_punjab,30.7250_73.2561.png
pak_punjab,30.7250_73.6263.png
pak_punjab,30.7250_73.6527.png
pak_punjab,30.7250_73.8439.png
pak_punjab,30.7250_73.8527.png
pak_punjab,30.7338_70.4939.png
pak_punjab,30.7338_70.5675.png
pak_punjab,30.7338_70.9175.png
pak_punjab,30.7338_70.9675.png
pak_punjab,30.7338_71.9763.png
pak_punjab,30.7338_71.9851.png
pak_punjab,30.7338_72.0351.png
pak_punjab,30.7338_72.5939.png
pak_punjab,30.7338_72.6027.png
pak_punjab,30.7338_72.6351.png
pak_punjab,30.7338_72.6675.png
pak_punjab,30.7338_73.0528.png
pak_punjab,30.7338_73.0561.png
pak_punjab,30.7338_73.0763.png
pak_punjab,30.7338_73.2939.png
pak_punjab,30.7338_73.3028.png
pak_punjab,30.7338_73.3175.png
pak_punjab,30.7338_73.3263.png
pak_punjab,30.7338_73.7675.png
pak_punjab,30.7338_73.7763.png
pak_punjab,30.7338_73.8351.png
pak_punjab,30.7338_73.8439.png
pak_punjab,30.7338_74.0440.png
pak_punjab,30.7426_70.5675.png
pak_punjab,30.7426_70.7439.png
pak_punjab,30.7426_70.7527.png
pak_punjab,30.7426_70.7675.png
pak_punjab,30.7426_70.9675.png
pak_punjab,30.7426_72.4263.png
pak_punjab,30.7426_72.4351.png
pak_punjab,30.7426_72.6175.png
pak_punjab,30.7426_72.6263.png
pak_punjab,30.7426_72.6351.png
pak_punjab,30.7426_72.6675.png
pak_punjab,30.7426_73.0763.png
pak_punjab,30.7426_73.3175.png
pak_punjab,30.7426_73.3263.png
pak_punjab,30.7540_70.5351.png
pak_punjab,30.7540_70.5851.png
pak_punjab,30.7540_70.5939.png
pak_punjab,30.7540_70.7263.png
pak_punjab,30.7540_71.6675.png
pak_punjab,30.7540_71.7851.png
pak_punjab,30.7540_71.7939.png
pak_punjab,30.7540_71.8027.png
pak_punjab,30.7540_72.0527.png
pak_punjab,30.7540_72.0561.png
pak_punjab,30.7540_72.5675.png
pak_punjab,30.7540_72.5763.png
pak_punjab,30.7540_73.1939.png
pak_punjab,30.7540_73.2763.png
pak_punjab,30.7540_73.4351.png
pak_punjab,30.7540_73.4439.png
pak_punjab,30.7540_73.4527.png
pak_punjab,30.7540_73.5763.png
pak_punjab,30.7540_73.7940.png
pak_punjab,30.7540_73.8028.png
pak_punjab,30.7540_73.8175.png
pak_punjab,30.7540_73.8263.png
pak_punjab,30.7540_73.8351.png
pak_punjab,30.7540_73.8439.png
pak_punjab,30.7540_73.9439.png
pak_punjab,30.7575_70.5527.png
pak_punjab,30.7575_70.7263.png
pak_punjab,30.7575_70.7351.png
pak_punjab,30.7575_70.9561.png
pak_punjab,30.7575_71.0061.png
pak_punjab,30.7575_71.0175.png
pak_punjab,30.7575_71.0527.png
pak_punjab,30.7575_71.0561.png
pak_punjab,30.7575_71.7939.png
pak_punjab,30.7575_71.8027.png
pak_punjab,30.7575_72.0527.png
pak_punjab,30.7575_72.0561.png
pak_punjab,30.7575_72.4675.png
pak_punjab,30.7575_72.5763.png
pak_punjab,30.7575_73.0675.png
pak_punjab,30.7575_73.1939.png
pak_punjab,30.7575_73.2763.png
pak_punjab,30.7575_73.4351.png
pak_punjab,30.7575_73.5763.png
pak_punjab,30.7575_73.7940.png
pak_punjab,30.7575_73.8028.png
pak_punjab,30.7575_73.8175.png
pak_punjab,30.7575_73.8263.png
pak_punjab,30.7575_73.8351.png
pak_punjab,30.7575_73.9027.png
pak_punjab,30.7575_73.9061.png
pak_punjab,30.7575_73.9763.png
pak_punjab,30.7663_70.4027.png
pak_punjab,30.7663_70.5675.png
pak_punjab,30.7663_70.6561.png
pak_punjab,30.7663_70.6675.png
pak_punjab,30.7663_70.7263.png
pak_punjab,30.7663_70.7675.png
pak_punjab,30.7663_70.9561.png
pak_punjab,30.7663_71.0061.png
pak_punjab,30.7663_71.0175.png
pak_punjab,30.7663_71.0527.png
pak_punjab,30.7663_71.0561.png
pak_punjab,30.7663_71.7561.png
pak_punjab,30.7663_72.0351.png
pak_punjab,30.7663_72.0439.png
pak_punjab,30.7663_72.0527.png
pak_punjab,30.7663_72.0561.png
pak_punjab,30.7663_72.4675.png
pak_punjab,30.7663_72.5527.png
pak_punjab,30.7663_72.5561.png
pak_punjab,30.7663_73.0675.png
pak_punjab,30.7663_73.1351.png
pak_punjab,30.7663_73.2763.png
pak_punjab,30.7663_73.2939.png
pak_punjab,30.7663_73.3028.png
pak_punjab,30.7663_73.3175.png
pak_punjab,30.7663_73.3263.png
pak_punjab,30.7663_73.3851.png
pak_punjab,30.7663_73.4439.png
pak_punjab,30.7663_73.4527.png
pak_punjab,30.7663_73.4561.png
pak_punjab,30.7663_73.4675.png
pak_punjab,30.7663_73.4763.png
pak_punjab,30.7663_73.5528.png
pak_punjab,30.7663_73.5561.png
pak_punjab,30.7663_73.7263.png
pak_punjab,30.7663_73.7940.png
pak_punjab,30.7663_73.8028.png
pak_punjab,30.7663_73.9763.png
pak_punjab,30.7751_70.6561.png
pak_punjab,30.7751_70.6675.png
pak_punjab,30.7751_70.6852.png
pak_punjab,30.7751_70.7351.png
pak_punjab,30.7751_70.8527.png
pak_punjab,30.7751_71.8263.png
pak_punjab,30.7751_72.4675.png
pak_punjab,30.7751_73.1351.png
pak_punjab,30.7751_73.2527.png
pak_punjab,30.7751_73.2561.png
pak_punjab,30.7751_73.2763.png
pak_punjab,30.7751_73.2939.png
pak_punjab,30.7751_73.3028.png
pak_punjab,30.7751_73.4439.png
pak_punjab,30.7751_73.4527.png
pak_punjab,30.7751_73.4763.png
pak_punjab,30.7751_73.4851.png
pak_punjab,30.7751_73.5528.png
pak_punjab,30.7751_73.5561.png
pak_punjab,30.7751_73.7940.png
pak_punjab,30.7751_73.8028.png
pak_punjab,30.7839_70.3939.png
pak_punjab,30.7839_70.7351.png
pak_punjab,30.7839_70.9175.png
pak_punjab,30.7839_73.2439.png
pak_punjab,30.7839_73.3263.png
pak_punjab,30.7839_73.4527.png
pak_punjab,30.7839_73.4561.png
pak_punjab,30.7839_73.4763.png
pak_punjab,30.7839_73.4851.png
pak_punjab,30.7839_73.6763.png
pak_punjab,30.7839_73.7439.png
pak_punjab,30.7927_70.7263.png
pak_punjab,30.7927_70.7527.png
pak_punjab,30.7927_70.9175.png
pak_punjab,30.7927_70.9263.png
pak_punjab,30.7927_70.9352.png
pak_punjab,30.7927_73.2351.png
pak_punjab,30.7927_73.3263.png
pak_punjab,30.7927_73.3561.png
pak_punjab,30.7927_73.4527.png
pak_punjab,30.7927_73.4561.png
pak_punjab,30.7927_73.4763.png
pak_punjab,30.7927_73.4851.png
pak_punjab,30.7927_73.5528.png
pak_punjab,30.7927_73.5561.png
pak_punjab,30.7927_73.9763.png
pak_punjab,30.8041_70.9175.png
pak_punjab,30.8041_70.9440.png
pak_punjab,30.8041_71.0263.png
pak_punjab,30.8041_71.8527.png
pak_punjab,30.8041_71.8561.png
pak_punjab,30.8041_72.0527.png
pak_punjab,30.8041_72.0561.png
pak_punjab,30.8041_72.0851.png
pak_punjab,30.8041_72.2851.png
pak_punjab,30.8041_72.2939.png
pak_punjab,30.8041_72.3027.png
pak_punjab,30.8041_72.3061.png
pak_punjab,30.8041_72.3351.png
pak_punjab,30.8041_72.3439.png
pak_punjab,30.8041_73.1027.png
pak_punjab,30.8041_73.1061.png
pak_punjab,30.8041_73.1351.png
pak_punjab,30.8041_73.1675.png
pak_punjab,30.8041_73.1763.png
pak_punjab,30.8041_73.1851.png
pak_punjab,30.8041_73.4763.png
pak_punjab,30.8041_73.4851.png
pak_punjab,30.8041_73.5175.png
pak_punjab,30.8041_73.5263.png
pak_punjab,30.8041_73.5351.png
pak_punjab,30.8041_73.5939.png
pak_punjab,30.8041_73.6027.png
pak_punjab,30.8041_73.7561.png
pak_punjab,30.8041_73.8851.png
pak_punjab,30.8041_73.9939.png
pak_punjab,30.8074_70.6763.png
pak_punjab,30.8074_70.7351.png
pak_punjab,30.8074_70.7561.png
pak_punjab,30.8074_70.9175.png
pak_punjab,30.8074_70.9263.png
pak_punjab,30.8074_70.9352.png
pak_punjab,30.8074_70.9440.png
pak_punjab,30.8074_71.0263.png
pak_punjab,30.8074_71.8527.png
pak_punjab,30.8074_71.8561.png
pak_punjab,30.8074_72.0527.png
pak_punjab,30.8074_72.0561.png
pak_punjab,30.8074_72.0851.png
pak_punjab,30.8074_72.2763.png
pak_punjab,30.8074_72.2851.png
pak_punjab,30.8074_72.2939.png
pak_punjab,30.8074_72.3027.png
pak_punjab,30.8074_72.3061.png
pak_punjab,30.8074_72.3351.png
pak_punjab,30.8074_72.3439.png
pak_punjab,30.8074_72.7939.png
pak_punjab,30.8074_72.8027.png
pak_punjab,30.8074_73.0939.png
pak_punjab,30.8074_73.1027.png
pak_punjab,30.8074_73.1675.png
pak_punjab,30.8074_73.1763.png
pak_punjab,30.8074_73.1851.png
pak_punjab,30.8074_73.3675.png
pak_punjab,30.8074_73.4763.png
pak_punjab,30.8074_73.4851.png
pak_punjab,30.8074_73.5175.png
pak_punjab,30.8074_73.5263.png
pak_punjab,30.8074_73.5351.png
pak_punjab,30.8074_73.5939.png
pak_punjab,30.8074_73.7561.png
pak_punjab,30.8074_73.8851.png
pak_punjab,30.8074_73.9439.png
pak_punjab,30.8162_70.3263.png
pak_punjab,30.8162_70.6763.png
pak_punjab,30.8162_70.7028.png
pak_punjab,30.8162_70.7061.png
pak_punjab,30.8162_70.7675.png
pak_punjab,30.8162_70.7763.png
pak_punjab,30.8162_70.7851.png
pak_punjab,30.8162_70.7939.png
pak_punjab,30.8162_70.8351.png
pak_punjab,30.8162_70.8439.png
pak_punjab,30.8162_70.9352.png
pak_punjab,30.8162_70.9440.png
pak_punjab,30.8162_70.9851.png
pak_punjab,30.8162_71.8263.png
pak_punjab,30.8162_71.8351.png
pak_punjab,30.8162_71.8439.png
pak_punjab,30.8162_72.0939.png
pak_punjab,30.8162_72.1676.png
pak_punjab,30.8162_72.2763.png
pak_punjab,30.8162_72.4061.png
pak_punjab,30.8162_72.8027.png
pak_punjab,30.8162_72.8061.png
pak_punjab,30.8162_72.8851.png
pak_punjab,30.8162_73.1675.png
pak_punjab,30.8162_73.1763.png
pak_punjab,30.8162_73.5263.png
pak_punjab,30.8162_73.5351.png
pak_punjab,30.8162_73.9027.png
pak_punjab,30.8162_73.9061.png
pak_punjab,30.8250_70.7439.png
pak_punjab,30.8250_70.7763.png
pak_punjab,30.8250_70.9528.png
pak_punjab,30.8250_70.9561.png
pak_punjab,30.8250_71.8527.png
pak_punjab,30.8250_72.0027.png
pak_punjab,30.8250_72.0061.png
pak_punjab,30.8250_72.0527.png
pak_punjab,30.8250_72.0561.png
pak_punjab,30.8250_72.1027.png
pak_punjab,30.8250_72.1061.png
pak_punjab,30.8250_72.1676.png
pak_punjab,30.8250_72.4027.png
pak_punjab,30.8250_72.4061.png
pak_punjab,30.8250_72.7851.png
pak_punjab,30.8250_72.8851.png
pak_punjab,30.8250_72.8939.png
pak_punjab,30.8250_73.2027.png
pak_punjab,30.8250_73.2061.png
pak_punjab,30.8250_73.2763.png
pak_punjab,30.8250_73.5263.png
pak_punjab,30.8338_70.7675.png
pak_punjab,30.8338_70.9352.png
pak_punjab,30.8338_70.9440.png
pak_punjab,30.8338_70.9528.png
pak_punjab,30.8338_70.9561.png
pak_punjab,30.8338_71.8527.png
pak_punjab,30.8338_71.8939.png
pak_punjab,30.8338_72.0527.png
pak_punjab,30.8338_72.0561.png
pak_punjab,30.8338_72.4027.png
pak_punjab,30.8338_72.4061.png
pak_punjab,30.8338_72.4763.png
pak_punjab,30.8338_72.4851.png
pak_punjab,30.8338_72.4939.png
pak_punjab,30.8338_72.5027.png
pak_punjab,30.8338_72.8027.png
pak_punjab,30.8338_72.8061.png
pak_punjab,30.8338_72.8175.png
pak_punjab,30.8338_73.2763.png
pak_punjab,30.8338_73.3561.png
pak_punjab,30.8338_73.5528.png
pak_punjab,30.8338_73.5561.png
pak_punjab,30.8338_73.5939.png
pak_punjab,30.8338_73.6027.png
pak_punjab,30.8338_73.7940.png
pak_punjab,30.8338_73.8028.png
pak_punjab,30.8338_73.8061.png
pak_punjab,30.8338_73.8351.png
pak_punjab,30.8426_70.7527.png
pak_punjab,30.8426_70.9528.png
pak_punjab,30.8426_70.9561.png
pak_punjab,30.8426_71.0351.png
pak_punjab,30.8426_71.0439.png
pak_punjab,30.8426_71.8527.png
pak_punjab,30.8426_71.8561.png
pak_punjab,30.8426_71.8939.png
pak_punjab,30.8426_72.0675.png
pak_punjab,30.8426_72.0763.png
pak_punjab,30.8426_72.4763.png
pak_punjab,30.8426_72.7851.png
pak_punjab,30.8426_72.7939.png
pak_punjab,30.8426_72.8175.png
pak_punjab,30.8426_73.2527.png
pak_punjab,30.8426_73.2561.png
pak_punjab,30.8426_73.5528.png
pak_punjab,30.8426_73.5561.png
pak_punjab,30.8426_73.5675.png
pak_punjab,30.8426_73.5939.png
pak_punjab,30.8426_73.6027.png
pak_punjab,30.8426_73.6439.png
pak_punjab,30.8426_73.6527.png
pak_punjab,30.8426_73.6561.png
pak_punjab,30.8426_73.6851.png
pak_punjab,30.8426_73.7263.png
pak_punjab,30.8426_73.8351.png
pak_punjab,30.8426_73.9175.png
pak_punjab,30.8426_73.9675.png
pak_punjab,30.8426_73.9763.png
pak_punjab,30.8426_73.9851.png
pak_punjab,30.8426_74.0027.png
pak_punjab,30.8426_74.0061.png
pak_punjab,30.8540_70.4175.png
pak_punjab,30.8540_70.5061.png
pak_punjab,30.8540_70.5175.png
pak_punjab,30.8540_70.7561.png
pak_punjab,30.8540_70.7851.png
pak_punjab,30.8540_70.9263.png
pak_punjab,30.8540_71.0175.png
pak_punjab,30.8540_72.0763.png
pak_punjab,30.8540_72.0939.png
pak_punjab,30.8540_72.2439.png
pak_punjab,30.8540_72.2527.png
pak_punjab,30.8540_72.2561.png
pak_punjab,30.8540_72.2675.png
pak_punjab,30.8540_72.3939.png
pak_punjab,30.8540_72.4027.png
pak_punjab,30.8540_72.5763.png
pak_punjab,30.8540_73.0263.png
pak_punjab,30.8540_73.0351.png
pak_punjab,30.8540_73.1851.png
pak_punjab,30.8540_73.2263.png
pak_punjab,30.8540_73.3061.png
pak_punjab,30.8540_73.5939.png
pak_punjab,30.8540_73.6027.png
pak_punjab,30.8540_73.7263.png
pak_punjab,30.8540_73.7351.png
pak_punjab,30.8540_73.9939.png
pak_punjab,30.8540_74.0027.png
pak_punjab,30.8540_74.0061.png
pak_punjab,30.8540_74.0175.png
pak_punjab,30.8540_74.0263.png
pak_punjab,30.8574_70.4528.png
pak_punjab,30.8574_70.4763.png
pak_punjab,30.8574_70.4939.png
pak_punjab,30.8574_70.5027.png
pak_punjab,30.8574_70.7561.png
pak_punjab,30.8574_70.7763.png
pak_punjab,30.8574_70.7851.png
pak_punjab,30.8574_70.9263.png
pak_punjab,30.8574_71.0175.png
pak_punjab,30.8574_72.0763.png
pak_punjab,30.8574_72.0939.png
pak_punjab,30.8574_72.2439.png
pak_punjab,30.8574_72.2527.png
pak_punjab,30.8574_72.2561.png
pak_punjab,30.8574_72.2675.png
pak_punjab,30.8574_72.5763.png
pak_punjab,30.8574_73.0263.png
pak_punjab,30.8574_73.0351.png
pak_punjab,30.8574_73.2263.png
pak_punjab,30.8574_73.3028.png
pak_punjab,30.8574_73.6527.png
pak_punjab,30.8574_73.6561.png
pak_punjab,30.8574_73.7263.png
pak_punjab,30.8574_73.7351.png
pak_punjab,30.8574_73.8561.png
pak_punjab,30.8574_73.9675.png
pak_punjab,30.8574_73.9763.png
pak_punjab,30.8574_73.9939.png
pak_punjab,30.8574_74.0027.png
pak_punjab,30.8574_74.0175.png
pak_punjab,30.8574_74.0263.png
pak_punjab,30.8662_70.5061.png
pak_punjab,30.8662_70.5175.png
pak_punjab,30.8662_70.7675.png
pak_punjab,30.8662_70.7763.png
pak_punjab,30.8662_70.7851.png
pak_punjab,30.8662_70.8675.png
pak_punjab,30.8662_71.0675.png
pak_punjab,30.8662_71.0763.png
pak_punjab,30.8662_71.8527.png
pak_punjab,30.8662_71.8561.png
pak_punjab,30.8662_72.0939.png
pak_punjab,30.8662_72.1027.png
pak_punjab,30.8662_72.3851.png
pak_punjab,30.8662_72.3939.png
pak_punjab,30.8662_72.5561.png
pak_punjab,30.8662_72.5675.png
pak_punjab,30.8662_72.5763.png
pak_punjab,30.8662_72.8175.png
pak_punjab,30.8662_72.8263.png
pak_punjab,30.8662_73.1763.png
pak_punjab,30.8662_73.3263.png
pak_punjab,30.8662_73.3763.png
pak_punjab,30.8662_73.4939.png
pak_punjab,30.8662_73.5027.png
pak_punjab,30.8662_73.7263.png
pak_punjab,30.8662_73.7351.png
pak_punjab,30.8662_73.9675.png
pak_punjab,30.8662_73.9763.png
pak_punjab,30.8662_74.0263.png
pak_punjab,30.8751_70.5027.png
pak_punjab,30.8751_70.5061.png
pak_punjab,30.8751_70.5175.png
pak_punjab,30.8751_70.8675.png
pak_punjab,30.8751_71.8561.png
pak_punjab,30.8751_72.3851.png
pak_punjab,30.8751_72.5351.png
pak_punjab,30.8751_72.5439.png
pak_punjab,30.8751_72.8263.png
pak_punjab,30.8751_72.8851.png
pak_punjab,30.8751_73.1675.png
pak_punjab,30.8751_73.7439.png
pak_punjab,30.8839_70.4027.png
pak_punjab,30.8839_70.4440.png
pak_punjab,30.8839_70.4561.png
pak_punjab,30.8839_70.5027.png
pak_punjab,30.8839_70.5061.png
pak_punjab,30.8839_70.5175.png
pak_punjab,30.8839_70.6852.png
pak_punjab,30.8839_70.6940.png
pak_punjab,30.8839_70.9352.png
pak_punjab,30.8839_70.9440.png
pak_punjab,30.8839_71.8561.png
pak_punjab,30.8839_71.8675.png
pak_punjab,30.8839_71.8763.png
pak_punjab,30.8839_72.4175.png
pak_punjab,30.8839_72.4263.png
pak_punjab,30.8839_72.5351.png
pak_punjab,30.8839_72.6763.png
pak_punjab,30.8839_72.6851.png
pak_punjab,30.8839_72.7263.png
pak_punjab,30.8839_72.7351.png
pak_punjab,30.8839_72.8851.png
pak_punjab,30.8839_72.9263.png
pak_punjab,30.8839_72.9351.png
pak_punjab,30.8839_73.0851.png
pak_punjab,30.8839_73.0939.png
pak_punjab,30.8839_73.4027.png
pak_punjab,30.8839_73.4061.png
pak_punjab,30.8839_73.4175.png
pak_punjab,30.8839_73.6527.png
pak_punjab,30.8839_73.6561.png
pak_punjab,30.8927_70.4939.png
pak_punjab,30.8927_70.5027.png
pak_punjab,30.8927_70.5061.png
pak_punjab,30.8927_70.6940.png
pak_punjab,30.8927_70.9263.png
pak_punjab,30.8927_70.9352.png
pak_punjab,30.8927_70.9440.png
pak_punjab,30.8927_71.8675.png
pak_punjab,30.8927_71.8763.png
pak_punjab,30.8927_72.4263.png
pak_punjab,30.8927_72.6763.png
pak_punjab,30.8927_72.9263.png
pak_punjab,30.8927_72.9351.png
pak_punjab,30.8927_72.9439.png
pak_punjab,30.8927_73.0763.png
pak_punjab,30.8927_73.0851.png
pak_punjab,30.8927_73.0939.png
pak_punjab,30.8927_73.5027.png
pak_punjab,30.8927_73.5061.png
pak_punjab,30.8927_73.6939.png
pak_punjab,30.8927_73.7027.png
pak_punjab,30.8927_73.7061.png
pak_punjab,30.8927_73.9027.png
pak_punjab,30.8927_73.9061.png
pak_punjab,30.9041_70.4675.png
pak_punjab,30.9041_70.9352.png
pak_punjab,30.9041_70.9939.png
pak_punjab,30.9041_71.8027.png
pak_punjab,30.9041_71.8061.png
pak_punjab,30.9041_71.8263.png
pak_punjab,30.9041_72.1175.png
pak_punjab,30.9041_72.2439.png
pak_punjab,30.9041_72.4027.png
pak_punjab,30.9041_72.4061.png
pak_punjab,30.9041_72.4439.png
pak_punjab,30.9041_72.5027.png
pak_punjab,30.9041_72.5061.png
pak_punjab,30.9041_72.6175.png
pak_punjab,30.9041_72.6263.png
pak_punjab,30.9041_72.6439.png
pak_punjab,30.9041_72.7175.png
pak_punjab,30.9041_72.7263.png
pak_punjab,30.9041_72.7351.png
pak_punjab,30.9041_72.7763.png
pak_punjab,30.9041_72.7851.png
pak_punjab,30.9041_72.7939.png
pak_punjab,30.9041_72.8027.png
pak_punjab,30.9041_72.8061.png
pak_punjab,30.9041_73.0027.png
pak_punjab,30.9041_73.0061.png
pak_punjab,30.9041_73.3175.png
pak_punjab,30.9041_73.3263.png
pak_punjab,30.9041_73.3351.png
pak_punjab,30.9041_73.3851.png
pak_punjab,30.9041_73.3939.png
pak_punjab,30.9041_73.5061.png
pak_punjab,30.9041_73.5939.png
pak_punjab,30.9041_73.6675.png
pak_punjab,30.9041_73.6763.png
pak_punjab,30.9041_73.7027.png
pak_punjab,30.9041_73.7061.png
pak_punjab,30.9041_73.7851.png
pak_punjab,30.9041_73.7940.png
pak_punjab,30.9075_70.5175.png
pak_punjab,30.9075_70.9352.png
pak_punjab,30.9075_70.9851.png
pak_punjab,30.9075_70.9939.png
pak_punjab,30.9075_71.8027.png
pak_punjab,30.9075_71.8061.png
pak_punjab,30.9075_71.8263.png
pak_punjab,30.9075_71.9175.png
pak_punjab,30.9075_72.1175.png
pak_punjab,30.9075_72.2439.png
pak_punjab,30.9075_72.4027.png
pak_punjab,30.9075_72.4061.png
pak_punjab,30.9075_72.4439.png
pak_punjab,30.9075_72.5027.png
pak_punjab,30.9075_72.5061.png
pak_punjab,30.9075_72.6175.png
pak_punjab,30.9075_72.6263.png
pak_punjab,30.9075_72.6439.png
pak_punjab,30.9075_72.7175.png
pak_punjab,30.9075_72.7263.png
pak_punjab,30.9075_72.7351.png
pak_punjab,30.9075_72.7763.png
pak_punjab,30.9075_72.7851.png
pak_punjab,30.9075_73.0027.png
pak_punjab,30.9075_73.0061.png
pak_punjab,30.9075_73.3175.png
pak_punjab,30.9075_73.3263.png
pak_punjab,30.9075_73.3351.png
pak_punjab,30.9075_73.5061.png
pak_punjab,30.9075_73.5939.png
pak_punjab,30.9075_73.6675.png
pak_punjab,30.9075_73.7027.png
pak_punjab,30.9075_73.7061.png
pak_punjab,30.9163_70.5027.png
pak_punjab,30.9163_70.6351.png
pak_punjab,30.9163_70.9352.png
pak_punjab,30.9163_70.9851.png
pak_punjab,30.9163_70.9939.png
pak_punjab,30.9163_71.9027.png
pak_punjab,30.9163_71.9061.png
pak_punjab,30.9163_71.9264.png
pak_punjab,30.9163_72.2527.png
pak_punjab,30.9163_72.2561.png
pak_punjab,30.9163_72.5027.png
pak_punjab,30.9163_72.5061.png
pak_punjab,30.9163_72.6061.png
pak_punjab,30.9163_72.6175.png
pak_punjab,30.9163_72.8527.png
pak_punjab,30.9163_72.8561.png
pak_punjab,30.9163_72.8675.png
pak_punjab,30.9163_72.8763.png
pak_punjab,30.9163_72.8851.png
pak_punjab,30.9163_73.0027.png
pak_punjab,30.9163_73.0061.png
pak_punjab,30.9163_73.8263.png
pak_punjab,30.9163_73.8351.png
pak_punjab,30.9251_70.4528.png
pak_punjab,30.9251_70.4675.png
pak_punjab,30.9251_70.9352.png
pak_punjab,30.9251_71.8851.png
pak_punjab,30.9251_72.6061.png
pak_punjab,30.9251_72.8675.png
pak_punjab,30.9251_72.9763.png
pak_punjab,30.9251_73.3263.png
pak_punjab,30.9251_73.7439.png
pak_punjab,30.9251_73.7527.png
pak_punjab,30.9251_73.8263.png
pak_punjab,30.9251_73.8351.png
pak_punjab,30.9339_70.4528.png
pak_punjab,30.9339_70.4561.png
pak_punjab,30.9339_70.4675.png
pak_punjab,30.9339_70.9528.png
pak_punjab,30.9339_70.9561.png
pak_punjab,30.9339_71.8763.png
pak_punjab,30.9339_71.8939.png
pak_punjab,30.9339_72.5175.png
pak_punjab,30.9339_72.9763.png
pak_punjab,30.9339_73.3263.png
pak_punjab,30.9339_73.4527.png
pak_punjab,30.9339_73.4561.png
pak_punjab,30.9339_73.5439.png
pak_punjab,30.9339_73.5851.png
pak_punjab,30.9339_73.5939.png
pak_punjab,30.9339_73.6027.png
pak_punjab,30.9339_73.6061.png
pak_punjab,30.9339_73.7561.png
pak_punjab,30.9339_73.7851.png
pak_punjab,30.9339_73.7940.png
pak_punjab,30.9339_73.8028.png
pak_punjab,30.9339_73.8175.png
pak_punjab,30.9339_73.8263.png
pak_punjab,30.9427_70.9440.png
pak_punjab,30.9427_70.9528.png
pak_punjab,30.9427_70.9561.png
pak_punjab,30.9427_71.8939.png
pak_punjab,30.9427_71.9939.png
pak_punjab,30.9427_72.0027.png
pak_punjab,30.9427_72.1351.png
pak_punjab,30.9427_72.1439.png
pak_punjab,30.9427_72.2028.png
pak_punjab,30.9427_72.4351.png
pak_punjab,30.9427_72.4439.png
pak_punjab,30.9427_72.4527.png
pak_punjab,30.9427_72.5527.png
pak_punjab,30.9427_72.5561.png
pak_punjab,30.9427_73.0027.png
pak_punjab,30.9427_73.0061.png
pak_punjab,30.9427_73.5263.png
pak_punjab,30.9427_73.5351.png
pak_punjab,30.9427_73.5439.png
pak_punjab,30.9427_73.7940.png
pak_punjab,30.9427_73.8028.png
pak_punjab,30.9427_73.8175.png
pak_punjab,30.9427_73.8263.png
pak_punjab,30.9427_73.8527.png
pak_punjab,30.9427_73.8561.png
pak_punjab,30.9427_73.8939.png
pak_punjab,30.9427_73.9027.png
pak_punjab,30.9541_70.4175.png
pak_punjab,30.9541_70.4263.png
pak_punjab,30.9541_70.5561.png
pak_punjab,30.9541_70.5763.png
pak_punjab,30.9541_70.6852.png
pak_punjab,30.9541_70.6940.png
pak_punjab,30.9541_70.7851.png
pak_punjab,30.9541_70.9263.png
pak_punjab,30.9541_70.9352.png
pak_punjab,30.9541_71.9027.png
pak_punjab,30.9541_71.9061.png
pak_punjab,30.9541_71.9352.png
pak_punjab,30.9541_72.1852.png
pak_punjab,30.9541_72.4939.png
pak_punjab,30.9541_72.5027.png
pak_punjab,30.9541_72.5061.png
pak_punjab,30.9541_72.6851.png
pak_punjab,30.9541_72.8675.png
pak_punjab,30.9541_72.8763.png
pak_punjab,30.9541_72.8851.png
pak_punjab,30.9541_73.0175.png
pak_punjab,30.9541_73.0263.png
pak_punjab,30.9541_73.1027.png
pak_punjab,30.9541_73.3028.png
pak_punjab,30.9541_73.3061.png
pak_punjab,30.9541_73.3175.png
pak_punjab,30.9541_73.4351.png
pak_punjab,30.9541_73.4439.png
pak_punjab,30.9541_73.4527.png
pak_punjab,30.9541_73.4561.png
pak_punjab,30.9541_73.7675.png
pak_punjab,30.9541_73.7763.png
pak_punjab,30.9541_73.7940.png
pak_punjab,30.9541_73.8028.png
pak_punjab,30.9541_73.8061.png
pak_punjab,30.9541_73.8175.png
pak_punjab,30.9574_70.4175.png
pak_punjab,30.9574_70.4263.png
pak_punjab,30.9574_70.4440.png
pak_punjab,30.9574_70.4528.png
pak_punjab,30.9574_70.4561.png
pak_punjab,30.9574_70.5675.png
pak_punjab,30.9574_70.6852.png
pak_punjab,30.9574_70.6940.png
pak_punjab,30.9574_70.7028.png
pak_punjab,30.9574_71.9352.png
pak_punjab,30.9574_72.1852.png
pak_punjab,30.9574_72.4939.png
pak_punjab,30.9574_72.5027.png
pak_punjab,30.9574_72.5061.png
pak_punjab,30.9574_72.6851.png
pak_punjab,30.9574_72.8851.png
pak_punjab,30.9574_73.0175.png
pak_punjab,30.9574_73.0263.png
pak_punjab,30.9574_73.1027.png
pak_punjab,30.9574_73.3028.png
pak_punjab,30.9574_73.3061.png
pak_punjab,30.9574_73.3175.png
pak_punjab,30.9574_73.4527.png
pak_punjab,30.9574_73.4561.png
pak_punjab,30.9574_73.7675.png
pak_punjab,30.9574_73.7763.png
pak_punjab,30.9574_73.7940.png
pak_punjab,30.9574_73.8028.png
pak_punjab,30.9574_73.8061.png
pak_punjab,30.9574_73.8175.png
pak_punjab,30.9574_73.8263.png
pak_punjab,30.9662_70.4061.png
pak_punjab,30.9662_70.4351.png
pak_punjab,30.9662_70.6852.png
pak_punjab,30.9662_70.6940.png
pak_punjab,30.9662_70.9175.png
pak_punjab,30.9662_71.0263.png
pak_punjab,30.9662_72.2763.png
pak_punjab,30.9662_72.2851.png
pak_punjab,30.9662_72.2939.png
pak_punjab,30.9662_72.3027.png
pak_punjab,30.9662_72.3061.png
pak_punjab,30.9662_72.3175.png
pak_punjab,30.9662_72.4263.png
pak_punjab,30.9662_72.4351.png
pak_punjab,30.9662_72.4527.png
pak_punjab,30.9662_72.4561.png
pak_punjab,30.9662_72.5061.png
pak_punjab,30.9662_72.8561.png
pak_punjab,30.9662_72.8939.png
pak_punjab,30.9662_72.9027.png
pak_punjab,30.9662_72.9061.png
pak_punjab,30.9662_73.4263.png
pak_punjab,30.9662_73.4351.png
pak_punjab,30.9662_73.8175.png
pak_punjab,30.9662_73.8263.png
pak_punjab,30.9662_73.8351.png
pak_punjab,30.9662_73.8439.png
pak_punjab,30.9662_73.8527.png
pak_punjab,30.9662_73.8561.png
pak_punjab,30.9750_70.4440.png
pak_punjab,30.9750_70.9175.png
pak_punjab,30.9750_71.9528.png
pak_punjab,30.9750_71.9561.png
pak_punjab,30.9750_72.0027.png
pak_punjab,30.9750_72.0061.png
pak_punjab,30.9750_72.1527.png
pak_punjab,30.9750_72.1561.png
pak_punjab,30.9750_72.4263.png
pak_punjab,30.9750_72.4351.png
pak_punjab,30.9750_72.6527.png
pak_punjab,30.9750_72.6561.png
pak_punjab,30.9750_72.8527.png
pak_punjab,30.9750_72.8561.png
pak_punjab,30.9750_72.8763.png
pak_punjab,30.9750_72.8851.png
pak_punjab,30.9750_72.9675.png
pak_punjab,30.9750_73.3439.png
pak_punjab,30.9750_73.5939.png
pak_punjab,30.9750_73.6027.png
pak_punjab,30.9750_73.6061.png
pak_punjab,30.9750_73.6939.png
pak_punjab,30.9750_73.7351.png
pak_punjab,30.9750_73.8527.png
pak_punjab,30.9750_73.8561.png
pak_punjab,30.9750_73.9027.png
pak_punjab,30.9750_73.9061.png
pak_punjab,30.9750_73.9175.png
pak_punjab,30.9750_73.9351.png
pak_punjab,30.9750_73.9439.png
pak_punjab,30.9838_70.3763.png
pak_punjab,30.9838_70.4763.png
pak_punjab,30.9838_70.7439.png
pak_punjab,30.9838_70.7527.png
pak_punjab,30.9838_71.9528.png
pak_punjab,30.9838_71.9561.png
pak_punjab,30.9838_71.9939.png
pak_punjab,30.9838_72.0027.png
pak_punjab,30.9838_72.1527.png
pak_punjab,30.9838_72.1561.png
pak_punjab,30.9838_72.2028.png
pak_punjab,30.9838_72.4763.png
pak_punjab,30.9838_72.4851.png
pak_punjab,30.9838_72.4939.png
pak_punjab,30.9838_72.9675.png
pak_punjab,30.9838_73.3439.png
pak_punjab,30.9838_73.5939.png
pak_punjab,30.9838_73.6561.png
pak_punjab,30.9838_73.7351.png
pak_punjab,30.9838_73.7851.png
pak_punjab,30.9838_73.7940.png
pak_punjab,30.9838_73.8439.png
pak_punjab,30.9838_73.8527.png
pak_punjab,30.9838_73.8561.png
pak_punjab,30.9838_73.8675.png
pak_punjab,30.9838_73.9027.png
pak_punjab,30.9838_73.9061.png
pak_punjab,30.9838_73.9263.png
pak_punjab,30.9838_73.9561.png
pak_punjab,30.9926_70.3851.png
pak_punjab,30.9926_70.6763.png
pak_punjab,30.9926_70.6852.png
pak_punjab,30.9926_70.7527.png
pak_punjab,30.9926_71.9939.png
pak_punjab,30.9926_72.0027.png
pak_punjab,30.9926_72.4439.png
pak_punjab,30.9926_72.4527.png
pak_punjab,30.9926_72.4763.png
pak_punjab,30.9926_72.4851.png
pak_punjab,30.9926_72.4939.png
pak_punjab,30.9926_72.6851.png
pak_punjab,30.9926_73.1263.png
pak_punjab,30.9926_73.1351.png
pak_punjab,30.9926_73.5675.png
pak_punjab,30.9926_73.5851.png
pak_punjab,30.9926_73.5939.png
pak_punjab,30.9926_73.7439.png
pak_punjab,30.9926_73.7527.png
pak_punjab,30.9926_73.7851.png
pak_punjab,30.9926_73.7940.png
pak_punjab,30.9926_73.8439.png
pak_punjab,30.9926_73.8527.png
pak_punjab,30.9926_73.8561.png
pak_punjab,30.9926_73.9027.png
pak_punjab,30.9926_73.9061.png
pak_punjab,30.9926_73.9351.png
pak_punjab,30.9926_73.9439.png
pak_punjab,30.9926_73.9527.png
pak_punjab,30.9926_73.9561.png
pak_punjab,31.0040_70.5939.png
pak_punjab,31.0040_70.8061.png
pak_punjab,31.0040_70.9263.png
pak_punjab,31.0040_70.9352.png
pak_punjab,31.0040_70.9528.png
pak_punjab,31.0040_70.9561.png
pak_punjab,31.0040_70.9851.png
pak_punjab,31.0040_71.9027.png
pak_punjab,31.0040_71.9352.png
pak_punjab,31.0040_71.9675.png
pak_punjab,31.0040_71.9763.png
pak_punjab,31.0040_72.2939.png
pak_punjab,31.0040_72.4351.png
pak_punjab,31.0040_72.4439.png
pak_punjab,31.0040_72.4939.png
pak_punjab,31.0040_72.5175.png
pak_punjab,31.0040_72.6527.png
pak_punjab,31.0040_72.6561.png
pak_punjab,31.0040_73.1175.png
pak_punjab,31.0040_73.1263.png
pak_punjab,31.0040_73.1351.png
pak_punjab,31.0040_73.3763.png
pak_punjab,31.0040_73.4939.png
pak_punjab,31.0040_73.5027.png
pak_punjab,31.0040_73.5061.png
pak_punjab,31.0040_73.5351.png
pak_punjab,31.0040_73.5439.png
pak_punjab,31.0040_73.5675.png
pak_punjab,31.0040_73.7263.png
pak_punjab,31.0040_73.7351.png
pak_punjab,31.0040_73.7439.png
pak_punjab,31.0040_73.7527.png
pak_punjab,31.0040_73.7561.png
pak_punjab,31.0040_73.7675.png
pak_punjab,31.0040_73.8263.png
pak_punjab,31.0040_73.8527.png
pak_punjab,31.0040_73.8561.png
pak_punjab,31.0040_73.9439.png
pak_punjab,31.0040_73.9527.png
pak_punjab,31.0040_73.9561.png
pak_punjab,31.0040_73.9763.png
pak_punjab,31.0075_70.3851.png
pak_punjab,31.0075_70.8061.png
pak_punjab,31.0075_70.9263.png
pak_punjab,31.0075_70.9352.png
pak_punjab,31.0075_70.9440.png
pak_punjab,31.0075_70.9528.png
pak_punjab,31.0075_70.9561.png
pak_punjab,31.0075_70.9851.png
pak_punjab,31.0075_71.9027.png
pak_punjab,31.0075_71.9352.png
pak_punjab,31.0075_71.9675.png
pak_punjab,31.0075_71.9763.png
pak_punjab,31.0075_72.0351.png
pak_punjab,31.0075_72.2939.png
pak_punjab,31.0075_72.4351.png
pak_punjab,31.0075_72.4439.png
pak_punjab,31.0075_72.4939.png
pak_punjab,31.0075_72.5175.png
pak_punjab,31.0075_73.1027.png
pak_punjab,31.0075_73.1061.png
pak_punjab,31.0075_73.1175.png
pak_punjab,31.0075_73.1263.png
pak_punjab,31.0075_73.1351.png
pak_punjab,31.0075_73.3763.png
pak_punjab,31.0075_73.4939.png
pak_punjab,31.0075_73.5027.png
pak_punjab,31.0075_73.5351.png
pak_punjab,31.0075_73.5439.png
pak_punjab,31.0075_73.7263.png
pak_punjab,31.0075_73.7351.png
pak_punjab,31.0075_73.7439.png
pak_punjab,31.0075_73.7527.png
pak_punjab,31.0075_73.7561.png
pak_punjab,31.0075_73.8263.png
pak_punjab,31.0075_73.8561.png
pak_punjab,31.0075_73.9061.png
pak_punjab,31.0075_73.9175.png
pak_punjab,31.0075_73.9439.png
pak_punjab,31.0075_73.9527.png
pak_punjab,31.0075_73.9561.png
pak_punjab,31.0075_73.9675.png
pak_punjab,31.0075_73.9763.png
pak_punjab,31.0075_73.9851.png
pak_punjab,31.0075_73.9939.png
pak_punjab,31.0075_74.0027.png
pak_punjab,31.0075_74.0061.png
pak_punjab,31.0163_70.3763.png
pak_punjab,31.0163_70.6763.png
pak_punjab,31.0163_70.6852.png
pak_punjab,31.0163_70.9263.png
pak_punjab,31.0163_70.9352.png
pak_punjab,31.0163_70.9440.png
pak_punjab,31.0163_72.0351.png
pak_punjab,31.0163_72.4939.png
pak_punjab,31.0163_72.5351.png
pak_punjab,31.0163_72.7027.png
pak_punjab,31.0163_72.7061.png
pak_punjab,31.0163_72.9175.png
pak_punjab,31.0163_73.1027.png
pak_punjab,31.0163_73.1061.png
pak_punjab,31.0163_73.5263.png
pak_punjab,31.0163_73.5351.png
pak_punjab,31.0163_73.7263.png
pak_punjab,31.0163_73.7351.png
pak_punjab,31.0163_73.7561.png
pak_punjab,31.0163_73.8263.png
pak_punjab,31.0163_73.8675.png
pak_punjab,31.0163_73.8763.png
pak_punjab,31.0163_73.9061.png
pak_punjab,31.0163_73.9175.png
pak_punjab,31.0163_73.9439.png
pak_punjab,31.0163_73.9527.png
pak_punjab,31.0163_73.9561.png
pak_punjab,31.0163_73.9675.png
pak_punjab,31.0163_73.9763.png
pak_punjab,31.0163_73.9939.png
pak_punjab,31.0163_74.0027.png
pak_punjab,31.0163_74.0061.png
pak_punjab,31.0163_74.0175.png
pak_punjab,31.0251_70.9352.png
pak_punjab,31.0251_70.9440.png
pak_punjab,31.0251_72.5351.png
pak_punjab,31.0251_72.5439.png
pak_punjab,31.0251_72.5527.png
pak_punjab,31.0251_72.5561.png
pak_punjab,31.0251_72.7027.png
pak_punjab,31.0251_72.7061.png
pak_punjab,31.0251_72.8061.png
pak_punjab,31.0251_72.9675.png
pak_punjab,31.0251_72.9763.png
pak_punjab,31.0251_73.0528.png
pak_punjab,31.0251_73.0561.png
pak_punjab,31.0251_73.0675.png
pak_punjab,31.0251_73.8175.png
pak_punjab,31.0251_73.8263.png
pak_punjab,31.0251_73.8675.png
pak_punjab,31.0251_73.8763.png
pak_punjab,31.0251_73.9175.png
pak_punjab,31.0251_73.9527.png
pak_punjab,31.0251_74.0175.png
pak_punjab,31.0339_70.6940.png
pak_punjab,31.0339_70.7028.png
pak_punjab,31.0339_70.9352.png
pak_punjab,31.0339_72.3763.png
pak_punjab,31.0339_72.3851.png
pak_punjab,31.0339_72.5527.png
pak_punjab,31.0339_72.5561.png
pak_punjab,31.0339_72.6939.png
pak_punjab,31.0339_72.9763.png
pak_punjab,31.0339_72.9851.png
pak_punjab,31.0339_73.1175.png
pak_punjab,31.0339_73.7351.png
pak_punjab,31.0339_73.7439.png
pak_punjab,31.0339_73.7527.png
pak_punjab,31.0339_73.7561.png
pak_punjab,31.0339_73.8175.png
pak_punjab,31.0339_73.8263.png
pak_punjab,31.0339_73.8527.png
pak_punjab,31.0339_73.8561.png
pak_punjab,31.0339_73.8763.png
pak_punjab,31.0339_74.0175.png
pak_punjab,31.0339_74.0263.png
pak_punjab,31.0427_70.6940.png
pak_punjab,31.0427_70.7061.png
pak_punjab,31.0427_70.9440.png
pak_punjab,31.0427_70.9528.png
pak_punjab,31.0427_70.9561.png
pak_punjab,31.0427_71.9561.png
pak_punjab,31.0427_72.0527.png
pak_punjab,31.0427_72.0561.png
pak_punjab,31.0427_72.2175.png
pak_punjab,31.0427_72.3763.png
pak_punjab,31.0427_72.6939.png
pak_punjab,31.0427_72.9263.png
pak_punjab,31.0427_72.9351.png
pak_punjab,31.0427_72.9851.png
pak_punjab,31.0427_73.1027.png
pak_punjab,31.0427_73.1061.png
pak_punjab,31.0427_73.1175.png
pak_punjab,31.0427_73.1263.png
pak_punjab,31.0427_73.1351.png
pak_punjab,31.0427_73.4675.png
pak_punjab,31.0427_73.6027.png
pak_punjab,31.0427_73.6061.png
pak_punjab,31.0427_73.6527.png
pak_punjab,31.0427_73.6561.png
pak_punjab,31.0427_73.6939.png
pak_punjab,31.0427_73.7027.png
pak_punjab,31.0427_73.7351.png
pak_punjab,31.0427_73.7439.png
pak_punjab,31.0427_73.8175.png
pak_punjab,31.0427_73.8351.png
pak_punjab,31.0427_73.8527.png
pak_punjab,31.0427_73.8561.png
pak_punjab,31.0427_73.8763.png
pak_punjab,31.0541_70.3939.png
pak_punjab,31.0541_70.6439.png
pak_punjab,31.0541_70.7028.png
pak_punjab,31.0541_70.7439.png
pak_punjab,31.0541_71.9763.png
pak_punjab,31.0541_72.0027.png
pak_punjab,31.0541_72.0061.png
pak_punjab,31.0541_72.0175.png
pak_punjab,31.0541_72.4351.png
pak_punjab,31.0541_72.4851.png
pak_punjab,31.0541_72.5675.png
pak_punjab,31.0541_72.5763.png
pak_punjab,31.0541_72.7527.png
pak_punjab,31.0541_72.7561.png
pak_punjab,31.0541_72.9263.png
pak_punjab,31.0541_72.9351.png
pak_punjab,31.0541_72.9851.png
pak_punjab,31.0541_72.9939.png
pak_punjab,31.0541_73.1027.png
pak_punjab,31.0541_73.1061.png
pak_punjab,31.0541_73.1263.png
pak_punjab,31.0541_73.1351.png
pak_punjab,31.0541_73.2027.png
pak_punjab,31.0541_73.5351.png
pak_punjab,31.0541_73.6675.png
pak_punjab,31.0541_73.8439.png
pak_punjab,31.0541_73.9851.png
pak_punjab,31.0574_70.3939.png
pak_punjab,31.0574_70.7061.png
pak_punjab,31.0574_71.9763.png
pak_punjab,31.0574_72.0175.png
pak_punjab,31.0574_72.2263.png
pak_punjab,31.0574_72.2351.png
pak_punjab,31.0574_72.4351.png
pak_punjab,31.0574_72.4851.png
pak_punjab,31.0574_72.5939.png
pak_punjab,31.0574_72.6027.png
pak_punjab,31.0574_72.6061.png
pak_punjab,31.0574_72.7527.png
pak_punjab,31.0574_72.7561.png
pak_punjab,31.0574_72.9175.png
pak_punjab,31.0574_72.9263.png
pak_punjab,31.0574_72.9351.png
pak_punjab,31.0574_72.9851.png
pak_punjab,31.0574_72.9939.png
pak_punjab,31.0574_73.1263.png
pak_punjab,31.0574_73.1351.png
pak_punjab,31.0574_73.3675.png
pak_punjab,31.0574_73.3763.png
pak_punjab,31.0574_73.4561.png
pak_punjab,31.0574_73.5351.png
pak_punjab,31.0574_73.6675.png
pak_punjab,31.0574_73.8439.png
pak_punjab,31.0574_73.9263.png
pak_punjab,31.0574_73.9351.png
pak_punjab,31.0574_73.9851.png
pak_punjab,31.0662_72.0027.png
pak_punjab,31.0662_72.0061.png
pak_punjab,31.0662_72.1940.png
pak_punjab,31.0662_72.2263.png
pak_punjab,31.0662_72.2351.png
pak_punjab,31.0662_72.6027.png
pak_punjab,31.0662_72.6061.png
pak_punjab,31.0662_72.8763.png
pak_punjab,31.0662_72.8851.png
pak_punjab,31.0662_72.9175.png
pak_punjab,31.0662_72.9851.png
pak_punjab,31.0662_72.9939.png
pak_punjab,31.0662_73.1351.png
pak_punjab,31.0662_73.1439.png
pak_punjab,31.0662_73.2527.png
pak_punjab,31.0662_73.2561.png
pak_punjab,31.0662_73.4561.png
pak_punjab,31.0662_73.8028.png
pak_punjab,31.0662_73.8061.png
pak_punjab,31.0750_70.3851.png
pak_punjab,31.0750_70.5763.png
pak_punjab,31.0750_70.5851.png
pak_punjab,31.0750_70.5939.png
pak_punjab,31.0750_70.9440.png
pak_punjab,31.0750_70.9763.png
pak_punjab,31.0750_71.9675.png
pak_punjab,31.0750_72.0175.png
pak_punjab,31.0750_72.0263.png
pak_punjab,31.0750_72.0763.png
pak_punjab,31.0750_72.1940.png
pak_punjab,31.0750_72.6061.png
pak_punjab,31.0750_72.8263.png
pak_punjab,31.0750_73.0027.png
pak_punjab,31.0750_73.0061.png
pak_punjab,31.0750_73.0528.png
pak_punjab,31.0750_73.0561.png
pak_punjab,31.0750_73.1351.png
pak_punjab,31.0750_73.1439.png
pak_punjab,31.0750_73.2439.png
pak_punjab,31.0838_70.5851.png
pak_punjab,31.0838_70.7061.png
pak_punjab,31.0838_70.7175.png
pak_punjab,31.0838_70.8061.png
pak_punjab,31.0838_70.9440.png
pak_punjab,31.0838_70.9763.png
pak_punjab,31.0838_70.9851.png
pak_punjab,31.0838_71.0027.png
pak_punjab,31.0838_71.0061.png
pak_punjab,31.0838_71.2763.png
pak_punjab,31.0838_72.0763.png
pak_punjab,31.0838_72.2439.png
pak_punjab,31.0838_72.2527.png
pak_punjab,31.0838_73.0763.png
pak_punjab,31.0838_73.1351.png
pak_punjab,31.0838_73.1439.png
pak_punjab,31.0838_73.3939.png
pak_punjab,31.0838_73.9527.png
pak_punjab,31.0838_73.9561.png
pak_punjab,31.0838_74.0027.png
pak_punjab,31.0926_70.6852.png
pak_punjab,31.0926_70.7028.png
pak_punjab,31.0926_70.7061.png
pak_punjab,31.0926_70.7175.png
pak_punjab,31.0926_70.8061.png
pak_punjab,31.0926_72.2527.png
pak_punjab,31.0926_72.2561.png
pak_punjab,31.0926_72.9527.png
pak_punjab,31.0926_72.9561.png
pak_punjab,31.0926_73.0763.png
pak_punjab,31.0926_73.3439.png
pak_punjab,31.0926_73.3527.png
pak_punjab,31.0926_73.9939.png
pak_punjab,31.1040_70.6852.png
pak_punjab,31.1040_70.7061.png
pak_punjab,31.1040_70.7175.png
pak_punjab,31.1040_70.7263.png
pak_punjab,31.1040_70.7351.png
pak_punjab,31.1040_72.2675.png
pak_punjab,31.1040_72.5675.png
pak_punjab,31.1040_73.0175.png
pak_punjab,31.1040_73.0263.png
pak_punjab,31.1040_73.1027.png
pak_punjab,31.1040_73.1061.png
pak_punjab,31.1040_73.6763.png
pak_punjab,31.1040_73.6851.png
pak_punjab,31.1040_73.7527.png
pak_punjab,31.1040_73.9527.png
pak_punjab,31.1040_73.9561.png
pak_punjab,31.1074_70.5263.png
pak_punjab,31.1074_70.5939.png
pak_punjab,31.1074_70.6061.png
pak_punjab,31.1074_70.7061.png
pak_punjab,31.1074_70.7175.png
pak_punjab,31.1074_70.7351.png
pak_punjab,31.1074_70.7527.png
pak_punjab,31.1074_70.7675.png
pak_punjab,31.1074_72.2439.png
pak_punjab,31.1074_72.2675.png
pak_punjab,31.1074_72.5675.png
pak_punjab,31.1074_73.1027.png
pak_punjab,31.1074_73.1061.png
pak_punjab,31.1074_73.6675.png
pak_punjab,31.1074_73.7439.png
pak_punjab,31.1074_73.7527.png
pak_punjab,31.1074_73.7561.png
pak_punjab,31.1162_70.5263.png
pak_punjab,31.1162_70.7351.png
pak_punjab,31.1162_70.7675.png
pak_punjab,31.1162_70.9352.png
pak_punjab,31.1162_70.9440.png
pak_punjab,31.1162_70.9939.png
pak_punjab,31.1162_72.0351.png
pak_punjab,31.1162_72.0439.png
pak_punjab,31.1162_72.0527.png
pak_punjab,31.1162_72.2028.png
pak_punjab,31.1162_72.2061.png
pak_punjab,31.1162_72.2439.png
pak_punjab,31.1162_72.2675.png
pak_punjab,31.1162_72.3939.png
pak_punjab,31.1162_72.4027.png
pak_punjab,31.1162_72.6027.png
pak_punjab,31.1162_72.6061.png
pak_punjab,31.1162_72.7763.png
pak_punjab,31.1162_72.7851.png
pak_punjab,31.1162_72.9851.png
pak_punjab,31.1162_73.2263.png
pak_punjab,31.1162_73.3851.png
pak_punjab,31.1162_73.3939.png
pak_punjab,31.1162_73.5851.png
pak_punjab,31.1162_73.6263.png
pak_punjab,31.1162_73.7439.png
pak_punjab,31.1162_73.7527.png
pak_punjab,31.1162_73.7561.png
pak_punjab,31.1162_73.9263.png
pak_punjab,31.1162_73.9351.png
pak_punjab,31.1251_70.7263.png
pak_punjab,31.1251_70.7351.png
pak_punjab,31.1251_70.9763.png
pak_punjab,31.1251_70.9939.png
pak_punjab,31.1251_71.2028.png
pak_punjab,31.1251_71.2061.png
pak_punjab,31.1251_72.0351.png
pak_punjab,31.1251_72.0439.png
pak_punjab,31.1251_72.2675.png
pak_punjab,31.1251_72.2763.png
pak_punjab,31.1251_72.3939.png
pak_punjab,31.1251_72.4027.png
pak_punjab,31.1251_72.5027.png
pak_punjab,31.1251_72.5061.png
pak_punjab,31.1251_72.6027.png
pak_punjab,31.1251_72.6061.png
pak_punjab,31.1251_72.7027.png
pak_punjab,31.1251_72.7061.png
pak_punjab,31.1251_72.7763.png
pak_punjab,31.1251_72.9763.png
pak_punjab,31.1251_72.9851.png
pak_punjab,31.1251_72.9939.png
pak_punjab,31.1251_73.2263.png
pak_punjab,31.1251_73.2351.png
pak_punjab,31.1251_73.3527.png
pak_punjab,31.1251_73.3561.png
pak_punjab,31.1251_73.3675.png
pak_punjab,31.1251_73.6061.png
pak_punjab,31.1251_73.6263.png
pak_punjab,31.1251_73.9263.png
pak_punjab,31.1251_73.9351.png
pak_punjab,31.1339_70.2763.png
pak_punjab,31.1339_70.5439.png
pak_punjab,31.1339_70.5527.png
pak_punjab,31.1339_70.6852.png
pak_punjab,31.1339_70.7263.png
pak_punjab,31.1339_70.7351.png
pak_punjab,31.1339_70.7439.png
pak_punjab,31.1339_72.2561.png
pak_punjab,31.1339_72.2763.png
pak_punjab,31.1339_72.3527.png
pak_punjab,31.1339_72.3561.png
pak_punjab,31.1339_72.6939.png
pak_punjab,31.1339_72.7027.png
pak_punjab,31.1339_72.7061.png
pak_punjab,31.1339_72.7175.png
pak_punjab,31.1339_72.9939.png
pak_punjab,31.1339_73.3175.png
pak_punjab,31.1339_73.3439.png
pak_punjab,31.1339_73.4175.png
pak_punjab,31.1339_73.4263.png
pak_punjab,31.1339_73.5027.png
pak_punjab,31.1339_73.5061.png
pak_punjab,31.1339_73.9263.png
pak_punjab,31.1339_73.9351.png
pak_punjab,31.1339_73.9439.png
pak_punjab,31.1339_73.9527.png
pak_punjab,31.1427_70.7263.png
pak_punjab,31.1427_70.7439.png
pak_punjab,31.1427_70.7527.png
pak_punjab,31.1427_70.9352.png
pak_punjab,31.1427_71.9939.png
pak_punjab,31.1427_72.0175.png
pak_punjab,31.1427_72.1175.png
pak_punjab,31.1427_72.3027.png
pak_punjab,31.1427_72.3061.png
pak_punjab,31.1427_72.6527.png
pak_punjab,31.1427_72.6561.png
pak_punjab,31.1427_72.7027.png
pak_punjab,31.1427_72.7061.png
pak_punjab,31.1427_72.7175.png
pak_punjab,31.1427_72.9675.png
pak_punjab,31.1427_72.9763.png
pak_punjab,31.1427_73.3175.png
pak_punjab,31.1427_73.5027.png
pak_punjab,31.1427_73.5061.png
pak_punjab,31.1427_73.5351.png
pak_punjab,31.1427_73.9263.png
pak_punjab,31.1427_73.9351.png
pak_punjab,31.1427_73.9439.png
pak_punjab,31.1427_73.9527.png
pak_punjab,31.1427_73.9561.png
pak_punjab,31.1427_74.0027.png
pak_punjab,31.1541_70.3351.png
pak_punjab,31.1541_70.6263.png
pak_punjab,31.1541_70.6940.png
pak_punjab,31.1541_70.8763.png
pak_punjab,31.1541_72.0027.png
pak_punjab,31.1541_72.0061.png
pak_punjab,31.1541_72.0939.png
pak_punjab,31.1541_72.1027.png
pak_punjab,31.1541_72.1061.png
pak_punjab,31.1541_72.3675.png
pak_punjab,31.1541_72.3763.png
pak_punjab,31.1541_73.3175.png
pak_punjab,31.1541_73.3263.png
pak_punjab,31.1541_73.3527.png
pak_punjab,31.1541_73.3561.png
pak_punjab,31.1541_73.3939.png
pak_punjab,31.1541_73.8851.png
pak_punjab,31.1541_74.0027.png
pak_punjab,31.1541_74.0061.png
pak_punjab,31.1575_70.6263.png
pak_punjab,31.1575_70.6852.png
pak_punjab,31.1575_70.7527.png
pak_punjab,31.1575_70.8763.png
pak_punjab,31.1575_72.0027.png
pak_punjab,31.1575_72.0061.png
pak_punjab,31.1575_72.0175.png
pak_punjab,31.1575_72.0263.png
pak_punjab,31.1575_72.0939.png
pak_punjab,31.1575_72.1027.png
pak_punjab,31.1575_72.1061.png
pak_punjab,31.1575_72.3675.png
pak_punjab,31.1575_72.3763.png
pak_punjab,31.1575_72.5939.png
pak_punjab,31.1575_72.8439.png
pak_punjab,31.1575_73.3175.png
pak_punjab,31.1575_73.3527.png
pak_punjab,31.1575_73.3561.png
pak_punjab,31.1575_73.4175.png
pak_punjab,31.1575_73.9763.png
pak_punjab,31.1663_70.3351.png
pak_punjab,31.1663_70.6263.png
pak_punjab,31.1663_70.7561.png
pak_punjab,31.1663_70.9352.png
pak_punjab,31.1663_70.9440.png
pak_punjab,31.1663_72.0851.png
pak_punjab,31.1663_72.1175.png
pak_punjab,31.1663_72.5939.png
pak_punjab,31.1663_72.7027.png
pak_punjab,31.1663_72.8439.png
pak_punjab,31.1663_73.4851.png
pak_punjab,31.1663_73.5061.png
pak_punjab,31.1663_73.8028.png
pak_punjab,31.1663_73.8061.png
pak_punjab,31.1663_73.8351.png
pak_punjab,31.1663_73.8439.png
pak_punjab,31.1663_73.8527.png
pak_punjab,31.1663_73.9561.png
pak_punjab,31.1751_70.7263.png
pak_punjab,31.1751_70.7351.png
pak_punjab,31.1751_70.7561.png
pak_punjab,31.1751_70.9675.png
pak_punjab,31.1751_72.0851.png
pak_punjab,31.1751_72.1175.png
pak_punjab,31.1751_72.2439.png
pak_punjab,31.1751_72.2527.png
pak_punjab,31.1751_72.3527.png
pak_punjab,31.1751_72.3561.png
pak_punjab,31.1751_72.5851.png
pak_punjab,31.1751_72.5939.png
pak_punjab,31.1751_72.6027.png
pak_punjab,31.1751_72.6061.png
pak_punjab,31.1751_72.7027.png
pak_punjab,31.1751_72.7061.png
pak_punjab,31.1751_73.4851.png
pak_punjab,31.1751_73.7675.png
pak_punjab,31.1751_73.8175.png
pak_punjab,31.1751_73.8263.png
pak_punjab,31.1751_73.8351.png
pak_punjab,31.1751_73.8439.png
pak_punjab,31.1751_73.8527.png
pak_punjab,31.1751_73.8561.png
pak_punjab,31.1751_73.9439.png
pak_punjab,31.1751_73.9527.png
pak_punjab,31.1751_73.9561.png
pak_punjab,31.1751_73.9675.png
pak_punjab,31.1751_73.9763.png
pak_punjab,31.1839_70.3561.png
pak_punjab,31.1839_70.8939.png
pak_punjab,31.1839_70.9027.png
pak_punjab,31.1839_70.9675.png
pak_punjab,31.1839_72.0675.png
pak_punjab,31.1839_72.0763.png
pak_punjab,31.1839_72.0851.png
pak_punjab,31.1839_72.2439.png
pak_punjab,31.1839_72.2527.png
pak_punjab,31.1839_72.3527.png
pak_punjab,31.1839_72.3561.png
pak_punjab,31.1839_72.5851.png
pak_punjab,31.1839_72.5939.png
pak_punjab,31.1839_72.7027.png
pak_punjab,31.1839_72.7061.png
pak_punjab,31.1839_73.4061.png
pak_punjab,31.1839_73.4763.png
pak_punjab,31.1839_73.4851.png
pak_punjab,31.1839_73.8439.png
pak_punjab,31.1839_73.8527.png
pak_punjab,31.1839_73.8561.png
pak_punjab,31.1839_73.8675.png
pak_punjab,31.1839_73.8763.png
pak_punjab,31.1839_73.9439.png
pak_punjab,31.1839_73.9675.png
pak_punjab,31.1839_73.9763.png
pak_punjab,31.1927_70.9675.png
pak_punjab,31.1927_72.0675.png
pak_punjab,31.1927_72.5527.png
pak_punjab,31.1927_72.5561.png
pak_punjab,31.1927_72.6675.png
pak_punjab,31.1927_72.7061.png
pak_punjab,31.1927_72.7175.png
pak_punjab,31.1927_72.8527.png
pak_punjab,31.1927_72.8561.png
pak_punjab,31.1927_72.9763.png
pak_punjab,31.1927_72.9851.png
pak_punjab,31.1927_73.8675.png
pak_punjab,31.1927_73.8763.png
pak_punjab,31.1927_73.8939.png
pak_punjab,31.1927_73.9027.png
pak_punjab,31.1927_73.9061.png
pak_punjab,31.1927_73.9175.png
pak_punjab,31.1927_73.9675.png
pak_punjab,31.1927_73.9763.png
pak_punjab,31.2041_70.8763.png
pak_punjab,31.2041_70.9263.png
pak_punjab,31.2041_70.9440.png
pak_punjab,31.2041_70.9528.png
pak_punjab,31.2041_70.9561.png
pak_punjab,31.2041_72.0351.png
pak_punjab,31.2041_72.3263.png
pak_punjab,31.2041_72.3351.png
pak_punjab,31.2041_72.6439.png
pak_punjab,31.2041_72.6527.png
pak_punjab,31.2041_72.6561.png
pak_punjab,31.2041_72.7175.png
pak_punjab,31.2041_72.7263.png
pak_punjab,31.2041_72.8527.png
pak_punjab,31.2041_72.8561.png
pak_punjab,31.2041_73.2851.png
pak_punjab,31.2041_73.5528.png
pak_punjab,31.2041_73.5561.png
pak_punjab,31.2041_73.5939.png
pak_punjab,31.2041_73.9561.png
pak_punjab,31.2041_73.9675.png
pak_punjab,31.2041_73.9763.png
pak_punjab,31.2041_73.9851.png
pak_punjab,31.2074_70.6439.png
pak_punjab,31.2074_70.6527.png
pak_punjab,31.2074_70.6561.png
pak_punjab,31.2074_70.6763.png
pak_punjab,31.2074_70.7439.png
pak_punjab,31.2074_70.7527.png
pak_punjab,31.2074_70.8763.png
pak_punjab,31.2074_70.9263.png
pak_punjab,31.2074_70.9352.png
pak_punjab,31.2074_70.9440.png
pak_punjab,31.2074_70.9528.png
pak_punjab,31.2074_70.9561.png
pak_punjab,31.2074_72.0263.png
pak_punjab,31.2074_72.0351.png
pak_punjab,31.2074_72.0439.png
pak_punjab,31.2074_72.3263.png
pak_punjab,31.2074_72.3351.png
pak_punjab,31.2074_72.3439.png
pak_punjab,31.2074_72.3527.png
pak_punjab,31.2074_72.6439.png
pak_punjab,31.2074_72.6527.png
pak_punjab,31.2074_72.7175.png
pak_punjab,31.2074_72.7263.png
pak_punjab,31.2074_72.9675.png
pak_punjab,31.2074_72.9763.png
pak_punjab,31.2074_73.2851.png
pak_punjab,31.2074_73.5561.png
pak_punjab,31.2074_73.5851.png
pak_punjab,31.2074_73.6675.png
pak_punjab,31.2074_73.9561.png
pak_punjab,31.2074_73.9675.png
pak_punjab,31.2074_73.9763.png
pak_punjab,31.2162_70.7527.png
pak_punjab,31.2162_70.7561.png
pak_punjab,31.2162_70.8675.png
pak_punjab,31.2162_70.8763.png
pak_punjab,31.2162_70.9352.png
pak_punjab,31.2162_70.9440.png
pak_punjab,31.2162_72.0439.png
pak_punjab,31.2162_72.3175.png
pak_punjab,31.2162_72.3439.png
pak_punjab,31.2162_72.3527.png
pak_punjab,31.2162_72.3561.png
pak_punjab,31.2162_72.6351.png
pak_punjab,31.2162_72.6439.png
pak_punjab,31.2162_72.6527.png
pak_punjab,31.2162_72.6561.png
pak_punjab,31.2162_73.5528.png
pak_punjab,31.2162_73.5561.png
pak_punjab,31.2162_73.5939.png
pak_punjab,31.2162_73.6527.png
pak_punjab,31.2162_73.6561.png
pak_punjab,31.2162_73.9851.png
pak_punjab,31.2250_70.7561.png
pak_punjab,31.2250_70.8675.png
pak_punjab,31.2250_70.9352.png
pak_punjab,31.2250_70.9440.png
pak_punjab,31.2250_72.0439.png
pak_punjab,31.2250_72.3175.png
pak_punjab,31.2250_72.4351.png
pak_punjab,31.2250_73.3851.png
pak_punjab,31.2250_73.5439.png
pak_punjab,31.2250_73.5528.png
pak_punjab,31.2250_73.5561.png
pak_punjab,31.2250_73.5851.png
pak_punjab,31.2250_73.9351.png
pak_punjab,31.2250_73.9439.png
pak_punjab,31.2250_73.9851.png
pak_punjab,31.2338_70.6675.png
pak_punjab,31.2338_70.7439.png
pak_punjab,31.2338_70.8675.png
pak_punjab,31.2338_70.9263.png
pak_punjab,31.2338_70.9352.png
pak_punjab,31.2338_70.9440.png
pak_punjab,31.2338_70.9528.png
pak_punjab,31.2338_72.0439.png
pak_punjab,31.2338_72.0527.png
pak_punjab,31.2338_72.2851.png
pak_punjab,31.2338_72.2939.png
pak_punjab,31.2338_72.3175.png
pak_punjab,31.2338_72.3763.png
pak_punjab,31.2338_72.3851.png
pak_punjab,31.2338_72.4061.png
pak_punjab,31.2338_72.4351.png
pak_punjab,31.2338_73.0439.png
pak_punjab,31.2338_73.0528.png
pak_punjab,31.2338_73.3851.png
pak_punjab,31.2338_73.3939.png
pak_punjab,31.2338_73.4027.png
pak_punjab,31.2338_73.4061.png
pak_punjab,31.2338_73.6175.png
pak_punjab,31.2338_73.6263.png
pak_punjab,31.2426_70.8527.png
pak_punjab,31.2426_70.8675.png
pak_punjab,31.2426_70.8763.png
pak_punjab,31.2426_70.9263.png
pak_punjab,31.2426_70.9440.png
pak_punjab,31.2426_70.9528.png
pak_punjab,31.2426_72.0439.png
pak_punjab,31.2426_72.0527.png
pak_punjab,31.2426_72.2851.png
pak_punjab,31.2426_72.2939.png
pak_punjab,31.2426_72.3027.png
pak_punjab,31.2426_72.3061.png
pak_punjab,31.2426_72.3175.png
pak_punjab,31.2426_72.3263.png
pak_punjab,31.2426_72.3439.png
pak_punjab,31.2426_72.3527.png
pak_punjab,31.2426_72.4061.png
pak_punjab,31.2426_72.9527.png
pak_punjab,31.2426_72.9561.png
pak_punjab,31.2426_73.0263.png
pak_punjab,31.2426_73.0351.png
pak_punjab,31.2426_73.1027.png
pak_punjab,31.2426_73.1061.png
pak_punjab,31.2426_73.6175.png
pak_punjab,31.2426_73.6263.png
pak_punjab,31.2426_73.6763.png
pak_punjab,31.2426_73.6851.png
pak_punjab,31.2426_73.7027.png
pak_punjab,31.2426_73.7061.png
pak_punjab,31.2426_73.7351.png
pak_punjab,31.2541_70.5027.png
pak_punjab,31.2541_70.6940.png
pak_punjab,31.2541_70.7175.png
pak_punjab,31.2541_70.8763.png
pak_punjab,31.2541_70.8939.png
pak_punjab,31.2541_70.9027.png
pak_punjab,31.2541_72.0439.png
pak_punjab,31.2541_72.0527.png
pak_punjab,31.2541_72.0561.png
pak_punjab,31.2541_72.3939.png
pak_punjab,31.2541_72.9263.png
pak_punjab,31.2541_72.9439.png
pak_punjab,31.2541_72.9527.png
pak_punjab,31.2541_73.0675.png
pak_punjab,31.2541_73.1027.png
pak_punjab,31.2541_73.1061.png
pak_punjab,31.2541_73.2351.png
pak_punjab,31.2541_73.4527.png
pak_punjab,31.2541_73.4561.png
pak_punjab,31.2541_73.5351.png
pak_punjab,31.2541_73.5439.png
pak_punjab,31.2541_73.7175.png
pak_punjab,31.2541_73.7351.png
pak_punjab,31.2541_73.9763.png
pak_punjab,31.2575_70.5027.png
pak_punjab,31.2575_70.6940.png
pak_punjab,31.2575_70.8763.png
pak_punjab,31.2575_70.8939.png
pak_punjab,31.2575_70.9027.png
pak_punjab,31.2575_72.0439.png
pak_punjab,31.2575_72.0527.png
pak_punjab,31.2575_72.0561.png
pak_punjab,31.2575_72.3939.png
pak_punjab,31.2575_72.9263.png
pak_punjab,31.2575_72.9439.png
pak_punjab,31.2575_73.0263.png
pak_punjab,31.2575_73.0351.png
pak_punjab,31.2575_73.0675.png
pak_punjab,31.2575_73.2351.png
pak_punjab,31.2575_73.4527.png
pak_punjab,31.2575_73.4561.png
pak_punjab,31.2575_73.5351.png
pak_punjab,31.2575_73.5439.png
pak_punjab,31.2575_73.6763.png
pak_punjab,31.2575_73.7351.png
pak_punjab,31.2575_73.9763.png
pak_punjab,31.2663_72.3175.png
pak_punjab,31.2663_72.3527.png
pak_punjab,31.2663_72.3561.png
pak_punjab,31.2663_72.3675.png
pak_punjab,31.2663_72.3763.png
pak_punjab,31.2663_72.7439.png
pak_punjab,31.2663_72.7527.png
pak_punjab,31.2663_73.0263.png
pak_punjab,31.2663_73.0351.png
pak_punjab,31.2663_73.4527.png
pak_punjab,31.2663_73.4561.png
pak_punjab,31.2663_73.5263.png
pak_punjab,31.2663_73.5351.png
pak_punjab,31.2663_73.5851.png
pak_punjab,31.2663_73.6675.png
pak_punjab,31.2663_73.7351.png
pak_punjab,31.2663_73.7675.png
pak_punjab,31.2751_70.6527.png
pak_punjab,31.2751_72.3175.png
pak_punjab,31.2751_72.3351.png
pak_punjab,31.2751_72.3439.png
pak_punjab,31.2751_72.3527.png
pak_punjab,31.2751_72.3561.png
pak_punjab,31.2751_72.3675.png
pak_punjab,31.2751_72.4351.png
pak_punjab,31.2751_72.7527.png
pak_punjab,31.2751_72.7561.png
pak_punjab,31.2751_72.8351.png
pak_punjab,31.2751_72.8439.png
pak_punjab,31.2751_72.9851.png
pak_punjab,31.2751_73.1675.png
pak_punjab,31.2751_73.6763.png
pak_punjab,31.2751_73.6851.png
pak_punjab,31.2751_73.6939.png
pak_punjab,31.2751_73.7027.png
pak_punjab,31.2751_73.8175.png
pak_punjab,31.2751_73.8263.png
pak_punjab,31.2839_70.6940.png
pak_punjab,31.2839_72.3263.png
pak_punjab,31.2839_72.3351.png
pak_punjab,31.2839_72.3439.png
pak_punjab,31.2839_72.3527.png
pak_punjab,31.2839_72.3675.png
pak_punjab,31.2839_72.3763.png
pak_punjab,31.2839_72.3851.png
pak_punjab,31.2839_72.3939.png
pak_punjab,31.2839_72.4027.png
pak_punjab,31.2839_72.4263.png
pak_punjab,31.2839_72.4351.png
pak_punjab,31.2839_72.7675.png
pak_punjab,31.2839_72.7763.png
pak_punjab,31.2839_72.7851.png
pak_punjab,31.2839_73.0263.png
pak_punjab,31.2839_73.0351.png
pak_punjab,31.2839_73.0439.png
pak_punjab,31.2839_73.0528.png
pak_punjab,31.2839_73.0561.png
pak_punjab,31.2839_73.0675.png
pak_punjab,31.2839_73.1675.png
pak_punjab,31.2839_73.7175.png
pak_punjab,31.2839_73.8351.png
pak_punjab,31.2839_73.9027.png
pak_punjab,31.2927_70.8439.png
pak_punjab,31.2927_70.9528.png
pak_punjab,31.2927_70.9561.png
pak_punjab,31.2927_72.3675.png
pak_punjab,31.2927_72.3763.png
pak_punjab,31.2927_72.3939.png
pak_punjab,31.2927_72.7061.png
pak_punjab,31.2927_72.7175.png
pak_punjab,31.2927_72.7763.png
pak_punjab,31.2927_72.7851.png
pak_punjab,31.2927_72.8763.png
pak_punjab,31.2927_72.8851.png
pak_punjab,31.2927_73.0351.png
pak_punjab,31.2927_73.0439.png
pak_punjab,31.2927_73.0675.png
pak_punjab,31.2927_73.7351.png
pak_punjab,31.2927_73.7763.png
pak_punjab,31.2927_73.7940.png
pak_punjab,31.2927_73.8351.png
pak_punjab,31.2927_73.8439.png
pak_punjab,31.3041_70.8527.png
pak_punjab,31.3041_70.8561.png
pak_punjab,31.3041_70.8851.png
pak_punjab,31.3041_70.9675.png
pak_punjab,31.3041_72.1852.png
pak_punjab,31.3041_72.3439.png
pak_punjab,31.3041_72.5263.png
pak_punjab,31.3041_72.5351.png
pak_punjab,31.3041_72.6175.png
pak_punjab,31.3041_72.8675.png
pak_punjab,31.3041_72.8763.png
pak_punjab,31.3041_72.8851.png
pak_punjab,31.3041_72.9527.png
pak_punjab,31.3041_72.9561.png
pak_punjab,31.3041_72.9763.png
pak_punjab,31.3041_73.0027.png
pak_punjab,31.3041_73.0061.png
pak_punjab,31.3041_73.0175.png
pak_punjab,31.3041_73.0263.png
pak_punjab,31.3041_73.0351.png
pak_punjab,31.3041_73.0439.png
pak_punjab,31.3041_73.0528.png
pak_punjab,31.3041_73.0561.png
pak_punjab,31.3041_73.3851.png
pak_punjab,31.3041_73.4175.png
pak_punjab,31.3041_73.4351.png
pak_punjab,31.3041_73.4939.png
pak_punjab,31.3041_73.5027.png
pak_punjab,31.3041_73.5351.png
pak_punjab,31.3041_73.5939.png
pak_punjab,31.3041_73.6561.png
pak_punjab,31.3041_73.6675.png
pak_punjab,31.3041_73.6763.png
pak_punjab,31.3041_73.7851.png
pak_punjab,31.3041_73.7940.png
pak_punjab,31.3041_73.8028.png
pak_punjab,31.3041_73.8061.png
pak_punjab,31.3041_73.8351.png
pak_punjab,31.3041_73.8527.png
pak_punjab,31.3041_73.8561.png
pak_punjab,31.3074_70.8439.png
pak_punjab,31.3074_70.9675.png
pak_punjab,31.3074_72.1852.png
pak_punjab,31.3074_72.3351.png
pak_punjab,31.3074_72.3439.png
pak_punjab,31.3074_72.3527.png
pak_punjab,31.3074_72.3561.png
pak_punjab,31.3074_72.5263.png
pak_punjab,31.3074_72.5351.png
pak_punjab,31.3074_72.5675.png
pak_punjab,31.3074_72.5763.png
pak_punjab,31.3074_72.6175.png
pak_punjab,31.3074_72.6263.png
pak_punjab,31.3074_72.8675.png
pak_punjab,31.3074_72.8763.png
pak_punjab,31.3074_72.9527.png
pak_punjab,31.3074_72.9561.png
pak_punjab,31.3074_72.9763.png
pak_punjab,31.3074_73.0175.png
pak_punjab,31.3074_73.0263.png
pak_punjab,31.3074_73.0351.png
pak_punjab,31.3074_73.0439.png
pak_punjab,31.3074_73.0528.png
pak_punjab,31.3074_73.0561.png
pak_punjab,31.3074_73.1675.png
pak_punjab,31.3074_73.3675.png
pak_punjab,31.3074_73.3851.png
pak_punjab,31.3074_73.4175.png
pak_punjab,31.3074_73.4351.png
pak_punjab,31.3074_73.4939.png
pak_punjab,31.3074_73.5027.png
pak_punjab,31.3074_73.5351.png
pak_punjab,31.3074_73.5561.png
pak_punjab,31.3074_73.5939.png
pak_punjab,31.3074_73.6675.png
pak_punjab,31.3074_73.6763.png
pak_punjab,31.3074_73.7851.png
pak_punjab,31.3074_73.8028.png
pak_punjab,31.3074_73.8061.png
pak_punjab,31.3074_73.8351.png
pak_punjab,31.3074_73.8527.png
pak_punjab,31.3162_70.8527.png
pak_punjab,31.3162_70.8561.png
pak_punjab,31.3162_70.9763.png
pak_punjab,31.3162_70.9851.png
pak_punjab,31.3162_70.9939.png
pak_punjab,31.3162_71.0027.png
pak_punjab,31.3162_71.0061.png
pak_punjab,31.3162_71.0175.png
pak_punjab,31.3162_71.0263.png
pak_punjab,31.3162_72.3175.png
pak_punjab,31.3162_72.3351.png
pak_punjab,31.3162_72.3439.png
pak_punjab,31.3162_72.3527.png
pak_punjab,31.3162_72.3561.png
pak_punjab,31.3162_72.5675.png
pak_punjab,31.3162_72.5763.png
pak_punjab,31.3162_72.6175.png
pak_punjab,31.3162_72.6263.png
pak_punjab,31.3162_72.8027.png
pak_punjab,31.3162_72.8061.png
pak_punjab,31.3162_72.8939.png
pak_punjab,31.3162_72.9027.png
pak_punjab,31.3162_72.9263.png
pak_punjab,31.3162_72.9351.png
pak_punjab,31.3162_72.9439.png
pak_punjab,31.3162_72.9527.png
pak_punjab,31.3162_72.9763.png
pak_punjab,31.3162_73.0263.png
pak_punjab,31.3162_73.0439.png
pak_punjab,31.3162_73.0528.png
pak_punjab,31.3162_73.0561.png
pak_punjab,31.3162_73.1675.png
pak_punjab,31.3162_73.3028.png
pak_punjab,31.3162_73.3061.png
pak_punjab,31.3162_73.3675.png
pak_punjab,31.3162_73.3851.png
pak_punjab,31.3162_73.3939.png
pak_punjab,31.3162_73.5561.png
pak_punjab,31.3162_73.6939.png
pak_punjab,31.3162_73.7027.png
pak_punjab,31.3162_73.8028.png
pak_punjab,31.3162_73.8061.png
pak_punjab,31.3250_70.8263.png
pak_punjab,31.3250_70.8351.png
pak_punjab,31.3250_70.8439.png
pak_punjab,31.3250_70.8561.png
pak_punjab,31.3250_70.9352.png
pak_punjab,31.3250_70.9763.png
pak_punjab,31.3250_70.9851.png
pak_punjab,31.3250_70.9939.png
pak_punjab,31.3250_71.0175.png
pak_punjab,31.3250_71.0263.png
pak_punjab,31.3250_72.3175.png
pak_punjab,31.3250_72.8175.png
pak_punjab,31.3250_72.8939.png
pak_punjab,31.3250_72.9027.png
pak_punjab,31.3250_72.9351.png
pak_punjab,31.3250_72.9439.png
pak_punjab,31.3250_72.9527.png
pak_punjab,31.3250_72.9939.png
pak_punjab,31.3250_73.0027.png
pak_punjab,31.3250_73.0061.png
pak_punjab,31.3250_73.0263.png
pak_punjab,31.3250_73.1027.png
pak_punjab,31.3250_73.1061.png
pak_punjab,31.3250_73.1175.png
pak_punjab,31.3250_73.1263.png
pak_punjab,31.3250_73.1675.png
pak_punjab,31.3250_73.1763.png
pak_punjab,31.3250_73.3561.png
pak_punjab,31.3250_73.3939.png
pak_punjab,31.3250_73.7439.png
pak_punjab,31.3250_73.7527.png
pak_punjab,31.3250_73.7763.png
pak_punjab,31.3250_73.8527.png
pak_punjab,31.3338_70.8439.png
pak_punjab,31.3338_70.8527.png
pak_punjab,31.3338_70.8561.png
pak_punjab,31.3338_70.8763.png
pak_punjab,31.3338_70.9352.png
pak_punjab,31.3338_70.9675.png
pak_punjab,31.3338_70.9763.png
pak_punjab,31.3338_70.9851.png
pak_punjab,31.3338_70.9939.png
pak_punjab,31.3338_72.4527.png
pak_punjab,31.3338_72.4561.png
pak_punjab,31.3338_72.4675.png
pak_punjab,31.3338_72.8175.png
pak_punjab,31.3338_72.9561.png
pak_punjab,31.3338_72.9939.png
pak_punjab,31.3338_73.0061.png
pak_punjab,31.3338_73.1175.png
pak_punjab,31.3338_73.1527.png
pak_punjab,31.3338_73.1561.png
pak_punjab,31.3338_73.1675.png
pak_punjab,31.3338_73.1763.png
pak_punjab,31.3338_73.1851.png
pak_punjab,31.3338_73.3439.png
pak_punjab,31.3338_73.3527.png
pak_punjab,31.3338_73.3561.png
pak_punjab,31.3338_73.3939.png
pak_punjab,31.3338_73.7351.png
pak_punjab,31.3338_73.7763.png
pak_punjab,31.3426_70.8527.png
pak_punjab,31.3426_70.8763.png
pak_punjab,31.3426_70.8851.png
pak_punjab,31.3426_70.9675.png
pak_punjab,31.3426_71.4528.png
pak_punjab,31.3426_71.4561.png
pak_punjab,31.3426_72.1527.png
pak_punjab,31.3426_72.1561.png
pak_punjab,31.3426_72.4675.png
pak_punjab,31.3426_72.7675.png
pak_punjab,31.3426_72.8175.png
pak_punjab,31.3426_72.8263.png
pak_punjab,31.3426_72.8351.png
pak_punjab,31.3426_72.9175.png
pak_punjab,31.3426_72.9263.png
pak_punjab,31.3426_73.1675.png
pak_punjab,31.3426_73.1763.png
pak_punjab,31.3426_73.1851.png
pak_punjab,31.3426_73.2351.png
pak_punjab,31.3426_73.2439.png
pak_punjab,31.3426_73.3175.png
pak_punjab,31.3426_73.3263.png
pak_punjab,31.3426_73.3351.png
pak_punjab,31.3426_73.3439.png
pak_punjab,31.3426_73.3527.png
pak_punjab,31.3426_73.6561.png
pak_punjab,31.3426_73.6763.png
pak_punjab,31.3426_73.6851.png
pak_punjab,31.3426_73.8527.png
pak_punjab,31.3426_73.8561.png
pak_punjab,31.3426_73.9061.png
pak_punjab,31.3540_70.8675.png
pak_punjab,31.3540_70.9851.png
pak_punjab,31.3540_70.9939.png
pak_punjab,31.3540_72.8263.png
pak_punjab,31.3540_72.8439.png
pak_punjab,31.3540_72.8939.png
pak_punjab,31.3540_72.9027.png
pak_punjab,31.3540_72.9061.png
pak_punjab,31.3540_73.1175.png
pak_punjab,31.3540_73.1263.png
pak_punjab,31.3540_73.2175.png
pak_punjab,31.3540_73.3028.png
pak_punjab,31.3540_73.3061.png
pak_punjab,31.3540_73.4351.png
pak_punjab,31.3540_73.4439.png
pak_punjab,31.3540_73.7675.png
pak_punjab,31.3540_73.8061.png
pak_punjab,31.3540_73.8175.png
pak_punjab,31.3540_73.8263.png
pak_punjab,31.3540_73.8351.png
pak_punjab,31.3540_73.8527.png
pak_punjab,31.3540_73.9061.png
pak_punjab,31.3574_70.8351.png
pak_punjab,31.3574_70.9263.png
pak_punjab,31.3574_70.9851.png
pak_punjab,31.3574_70.9939.png
pak_punjab,31.3574_72.8263.png
pak_punjab,31.3574_72.8351.png
pak_punjab,31.3574_72.8439.png
pak_punjab,31.3574_72.9027.png
pak_punjab,31.3574_72.9061.png
pak_punjab,31.3574_73.0851.png
pak_punjab,31.3574_73.1175.png
pak_punjab,31.3574_73.1263.png
pak_punjab,31.3574_73.2175.png
pak_punjab,31.3574_73.2851.png
pak_punjab,31.3574_73.3028.png
pak_punjab,31.3574_73.3061.png
pak_punjab,31.3574_73.4351.png
pak_punjab,31.3574_73.4439.png
pak_punjab,31.3574_73.7263.png
pak_punjab,31.3574_73.7439.png
pak_punjab,31.3574_73.8028.png
pak_punjab,31.3574_73.8061.png
pak_punjab,31.3574_73.8351.png
pak_punjab,31.3663_70.8675.png
pak_punjab,31.3663_70.9175.png
pak_punjab,31.3663_70.9528.png
pak_punjab,31.3663_70.9561.png
pak_punjab,31.3663_70.9675.png
pak_punjab,31.3663_71.0027.png
pak_punjab,31.3663_71.0061.png
pak_punjab,31.3663_72.6851.png
pak_punjab,31.3663_72.6939.png
pak_punjab,31.3663_72.8351.png
pak_punjab,31.3663_72.8439.png
pak_punjab,31.3663_72.8763.png
pak_punjab,31.3663_72.8851.png
pak_punjab,31.3663_72.9061.png
pak_punjab,31.3663_72.9175.png
pak_punjab,31.3663_73.0263.png
pak_punjab,31.3663_73.0351.png
pak_punjab,31.3663_73.0439.png
pak_punjab,31.3663_73.0851.png
pak_punjab,31.3663_73.1027.png
pak_punjab,31.3663_73.1061.png
pak_punjab,31.3663_73.1351.png
pak_punjab,31.3663_73.1439.png
pak_punjab,31.3663_73.1527.png
pak_punjab,31.3663_73.1561.png
pak_punjab,31.3663_73.2027.png
pak_punjab,31.3663_73.2061.png
pak_punjab,31.3663_73.2851.png
pak_punjab,31.3663_73.4027.png
pak_punjab,31.3663_73.4061.png
pak_punjab,31.3663_73.4527.png
pak_punjab,31.3663_73.4561.png
pak_punjab,31.3663_73.4763.png
pak_punjab,31.3663_73.4851.png
pak_punjab,31.3663_73.4939.png
pak_punjab,31.3663_73.6939.png
pak_punjab,31.3663_73.7527.png
pak_punjab,31.3663_73.7561.png
pak_punjab,31.3751_70.9675.png
pak_punjab,31.3751_72.5675.png
pak_punjab,31.3751_72.5763.png
pak_punjab,31.3751_72.8763.png
pak_punjab,31.3751_73.0263.png
pak_punjab,31.3751_73.0351.png
pak_punjab,31.3751_73.1027.png
pak_punjab,31.3751_73.1061.png
pak_punjab,31.3751_73.1675.png
pak_punjab,31.3751_73.1763.png
pak_punjab,31.3751_73.1851.png
pak_punjab,31.3751_73.1939.png
pak_punjab,31.3751_73.3028.png
pak_punjab,31.3751_73.3061.png
pak_punjab,31.3751_73.4027.png
pak_punjab,31.3751_73.4061.png
pak_punjab,31.3751_73.4527.png
pak_punjab,31.3751_73.4561.png
pak_punjab,31.3751_73.4851.png
pak_punjab,31.3751_73.4939.png
pak_punjab,31.3751_73.6027.png
pak_punjab,31.3751_73.6061.png
pak_punjab,31.3751_73.7561.png
pak_punjab,31.3751_73.7851.png
pak_punjab,31.3751_73.8175.png
pak_punjab,31.3751_73.8351.png
pak_punjab,31.3839_70.8351.png
pak_punjab,31.3839_72.4027.png
pak_punjab,31.3839_72.4061.png
pak_punjab,31.3839_72.8675.png
pak_punjab,31.3839_73.1027.png
pak_punjab,31.3839_73.1675.png
pak_punjab,31.3839_73.1851.png
pak_punjab,31.3839_73.1939.png
pak_punjab,31.3839_73.2175.png
pak_punjab,31.3839_73.7439.png
pak_punjab,31.3839_73.8061.png
pak_punjab,31.3839_73.8175.png
pak_punjab,31.3839_73.8527.png
pak_punjab,31.3927_72.4027.png
pak_punjab,31.3927_72.4061.png
pak_punjab,31.3927_72.8675.png
pak_punjab,31.3927_72.8851.png
pak_punjab,31.3927_72.8939.png
pak_punjab,31.3927_73.1027.png
pak_punjab,31.3927_73.1061.png
pak_punjab,31.3927_73.1675.png
pak_punjab,31.3927_73.2061.png
pak_punjab,31.4041_71.0175.png
pak_punjab,31.4041_72.2175.png
pak_punjab,31.4041_72.2263.png
pak_punjab,31.4041_72.2763.png
pak_punjab,31.4041_72.6851.png
pak_punjab,31.4041_72.9351.png
pak_punjab,31.4041_72.9439.png
pak_punjab,31.4041_72.9527.png
pak_punjab,31.4041_72.9561.png
pak_punjab,31.4041_73.1263.png
pak_punjab,31.4041_73.2061.png
pak_punjab,31.4041_73.2175.png
pak_punjab,31.4041_73.2263.png
pak_punjab,31.4041_73.5263.png
pak_punjab,31.4041_73.5351.png
pak_punjab,31.4041_73.6675.png
pak_punjab,31.4041_73.6763.png
pak_punjab,31.4041_73.7527.png
pak_punjab,31.4041_73.7561.png
pak_punjab,31.4041_73.7851.png
pak_punjab,31.4041_73.8439.png
pak_punjab,31.4041_73.8763.png
pak_punjab,31.4074_71.0175.png
pak_punjab,31.4074_72.2175.png
pak_punjab,31.4074_72.2263.png
pak_punjab,31.4074_72.2763.png
pak_punjab,31.4074_72.4263.png
pak_punjab,31.4074_72.4351.png
pak_punjab,31.4074_72.6263.png
pak_punjab,31.4074_72.6351.png
pak_punjab,31.4074_72.6851.png
pak_punjab,31.4074_72.9351.png
pak_punjab,31.4074_72.9439.png
pak_punjab,31.4074_73.0263.png
pak_punjab,31.4074_73.0351.png
pak_punjab,31.4074_73.1027.png
pak_punjab,31.4074_73.1263.png
pak_punjab,31.4074_73.2175.png
pak_punjab,31.4074_73.2263.png
pak_punjab,31.4074_73.5263.png
pak_punjab,31.4074_73.5351.png
pak_punjab,31.4074_73.6675.png
pak_punjab,31.4074_73.6763.png
pak_punjab,31.4074_73.7527.png
pak_punjab,31.4074_73.7561.png
pak_punjab,31.4074_73.8763.png
pak_punjab,31.4074_73.9027.png
pak_punjab,31.4162_70.9851.png
pak_punjab,31.4162_70.9939.png
pak_punjab,31.4162_71.0027.png
pak_punjab,31.4162_71.0061.png
pak_punjab,31.4162_72.2439.png
pak_punjab,31.4162_72.2527.png
pak_punjab,31.4162_72.2561.png
pak_punjab,31.4162_72.4263.png
pak_punjab,31.4162_72.4351.png
pak_punjab,31.4162_72.6263.png
pak_punjab,31.4162_72.6351.png
pak_punjab,31.4162_72.6439.png
pak_punjab,31.4162_72.9175.png
pak_punjab,31.4162_72.9263.png
pak_punjab,31.4162_72.9351.png
pak_punjab,31.4162_72.9439.png
pak_punjab,31.4162_73.1175.png
pak_punjab,31.4162_73.1263.png
pak_punjab,31.4162_73.1939.png
pak_punjab,31.4162_73.2027.png
pak_punjab,31.4162_73.2061.png
pak_punjab,31.4162_73.2175.png
pak_punjab,31.4162_73.2263.png
pak_punjab,31.4162_73.5528.png
pak_punjab,31.4162_73.5561.png
pak_punjab,31.4162_73.6675.png
pak_punjab,31.4162_73.6763.png
pak_punjab,31.4162_73.6939.png
pak_punjab,31.4162_73.7527.png
pak_punjab,31.4162_73.7561.png
pak_punjab,31.4162_73.7675.png
pak_punjab,31.4162_73.8527.png
pak_punjab,31.4162_73.8561.png
pak_punjab,31.4162_73.9061.png
pak_punjab,31.4250_70.9939.png
pak_punjab,31.4250_71.0027.png
pak_punjab,31.4250_71.0061.png
pak_punjab,31.4250_72.4351.png
pak_punjab,31.4250_72.4439.png
pak_punjab,31.4250_72.6439.png
pak_punjab,31.4250_72.7527.png
pak_punjab,31.4250_72.7561.png
pak_punjab,31.4250_72.8027.png
pak_punjab,31.4250_72.8061.png
pak_punjab,31.4250_72.9175.png
pak_punjab,31.4250_72.9263.png
pak_punjab,31.4250_72.9439.png
pak_punjab,31.4250_72.9527.png
pak_punjab,31.4250_72.9561.png
pak_punjab,31.4250_73.1351.png
pak_punjab,31.4250_73.2027.png
pak_punjab,31.4250_73.2061.png
pak_punjab,31.4250_73.2175.png
pak_punjab,31.4250_73.5675.png
pak_punjab,31.4250_73.5763.png
pak_punjab,31.4250_73.6939.png
pak_punjab,31.4250_73.7940.png
pak_punjab,31.4250_73.8028.png
pak_punjab,31.4338_70.9939.png
pak_punjab,31.4338_71.0027.png
pak_punjab,31.4338_71.0175.png
pak_punjab,31.4338_72.1676.png
pak_punjab,31.4338_72.4351.png
pak_punjab,31.4338_72.4439.png
pak_punjab,31.4338_72.8763.png
pak_punjab,31.4338_72.9175.png
pak_punjab,31.4338_73.1675.png
pak_punjab,31.4338_73.1763.png
pak_punjab,31.4338_73.1851.png
pak_punjab,31.4338_73.6439.png
pak_punjab,31.4338_73.7851.png
pak_punjab,31.4338_73.8263.png
pak_punjab,31.4338_73.8561.png
pak_punjab,31.4426_71.0027.png
pak_punjab,31.4426_71.0061.png
pak_punjab,31.4426_71.0175.png
pak_punjab,31.4426_72.2527.png
pak_punjab,31.4426_72.8175.png
pak_punjab,31.4426_72.8763.png
pak_punjab,31.4426_73.1027.png
pak_punjab,31.4426_73.2439.png
pak_punjab,31.4426_73.2527.png
pak_punjab,31.4426_73.6439.png
pak_punjab,31.4426_73.6675.png
pak_punjab,31.4426_73.7940.png
pak_punjab,31.4540_72.6175.png
pak_punjab,31.4540_72.6263.png
pak_punjab,31.4540_72.9439.png
pak_punjab,31.4540_72.9527.png
pak_punjab,31.4540_72.9561.png
pak_punjab,31.4540_72.9675.png
pak_punjab,31.4540_73.1027.png
pak_punjab,31.4540_73.1061.png
pak_punjab,31.4540_73.2439.png
pak_punjab,31.4540_73.2527.png
pak_punjab,31.4540_73.5439.png
pak_punjab,31.4540_73.6851.png
pak_punjab,31.4540_73.8175.png
pak_punjab,31.4574_71.0027.png
pak_punjab,31.4574_71.0061.png
pak_punjab,31.4574_71.0263.png
pak_punjab,31.4574_72.6175.png
pak_punjab,31.4574_72.6263.png
pak_punjab,31.4574_72.7175.png
pak_punjab,31.4574_72.7263.png
pak_punjab,31.4574_72.9351.png
pak_punjab,31.4574_72.9439.png
pak_punjab,31.4574_72.9527.png
pak_punjab,31.4574_72.9561.png
pak_punjab,31.4574_72.9675.png
pak_punjab,31.4574_72.9763.png
pak_punjab,31.4574_72.9851.png
pak_punjab,31.4574_73.1061.png
pak_punjab,31.4574_73.2439.png
pak_punjab,31.4574_73.2527.png
pak_punjab,31.4574_73.5439.png
pak_punjab,31.4574_73.7851.png
pak_punjab,31.4574_73.8028.png
pak_punjab,31.4662_71.0027.png
pak_punjab,31.4662_71.0061.png
pak_punjab,31.4662_71.0175.png
pak_punjab,31.4662_71.0263.png
pak_punjab,31.4662_71.0351.png
pak_punjab,31.4662_71.0439.png
pak_punjab,31.4662_71.1351.png
pak_punjab,31.4662_72.6175.png
pak_punjab,31.4662_72.6263.png
pak_punjab,31.4662_72.9527.png
pak_punjab,31.4662_72.9561.png
pak_punjab,31.4662_73.0263.png
pak_punjab,31.4662_73.0351.png
pak_punjab,31.4662_73.0439.png
pak_punjab,31.4662_73.0528.png
pak_punjab,31.4662_73.0939.png
pak_punjab,31.4662_73.1027.png
pak_punjab,31.4662_73.6027.png
pak_punjab,31.4662_73.8439.png
pak_punjab,31.4750_71.0175.png
pak_punjab,31.4750_71.0351.png
pak_punjab,31.4750_71.0439.png
pak_punjab,31.4750_72.5027.png
pak_punjab,31.4750_72.5061.png
pak_punjab,31.4750_72.9175.png
pak_punjab,31.4750_72.9263.png
pak_punjab,31.4750_72.9439.png
pak_punjab,31.4750_72.9527.png
pak_punjab,31.4750_72.9561.png
pak_punjab,31.4750_72.9675.png
pak_punjab,31.4750_72.9763.png
pak_punjab,31.4750_73.0351.png
pak_punjab,31.4750_73.0439.png
pak_punjab,31.4750_73.0675.png
pak_punjab,31.4750_73.0763.png
pak_punjab,31.4750_73.0939.png
pak_punjab,31.4750_73.1027.png
pak_punjab,31.4750_73.1263.png
pak_punjab,31.4750_73.1527.png
pak_punjab,31.4750_73.1561.png
pak_punjab,31.4750_73.2527.png
pak_punjab,31.4750_73.2561.png
pak_punjab,31.4750_73.3061.png
pak_punjab,31.4750_73.3439.png
pak_punjab,31.4750_73.3527.png
pak_punjab,31.4750_73.3561.png
pak_punjab,31.4750_73.5939.png
pak_punjab,31.4750_73.6027.png
pak_punjab,31.4750_73.6175.png
pak_punjab,31.4750_73.7027.png
pak_punjab,31.4750_73.7061.png
pak_punjab,31.4750_73.7527.png
pak_punjab,31.4750_73.7561.png
pak_punjab,31.4750_73.8061.png
pak_punjab,31.4750_73.8175.png
pak_punjab,31.4750_73.8263.png
pak_punjab,31.4838_71.0175.png
pak_punjab,31.4838_71.0351.png
pak_punjab,31.4838_71.0439.png
pak_punjab,31.4838_71.1175.png
pak_punjab,31.4838_72.0763.png
pak_punjab,31.4838_72.0851.png
pak_punjab,31.4838_72.0939.png
pak_punjab,31.4838_72.5027.png
pak_punjab,31.4838_72.5061.png
pak_punjab,31.4838_72.7027.png
pak_punjab,31.4838_72.8675.png
pak_punjab,31.4838_72.8763.png
pak_punjab,31.4838_72.9561.png
pak_punjab,31.4838_72.9675.png
pak_punjab,31.4838_73.0351.png
pak_punjab,31.4838_73.0439.png
pak_punjab,31.4838_73.0528.png
pak_punjab,31.4838_73.1175.png
pak_punjab,31.4838_73.1263.png
pak_punjab,31.4838_73.1527.png
pak_punjab,31.4838_73.1561.png
pak_punjab,31.4838_73.1763.png
pak_punjab,31.4838_73.1851.png
pak_punjab,31.4838_73.3061.png
pak_punjab,31.4838_73.3175.png
pak_punjab,31.4838_73.3527.png
pak_punjab,31.4838_73.3561.png
pak_punjab,31.4838_73.6175.png
pak_punjab,31.4838_73.6263.png
pak_punjab,31.4838_73.7027.png
pak_punjab,31.4838_73.7061.png
pak_punjab,31.4838_73.7351.png
pak_punjab,31.4838_73.7439.png
pak_punjab,31.4838_73.8061.png
pak_punjab,31.4926_70.8851.png
pak_punjab,31.4926_70.8939.png
pak_punjab,31.4926_72.0763.png
pak_punjab,31.4926_72.0851.png
pak_punjab,31.4926_72.6939.png
pak_punjab,31.4926_72.7027.png
pak_punjab,31.4926_72.9675.png
pak_punjab,31.4926_72.9763.png
pak_punjab,31.4926_72.9851.png
pak_punjab,31.4926_73.0351.png
pak_punjab,31.4926_73.0439.png
pak_punjab,31.4926_73.0528.png
pak_punjab,31.4926_73.1527.png
pak_punjab,31.4926_73.1561.png
pak_punjab,31.4926_73.1763.png
pak_punjab,31.4926_73.1851.png
pak_punjab,31.4926_73.1939.png
pak_punjab,31.4926_73.3061.png
pak_punjab,31.4926_73.3175.png
pak_punjab,31.4926_73.3263.png
pak_punjab,31.4926_73.3561.png
pak_punjab,31.4926_73.6263.png
pak_punjab,31.4926_73.7439.png
pak_punjab,31.5041_72.8527.png
pak_punjab,31.5041_72.8561.png
pak_punjab,31.5041_72.8675.png
pak_punjab,31.5041_72.9027.png
pak_punjab,31.5041_72.9061.png
pak_punjab,31.5041_73.0351.png
pak_punjab,31.5041_73.0439.png
pak_punjab,31.5041_73.0528.png
pak_punjab,31.5041_73.0561.png
pak_punjab,31.5041_73.1527.png
pak_punjab,31.5041_73.1561.png
pak_punjab,31.5041_73.1939.png
pak_punjab,31.5041_73.2851.png
pak_punjab,31.5041_73.2939.png
pak_punjab,31.5041_73.3028.png
pak_punjab,31.5041_73.3061.png
pak_punjab,31.5041_73.3175.png
pak_punjab,31.5041_73.3263.png
pak_punjab,31.5041_73.3439.png
pak_punjab,31.5041_73.3527.png
pak_punjab,31.5041_73.3939.png
pak_punjab,31.5041_73.5675.png
pak_punjab,31.5041_73.5939.png
pak_punjab,31.5041_73.6675.png
pak_punjab,31.5075_72.8675.png
pak_punjab,31.5075_73.0351.png
pak_punjab,31.5075_73.0439.png
pak_punjab,31.5075_73.0528.png
pak_punjab,31.5075_73.0561.png
pak_punjab,31.5075_73.1561.png
pak_punjab,31.5075_73.1939.png
pak_punjab,31.5075_73.2851.png
pak_punjab,31.5075_73.2939.png
pak_punjab,31.5075_73.3028.png
pak_punjab,31.5075_73.3061.png
pak_punjab,31.5075_73.3263.png
pak_punjab,31.5075_73.3351.png
pak_punjab,31.5075_73.3439.png
pak_punjab,31.5075_73.3527.png
pak_punjab,31.5075_73.3939.png
pak_punjab,31.5075_73.4027.png
pak_punjab,31.5075_73.5675.png
pak_punjab,31.5075_73.5763.png
pak_punjab,31.5075_73.5939.png
pak_punjab,31.5075_73.6675.png
pak_punjab,31.5075_73.8527.png
pak_punjab,31.5075_73.8561.png
pak_punjab,31.5163_71.0439.png
pak_punjab,31.5163_71.0527.png
pak_punjab,31.5163_73.0263.png
pak_punjab,31.5163_73.0351.png
pak_punjab,31.5163_73.0439.png
pak_punjab,31.5163_73.3263.png
pak_punjab,31.5163_73.3351.png
pak_punjab,31.5163_73.3439.png
pak_punjab,31.5163_73.3939.png
pak_punjab,31.5163_73.4027.png
pak_punjab,31.5163_73.7351.png
pak_punjab,31.5163_73.8527.png
pak_punjab,31.5163_73.8561.png
pak_punjab,31.5251_70.9528.png
pak_punjab,31.5251_70.9561.png
pak_punjab,31.5251_72.1027.png
pak_punjab,31.5251_72.1061.png
pak_punjab,31.5251_72.1940.png
pak_punjab,31.5251_73.0263.png
pak_punjab,31.5251_73.0351.png
pak_punjab,31.5251_73.0528.png
pak_punjab,31.5251_73.0561.png
pak_punjab,31.5251_73.3439.png
pak_punjab,31.5251_73.7439.png
pak_punjab,31.5251_73.8028.png
pak_punjab,31.5251_73.8061.png
pak_punjab,31.5251_73.8175.png
pak_punjab,31.5251_73.8561.png
pak_punjab,31.5339_71.0175.png
pak_punjab,31.5339_71.0351.png
pak_punjab,31.5339_71.1263.png
pak_punjab,31.5339_71.7175.png
pak_punjab,31.5339_72.1027.png
pak_punjab,31.5339_72.1061.png
pak_punjab,31.5339_72.1852.png
pak_punjab,31.5339_72.9527.png
pak_punjab,31.5339_72.9561.png
pak_punjab,31.5339_73.0027.png
pak_punjab,31.5339_73.0061.png
pak_punjab,31.5339_73.0528.png
pak_punjab,31.5339_73.0561.png
pak_punjab,31.5339_73.1675.png
pak_punjab,31.5339_73.2027.png
pak_punjab,31.5339_73.2527.png
pak_punjab,31.5339_73.2561.png
pak_punjab,31.5339_73.3028.png
pak_punjab,31.5339_73.3061.png
pak_punjab,31.5339_73.3561.png
pak_punjab,31.5339_73.3675.png
pak_punjab,31.5339_73.6061.png
pak_punjab,31.5339_73.8351.png
pak_punjab,31.5339_73.8439.png
pak_punjab,31.5427_71.0175.png
pak_punjab,31.5427_71.1263.png
pak_punjab,31.5427_71.7675.png
pak_punjab,31.5427_72.1027.png
pak_punjab,31.5427_72.1061.png
pak_punjab,31.5427_72.6439.png
pak_punjab,31.5427_72.6527.png
pak_punjab,31.5427_72.6561.png
pak_punjab,31.5427_73.0528.png
pak_punjab,31.5427_73.0561.png
pak_punjab,31.5427_73.0675.png
pak_punjab,31.5427_73.0763.png
pak_punjab,31.5427_73.1527.png
pak_punjab,31.5427_73.1561.png
pak_punjab,31.5427_73.1675.png
pak_punjab,31.5427_73.2527.png
pak_punjab,31.5427_73.2561.png
pak_punjab,31.5427_73.3028.png
pak_punjab,31.5427_73.3061.png
pak_punjab,31.5427_73.3561.png
pak_punjab,31.5427_73.4527.png
pak_punjab,31.5427_73.4561.png
pak_punjab,31.5427_73.4851.png
pak_punjab,31.5427_73.4939.png
pak_punjab,31.5541_71.0175.png
pak_punjab,31.5541_71.0263.png
pak_punjab,31.5541_71.0351.png
pak_punjab,31.5541_71.0439.png
pak_punjab,31.5541_71.0527.png
pak_punjab,31.5541_71.0561.png
pak_punjab,31.5541_71.7263.png
pak_punjab,31.5541_72.2851.png
pak_punjab,31.5541_72.2939.png
pak_punjab,31.5541_72.6263.png
pak_punjab,31.5541_73.0263.png
pak_punjab,31.5541_73.0675.png
pak_punjab,31.5541_73.1175.png
pak_punjab,31.5541_73.1763.png
pak_punjab,31.5541_73.4675.png
pak_punjab,31.5541_73.5027.png
pak_punjab,31.5541_73.5061.png
pak_punjab,31.5541_73.6527.png
pak_punjab,31.5541_73.6561.png
pak_punjab,31.5541_73.7439.png
pak_punjab,31.5541_73.7527.png
pak_punjab,31.5541_73.7675.png
pak_punjab,31.5574_71.0175.png
pak_punjab,31.5574_71.0263.png
pak_punjab,31.5574_71.0439.png
pak_punjab,31.5574_71.0527.png
pak_punjab,31.5574_71.0561.png
pak_punjab,31.5574_71.7263.png
pak_punjab,31.5574_72.2763.png
pak_punjab,31.5574_72.2851.png
pak_punjab,31.5574_72.2939.png
pak_punjab,31.5574_72.6351.png
pak_punjab,31.5574_72.6561.png
pak_punjab,31.5574_73.0263.png
pak_punjab,31.5574_73.0675.png
pak_punjab,31.5574_73.1175.png
pak_punjab,31.5574_73.1763.png
pak_punjab,31.5574_73.4675.png
pak_punjab,31.5574_73.6263.png
pak_punjab,31.5574_73.7027.png
pak_punjab,31.5574_73.7061.png
pak_punjab,31.5574_73.7527.png
pak_punjab,31.5662_71.0175.png
pak_punjab,31.5662_71.0263.png
pak_punjab,31.5662_71.0527.png
pak_punjab,31.5662_71.0561.png
pak_punjab,31.5662_71.7851.png
pak_punjab,31.5662_72.2763.png
pak_punjab,31.5662_72.6561.png
pak_punjab,31.5662_73.0439.png
pak_punjab,31.5662_73.0528.png
pak_punjab,31.5662_73.0675.png
pak_punjab,31.5662_73.0763.png
pak_punjab,31.5662_73.3939.png
pak_punjab,31.5662_73.6763.png
pak_punjab,31.5662_73.7027.png
pak_punjab,31.5662_73.7061.png
pak_punjab,31.5750_71.0027.png
pak_punjab,31.5750_71.0061.png
pak_punjab,31.5750_71.0263.png
pak_punjab,31.5750_71.0527.png
pak_punjab,31.5750_71.0561.png
pak_punjab,31.5750_71.1439.png
pak_punjab,31.5750_71.1527.png
pak_punjab,31.5750_72.2675.png
pak_punjab,31.5750_73.1027.png
pak_punjab,31.5750_73.1061.png
pak_punjab,31.5750_73.1175.png
pak_punjab,31.5750_73.3939.png
pak_punjab,31.5750_73.6763.png
pak_punjab,31.5750_73.6851.png
pak_punjab,31.5750_73.6939.png
pak_punjab,31.5838_71.0027.png
pak_punjab,31.5838_71.0061.png
pak_punjab,31.5838_71.0263.png
pak_punjab,31.5838_71.0561.png
pak_punjab,31.5838_72.2351.png
pak_punjab,31.5838_72.2675.png
pak_punjab,31.5838_73.2175.png
pak_punjab,31.5838_73.4851.png
pak_punjab,31.5838_73.5061.png
pak_punjab,31.5838_73.5263.png
pak_punjab,31.5838_73.6263.png
pak_punjab,31.5838_73.6351.png
pak_punjab,31.5838_73.6439.png
pak_punjab,31.5838_73.6763.png
pak_punjab,31.5926_71.0351.png
pak_punjab,31.5926_71.0439.png
pak_punjab,31.5926_71.0561.png
pak_punjab,31.5926_72.7027.png
pak_punjab,31.5926_72.7061.png
pak_punjab,31.5926_72.9851.png
pak_punjab,31.5926_72.9939.png
pak_punjab,31.5926_73.2175.png
pak_punjab,31.5926_73.4675.png
pak_punjab,31.5926_73.4851.png
pak_punjab,31.5926_73.5061.png
pak_punjab,31.5926_73.5263.png
pak_punjab,31.5926_73.6175.png
pak_punjab,31.5926_73.6263.png
pak_punjab,31.5926_73.6351.png
pak_punjab,31.5926_73.6439.png
pak_punjab,31.5926_73.6527.png
pak_punjab,31.5926_73.7061.png
pak_punjab,31.5926_73.7675.png
pak_punjab,31.5926_73.7763.png
pak_punjab,31.6040_71.0175.png
pak_punjab,31.6040_71.0263.png
pak_punjab,31.6040_71.0439.png
pak_punjab,31.6040_71.1561.png
pak_punjab,31.6040_72.2263.png
pak_punjab,31.6040_72.2351.png
pak_punjab,31.6040_72.4175.png
pak_punjab,31.6040_72.4263.png
pak_punjab,31.6040_73.0351.png
pak_punjab,31.6040_73.0675.png
pak_punjab,31.6040_73.5027.png
pak_punjab,31.6040_73.5061.png
pak_punjab,31.6040_73.6939.png
pak_punjab,31.6040_73.7027.png
pak_punjab,31.6040_73.7061.png
pak_punjab,31.6074_71.0175.png
pak_punjab,31.6074_71.0263.png
pak_punjab,31.6074_71.0351.png
pak_punjab,31.6074_71.0439.png
pak_punjab,31.6074_71.1561.png
pak_punjab,31.6074_72.4263.png
pak_punjab,31.6074_72.4439.png
pak_punjab,31.6074_73.0351.png
pak_punjab,31.6074_73.0675.png
pak_punjab,31.6074_73.1351.png
pak_punjab,31.6074_73.5027.png
pak_punjab,31.6074_73.5061.png
pak_punjab,31.6074_73.5528.png
pak_punjab,31.6074_73.5561.png
pak_punjab,31.6074_73.6763.png
pak_punjab,31.6074_73.6939.png
pak_punjab,31.6074_73.7027.png
pak_punjab,31.6074_73.7061.png
pak_punjab,31.6163_70.9939.png
pak_punjab,31.6163_71.0027.png
pak_punjab,31.6163_71.0061.png
pak_punjab,31.6163_71.0351.png
pak_punjab,31.6163_72.2263.png
pak_punjab,31.6163_72.2439.png
pak_punjab,31.6163_72.3851.png
pak_punjab,31.6163_72.4439.png
pak_punjab,31.6163_73.1027.png
pak_punjab,31.6163_73.1061.png
pak_punjab,31.6163_73.1351.png
pak_punjab,31.6163_73.5175.png
pak_punjab,31.6163_73.6527.png
pak_punjab,31.6163_73.6561.png
pak_punjab,31.6163_73.7027.png
pak_punjab,31.6251_70.9939.png
pak_punjab,31.6251_71.0027.png
pak_punjab,31.6251_72.1561.png
pak_punjab,31.6251_72.2263.png
pak_punjab,31.6251_72.2527.png
pak_punjab,31.6251_73.0763.png
pak_punjab,31.6251_73.5175.png
pak_punjab,31.6251_73.6763.png
pak_punjab,31.6251_73.7351.png
pak_punjab,31.6251_73.7763.png
pak_punjab,31.6339_71.0027.png
pak_punjab,31.6339_71.0061.png
pak_punjab,31.6339_71.0263.png
pak_punjab,31.6339_71.0351.png
pak_punjab,31.6339_71.0439.png
pak_punjab,31.6339_71.0527.png
pak_punjab,31.6339_71.0561.png
pak_punjab,31.6339_71.1527.png
pak_punjab,31.6339_71.1561.png
pak_punjab,31.6339_72.2561.png
pak_punjab,31.6339_72.2763.png
pak_punjab,31.6339_72.2851.png
pak_punjab,31.6339_72.3061.png
pak_punjab,31.6339_72.3175.png
pak_punjab,31.6339_72.3263.png
pak_punjab,31.6339_72.3351.png
pak_punjab,31.6339_73.0763.png
pak_punjab,31.6339_73.0851.png
pak_punjab,31.6339_73.5763.png
pak_punjab,31.6339_73.5851.png
pak_punjab,31.6339_73.6527.png
pak_punjab,31.6339_73.6763.png
pak_punjab,31.6339_73.7439.png
pak_punjab,31.6339_73.7527.png
pak_punjab,31.6339_73.7561.png
pak_punjab,31.6427_70.9061.png
pak_punjab,31.6427_71.0351.png
pak_punjab,31.6427_71.0439.png
pak_punjab,31.6427_71.1527.png
pak_punjab,31.6427_71.1561.png
pak_punjab,31.6427_72.2527.png
pak_punjab,31.6427_72.2675.png
pak_punjab,31.6427_72.2763.png
pak_punjab,31.6427_72.3175.png
pak_punjab,31.6427_72.3263.png
pak_punjab,31.6427_72.3351.png
pak_punjab,31.6427_73.0528.png
pak_punjab,31.6427_73.0561.png
pak_punjab,31.6427_73.0851.png
pak_punjab,31.6427_73.1027.png
pak_punjab,31.6427_73.1061.png
pak_punjab,31.6427_73.5763.png
pak_punjab,31.6427_73.5851.png
pak_punjab,31.6427_73.6763.png
pak_punjab,31.6427_73.7561.png
pak_punjab,31.6427_73.7851.png
pak_punjab,31.6541_71.0263.png
pak_punjab,31.6541_71.0351.png
pak_punjab,31.6541_71.0561.png
pak_punjab,31.6541_71.0763.png
pak_punjab,31.6541_72.2675.png
pak_punjab,31.6541_72.2763.png
pak_punjab,31.6541_72.4061.png
pak_punjab,31.6541_73.0528.png
pak_punjab,31.6541_73.0561.png
pak_punjab,31.6541_73.4263.png
pak_punjab,31.6541_73.4351.png
pak_punjab,31.6541_73.5351.png
pak_punjab,31.6541_73.5675.png
pak_punjab,31.6541_73.7061.png
pak_punjab,31.6541_73.7175.png
pak_punjab,31.6574_71.0263.png
pak_punjab,31.6574_71.0527.png
pak_punjab,31.6574_71.0561.png
pak_punjab,31.6574_71.0763.png
pak_punjab,31.6574_72.3527.png
pak_punjab,31.6574_72.3561.png
pak_punjab,31.6574_73.0528.png
pak_punjab,31.6574_73.0561.png
pak_punjab,31.6574_73.0939.png
pak_punjab,31.6574_73.5351.png
pak_punjab,31.6574_73.6027.png
pak_punjab,31.6574_73.7175.png
pak_punjab,31.6662_71.0175.png
pak_punjab,31.6662_71.0263.png
pak_punjab,31.6662_71.0527.png
pak_punjab,31.6662_71.0561.png
pak_punjab,31.6662_71.0675.png
pak_punjab,31.6662_71.0763.png
pak_punjab,31.6662_73.0528.png
pak_punjab,31.6662_73.0561.png
pak_punjab,31.6662_73.0939.png
pak_punjab,31.6662_73.1527.png
pak_punjab,31.6662_73.1561.png
pak_punjab,31.6662_73.6027.png
pak_punjab,31.6662_73.6061.png
pak_punjab,31.6662_73.6263.png
pak_punjab,31.6662_73.7061.png
pak_punjab,31.6662_73.7527.png
pak_punjab,31.6662_73.7561.png
pak_punjab,31.6750_71.0675.png
pak_punjab,31.6750_72.3027.png
pak_punjab,31.6750_72.3061.png
pak_punjab,31.6750_72.3675.png
pak_punjab,31.6750_72.5439.png
pak_punjab,31.6750_72.9763.png
pak_punjab,31.6750_73.0027.png
pak_punjab,31.6750_73.0061.png
pak_punjab,31.6750_73.2851.png
pak_punjab,31.6750_73.2939.png
pak_punjab,31.6750_73.5675.png
pak_punjab,31.6750_73.6061.png
pak_punjab,31.6750_73.7061.png
pak_punjab,31.6750_73.7175.png
pak_punjab,31.6750_73.7561.png
pak_punjab,31.6838_71.0851.png
pak_punjab,31.6838_71.1027.png
pak_punjab,31.6838_71.1061.png
pak_punjab,31.6838_72.3675.png
pak_punjab,31.6838_72.7851.png
pak_punjab,31.6838_72.9763.png
pak_punjab,31.6838_73.0027.png
pak_punjab,31.6838_73.0061.png
pak_punjab,31.6838_73.2939.png
pak_punjab,31.6838_73.5175.png
pak_punjab,31.6838_73.6027.png
pak_punjab,31.6838_73.7561.png
pak_punjab,31.6926_71.0763.png
pak_punjab,31.6926_71.0851.png
pak_punjab,31.6926_72.9763.png
pak_punjab,31.6926_72.9851.png
pak_punjab,31.6926_72.9939.png
pak_punjab,31.6926_73.0027.png
pak_punjab,31.6926_73.6527.png
pak_punjab,31.6926_73.7175.png
pak_punjab,31.7040_71.0939.png
pak_punjab,31.7040_72.2675.png
pak_punjab,31.7040_72.9675.png
pak_punjab,31.7040_72.9763.png
pak_punjab,31.7040_72.9851.png
pak_punjab,31.7040_73.0439.png
pak_punjab,31.7040_73.1351.png
pak_punjab,31.7040_73.4175.png
pak_punjab,31.7040_73.4351.png
pak_punjab,31.7040_73.4439.png
pak_punjab,31.7040_73.4939.png
pak_punjab,31.7040_73.5027.png
pak_punjab,31.7040_73.5939.png
pak_punjab,31.7040_73.6027.png
pak_punjab,31.7040_73.6561.png
pak_punjab,31.7040_73.6675.png
pak_punjab,31.7040_73.6763.png
pak_punjab,31.7040_73.7175.png
pak_punjab,31.7074_71.0939.png
pak_punjab,31.7074_72.1439.png
pak_punjab,31.7074_72.2675.png
pak_punjab,31.7074_72.9851.png
pak_punjab,31.7074_73.1351.png
pak_punjab,31.7074_73.4175.png
pak_punjab,31.7074_73.4351.png
pak_punjab,31.7074_73.4439.png
pak_punjab,31.7074_73.5939.png
pak_punjab,31.7074_73.6351.png
pak_punjab,31.7074_73.6675.png
pak_punjab,31.7074_73.6763.png
pak_punjab,31.7162_72.1439.png
pak_punjab,31.7162_72.9851.png
pak_punjab,31.7162_73.6061.png
pak_punjab,31.7162_73.6351.png
pak_punjab,31.7162_73.6439.png
pak_punjab,31.7162_73.7027.png
pak_punjab,31.7162_73.7061.png
pak_punjab,31.7250_71.0939.png
pak_punjab,31.7250_71.1027.png
pak_punjab,31.7250_71.2028.png
pak_punjab,31.7250_71.2061.png
pak_punjab,31.7250_73.3263.png
pak_punjab,31.7250_73.3351.png
pak_punjab,31.7250_73.4027.png
pak_punjab,31.7250_73.4061.png
pak_punjab,31.7250_73.4175.png
pak_punjab,31.7250_73.4263.png
pak_punjab,31.7250_73.6263.png
pak_punjab,31.7250_73.6351.png
pak_punjab,31.7250_73.6439.png
pak_punjab,31.7250_73.7061.png
pak_punjab,31.7338_73.0027.png
pak_punjab,31.7338_73.0061.png
pak_punjab,31.7426_71.1027.png
pak_punjab,31.7426_71.1061.png
pak_punjab,31.7426_73.0027.png
pak_punjab,31.7426_73.0061.png
pak_punjab,31.7426_73.3939.png
pak_punjab,31.7426_73.4027.png
pak_punjab,31.7426_73.4527.png
pak_punjab,31.7426_73.4561.png
pak_punjab,31.7426_73.5439.png
pak_punjab,31.7426_73.6027.png
pak_punjab,31.7541_71.1027.png
pak_punjab,31.7541_71.1061.png
pak_punjab,31.7541_72.1676.png
pak_punjab,31.7541_72.4527.png
pak_punjab,31.7541_72.4561.png
pak_punjab,31.7541_72.8175.png
pak_punjab,31.7541_72.8561.png
pak_punjab,31.7541_72.8675.png
pak_punjab,31.7541_72.8763.png
pak_punjab,31.7541_72.8851.png
pak_punjab,31.7541_73.0675.png
pak_punjab,31.7541_73.1939.png
pak_punjab,31.7541_73.2851.png
pak_punjab,31.7541_73.5061.png
pak_punjab,31.7541_73.5175.png
pak_punjab,31.7541_73.5439.png
pak_punjab,31.7541_73.5561.png
pak_punjab,31.7541_73.5851.png
pak_punjab,31.7541_73.5939.png
pak_punjab,31.7541_73.6027.png
pak_punjab,31.7541_73.6175.png
pak_punjab,31.7541_73.6263.png
pak_punjab,31.7575_71.1027.png
pak_punjab,31.7575_71.1061.png
pak_punjab,31.7575_72.1676.png
pak_punjab,31.7575_72.4527.png
pak_punjab,31.7575_72.4561.png
pak_punjab,31.7575_72.8175.png
pak_punjab,31.7575_72.8561.png
pak_punjab,31.7575_72.8675.png
pak_punjab,31.7575_72.8763.png
pak_punjab,31.7575_73.0675.png
pak_punjab,31.7575_73.0763.png
pak_punjab,31.7575_73.1939.png
pak_punjab,31.7575_73.2851.png
pak_punjab,31.7575_73.4675.png
pak_punjab,31.7575_73.5061.png
pak_punjab,31.7575_73.5175.png
pak_punjab,31.7575_73.5528.png
pak_punjab,31.7575_73.5561.png
pak_punjab,31.7575_73.5851.png
pak_punjab,31.7575_73.5939.png
pak_punjab,31.7575_73.6675.png
pak_punjab,31.7663_71.1027.png
pak_punjab,31.7663_71.1061.png
pak_punjab,31.7663_72.7027.png
pak_punjab,31.7663_72.7061.png
pak_punjab,31.7663_72.9027.png
pak_punjab,31.7663_72.9061.png
pak_punjab,31.7663_73.0763.png
pak_punjab,31.7663_73.5351.png
pak_punjab,31.7663_73.5675.png
pak_punjab,31.7663_73.5763.png
pak_punjab,31.7663_73.5939.png
pak_punjab,31.7663_73.6675.png
pak_punjab,31.7751_71.1027.png
pak_punjab,31.7751_71.1061.png
pak_punjab,31.7751_71.8851.png
pak_punjab,31.7751_72.9027.png
pak_punjab,31.7751_72.9061.png
pak_punjab,31.7751_73.2527.png
pak_punjab,31.7751_73.2561.png
pak_punjab,31.7751_73.4851.png
pak_punjab,31.7751_73.5061.png
pak_punjab,31.7751_73.5351.png
pak_punjab,31.7751_73.5675.png
pak_punjab,31.7751_73.6175.png
pak_punjab,31.7751_73.6263.png
pak_punjab,31.7751_73.6763.png
pak_punjab,31.7839_71.0939.png
pak_punjab,31.7839_71.8263.png
pak_punjab,31.7839_73.4675.png
pak_punjab,31.7839_73.5351.png
pak_punjab,31.7839_73.5763.png
pak_punjab,31.7839_73.6175.png
pak_punjab,31.7839_73.6763.png
pak_punjab,31.7927_71.0851.png
pak_punjab,31.7927_71.0939.png
pak_punjab,31.7927_71.8263.png
pak_punjab,31.7927_72.3763.png
pak_punjab,31.7927_73.5439.png
pak_punjab,31.7927_73.5528.png
pak_punjab,31.7927_73.5939.png
pak_punjab,31.8041_71.1061.png
pak_punjab,31.8041_71.8351.png
pak_punjab,31.8041_72.3763.png
pak_punjab,31.8041_72.5675.png
pak_punjab,31.8041_72.5763.png
pak_punjab,31.8041_72.6351.png
pak_punjab,31.8041_72.9027.png
pak_punjab,31.8041_72.9061.png
pak_punjab,31.8041_73.4851.png
pak_punjab,31.8041_73.5175.png
pak_punjab,31.8074_71.1027.png
pak_punjab,31.8074_71.1061.png
pak_punjab,31.8074_71.8351.png
pak_punjab,31.8074_72.3675.png
pak_punjab,31.8074_72.3763.png
pak_punjab,31.8074_72.5263.png
pak_punjab,31.8074_72.5527.png
pak_punjab,31.8074_72.5561.png
pak_punjab,31.8074_72.5675.png
pak_punjab,31.8074_72.5763.png
pak_punjab,31.8074_72.6351.png
pak_punjab,31.8074_72.9027.png
pak_punjab,31.8074_72.9061.png
pak_punjab,31.8074_73.1763.png
pak_punjab,31.8074_73.5175.png
pak_punjab,31.8074_73.6175.png
pak_punjab,31.8162_72.3527.png
pak_punjab,31.8162_72.3561.png
pak_punjab,31.8162_72.3675.png
pak_punjab,31.8162_72.5263.png
pak_punjab,31.8162_72.5527.png
pak_punjab,31.8162_72.5561.png
pak_punjab,31.8162_72.6027.png
pak_punjab,31.8162_72.6061.png
pak_punjab,31.8162_72.6351.png
pak_punjab,31.8162_72.6439.png
pak_punjab,31.8162_72.7851.png
pak_punjab,31.8162_72.7939.png
pak_punjab,31.8162_73.1763.png
pak_punjab,31.8162_73.5027.png
pak_punjab,31.8162_73.5061.png
pak_punjab,31.8162_73.5175.png
pak_punjab,31.8162_73.6263.png
pak_punjab,31.8250_72.2939.png
pak_punjab,31.8250_72.3027.png
pak_punjab,31.8250_72.3263.png
pak_punjab,31.8250_72.3351.png
pak_punjab,31.8250_72.5263.png
pak_punjab,31.8250_72.5763.png
pak_punjab,31.8250_72.7851.png
pak_punjab,31.8250_72.7939.png
pak_punjab,31.8250_72.9263.png
pak_punjab,31.8250_72.9351.png
pak_punjab,31.8250_73.3939.png
pak_punjab,31.8250_73.4027.png
pak_punjab,31.8250_73.4561.png
pak_punjab,31.8250_73.4851.png
pak_punjab,31.8250_73.5263.png
pak_punjab,31.8250_73.5528.png
pak_punjab,31.8250_73.5675.png
pak_punjab,31.8250_73.5763.png
pak_punjab,31.8338_72.4939.png
pak_punjab,31.8338_72.5027.png
pak_punjab,31.8338_72.5175.png
pak_punjab,31.8338_72.5439.png
pak_punjab,31.8338_72.5939.png
pak_punjab,31.8338_72.8027.png
pak_punjab,31.8338_72.8061.png
pak_punjab,31.8338_73.3939.png
pak_punjab,31.8338_73.4027.png
pak_punjab,31.8338_73.4439.png
pak_punjab,31.8338_73.4527.png
pak_punjab,31.8338_73.5351.png
pak_punjab,31.8338_73.5439.png
pak_punjab,31.8338_73.5528.png
pak_punjab,31.8338_73.5675.png
pak_punjab,31.8338_73.5763.png
pak_punjab,31.8426_71.1061.png
pak_punjab,31.8426_71.1175.png
pak_punjab,31.8426_71.9027.png
pak_punjab,31.8426_71.9061.png
pak_punjab,31.8426_72.5175.png
pak_punjab,31.8426_72.5939.png
pak_punjab,31.8426_72.8027.png
pak_punjab,31.8426_72.9527.png
pak_punjab,31.8426_72.9561.png
pak_punjab,31.8426_73.3028.png
pak_punjab,31.8426_73.4527.png
pak_punjab,31.8426_73.4851.png
pak_punjab,31.8426_73.4939.png
pak_punjab,31.8426_73.5061.png
pak_punjab,31.8426_73.5351.png
pak_punjab,31.8426_73.5851.png
pak_punjab,31.8426_73.5939.png
pak_punjab,31.8426_73.6027.png
pak_punjab,31.8426_73.6061.png
pak_punjab,31.8540_71.1175.png
pak_punjab,31.8540_71.1263.png
pak_punjab,31.8540_72.2939.png
pak_punjab,31.8540_72.5675.png
pak_punjab,31.8540_72.6527.png
pak_punjab,31.8540_72.6561.png
pak_punjab,31.8540_72.7939.png
pak_punjab,31.8540_73.2851.png
pak_punjab,31.8540_73.3061.png
pak_punjab,31.8540_73.4675.png
pak_punjab,31.8540_73.5351.png
pak_punjab,31.8574_71.1175.png
pak_punjab,31.8574_71.1263.png
pak_punjab,31.8574_71.9027.png
pak_punjab,31.8574_71.9061.png
pak_punjab,31.8574_72.2939.png
pak_punjab,31.8574_72.4439.png
pak_punjab,31.8574_72.4527.png
pak_punjab,31.8574_72.5675.png
pak_punjab,31.8574_72.6527.png
pak_punjab,31.8574_72.6561.png
pak_punjab,31.8574_72.7939.png
pak_punjab,31.8574_73.3175.png
pak_punjab,31.8574_73.4851.png
pak_punjab,31.8574_73.5263.png
pak_punjab,31.8574_73.5351.png
pak_punjab,31.8574_73.5939.png
pak_punjab,31.8663_71.1263.png
pak_punjab,31.8663_71.1351.png
pak_punjab,31.8663_72.3939.png
pak_punjab,31.8663_72.7263.png
pak_punjab,31.8663_73.2175.png
pak_punjab,31.8663_73.3175.png
pak_punjab,31.8663_73.3263.png
pak_punjab,31.8663_73.4939.png
pak_punjab,31.8663_73.5263.png
pak_punjab,31.8663_73.5851.png
pak_punjab,31.8751_71.1263.png
pak_punjab,31.8751_71.1351.png
pak_punjab,31.8751_71.7351.png
pak_punjab,31.8751_71.7439.png
pak_punjab,31.8751_71.7527.png
pak_punjab,31.8751_71.7561.png
pak_punjab,31.8751_72.2939.png
pak_punjab,31.8751_72.7263.png
pak_punjab,31.8751_73.4527.png
pak_punjab,31.8751_73.4561.png
pak_punjab,31.8751_73.4763.png
pak_punjab,31.8751_73.4851.png
pak_punjab,31.8751_73.4939.png
pak_punjab,31.8751_73.5027.png
pak_punjab,31.8751_73.5061.png
pak_punjab,31.8751_73.5851.png
pak_punjab,31.8839_71.1351.png
pak_punjab,31.8839_72.2939.png
pak_punjab,31.8839_72.3027.png
pak_punjab,31.8839_72.3061.png
pak_punjab,31.8839_72.4263.png
pak_punjab,31.8839_72.4351.png
pak_punjab,31.8839_72.5439.png
pak_punjab,31.8839_72.6175.png
pak_punjab,31.8839_73.2675.png
pak_punjab,31.8839_73.2763.png
pak_punjab,31.8839_73.2939.png
pak_punjab,31.8839_73.3439.png
pak_punjab,31.8839_73.4527.png
pak_punjab,31.8839_73.4561.png
pak_punjab,31.8927_71.8939.png
pak_punjab,31.8927_71.9027.png
pak_punjab,31.8927_71.9061.png
pak_punjab,31.8927_72.5439.png
pak_punjab,31.8927_72.6175.png
pak_punjab,31.8927_72.7763.png
pak_punjab,31.8927_72.7851.png
pak_punjab,31.8927_72.7939.png
pak_punjab,31.8927_73.2561.png
pak_punjab,31.8927_73.2675.png
pak_punjab,31.8927_73.3028.png
pak_punjab,31.8927_73.3061.png
pak_punjab,31.8927_73.3439.png
pak_punjab,31.8927_73.4439.png
pak_punjab,31.9041_71.1439.png
pak_punjab,31.9041_71.7175.png
pak_punjab,31.9041_71.9027.png
pak_punjab,31.9041_71.9061.png
pak_punjab,31.9041_72.3027.png
pak_punjab,31.9041_72.3061.png
pak_punjab,31.9041_72.3675.png
pak_punjab,31.9041_72.3939.png
pak_punjab,31.9041_72.4027.png
pak_punjab,31.9041_72.6175.png
pak_punjab,31.9041_72.6263.png
pak_punjab,31.9041_72.7939.png
pak_punjab,31.9041_72.8439.png
pak_punjab,31.9041_72.8527.png
pak_punjab,31.9041_72.8939.png
pak_punjab,31.9041_73.2175.png
pak_punjab,31.9041_73.2851.png
pak_punjab,31.9041_73.3028.png
pak_punjab,31.9041_73.3763.png
pak_punjab,31.9041_73.4175.png
pak_punjab,31.9041_73.5061.png
pak_punjab,31.9074_71.1439.png
pak_punjab,31.9074_71.7175.png
pak_punjab,31.9074_72.3027.png
pak_punjab,31.9074_72.3061.png
pak_punjab,31.9074_72.3675.png
pak_punjab,31.9074_72.3851.png
pak_punjab,31.9074_72.3939.png
pak_punjab,31.9074_72.4027.png
pak_punjab,31.9074_72.6263.png
pak_punjab,31.9074_72.6351.png
pak_punjab,31.9074_72.7939.png
pak_punjab,31.9074_72.8439.png
pak_punjab,31.9074_72.8527.png
pak_punjab,31.9074_72.8939.png
pak_punjab,31.9074_73.2851.png
pak_punjab,31.9074_73.3061.png
pak_punjab,31.9074_73.3763.png
pak_punjab,31.9074_73.4061.png
pak_punjab,31.9162_72.6027.png
pak_punjab,31.9162_72.6061.png
pak_punjab,31.9162_72.6439.png
pak_punjab,31.9162_72.6527.png
pak_punjab,31.9162_72.6561.png
pak_punjab,31.9162_72.8763.png
pak_punjab,31.9162_72.8851.png
pak_punjab,31.9162_73.0528.png
pak_punjab,31.9162_73.0561.png
pak_punjab,31.9162_73.2175.png
pak_punjab,31.9162_73.2851.png
pak_punjab,31.9162_73.3028.png
pak_punjab,31.9250_72.2028.png
pak_punjab,31.9250_72.6027.png
pak_punjab,31.9250_72.6061.png
pak_punjab,31.9250_72.6175.png
pak_punjab,31.9250_72.6263.png
pak_punjab,31.9250_72.6351.png
pak_punjab,31.9250_72.6439.png
pak_punjab,31.9250_72.6561.png
pak_punjab,31.9250_72.8763.png
pak_punjab,31.9250_72.8851.png
pak_punjab,31.9250_73.0528.png
pak_punjab,31.9250_73.0561.png
pak_punjab,31.9250_73.4561.png
pak_punjab,31.9250_73.4763.png
pak_punjab,31.9250_73.5175.png
pak_punjab,31.9250_73.5351.png
pak_punjab,31.9338_71.1527.png
pak_punjab,31.9338_71.1561.png
pak_punjab,31.9338_72.2028.png
pak_punjab,31.9338_72.5439.png
pak_punjab,31.9338_72.6351.png
pak_punjab,31.9338_73.2175.png
pak_punjab,31.9338_73.2263.png
pak_punjab,31.9338_73.3763.png
pak_punjab,31.9338_73.3939.png
pak_punjab,31.9338_73.4561.png
pak_punjab,31.9338_73.4851.png
pak_punjab,31.9338_73.5027.png
pak_punjab,31.9338_73.5061.png
pak_punjab,31.9338_73.5175.png
pak_punjab,31.9426_72.3527.png
pak_punjab,31.9426_72.3561.png
pak_punjab,31.9426_72.5439.png
pak_punjab,31.9426_72.6351.png
pak_punjab,31.9426_73.0763.png
pak_punjab,31.9426_73.0851.png
pak_punjab,31.9426_73.2561.png
pak_punjab,31.9426_73.3028.png
pak_punjab,31.9426_73.3175.png
pak_punjab,31.9426_73.4175.png
pak_punjab,31.9426_73.4263.png
pak_punjab,31.9426_73.4675.png
pak_punjab,31.9426_73.4763.png
pak_punjab,31.9426_73.4851.png
pak_punjab,31.9540_71.6527.png
pak_punjab,31.9540_71.6561.png
pak_punjab,31.9540_71.7763.png
pak_punjab,31.9540_71.7851.png
pak_punjab,31.9540_72.3263.png
pak_punjab,31.9540_72.3527.png
pak_punjab,31.9540_72.3561.png
pak_punjab,31.9540_72.4439.png
pak_punjab,31.9540_72.4527.png
pak_punjab,31.9540_72.7439.png
pak_punjab,31.9540_72.9439.png
pak_punjab,31.9540_73.0939.png
pak_punjab,31.9540_73.2061.png
pak_punjab,31.9540_73.2675.png
pak_punjab,31.9540_73.4527.png
pak_punjab,31.9574_71.6527.png
pak_punjab,31.9574_71.6561.png
pak_punjab,31.9574_71.7763.png
pak_punjab,31.9574_71.7851.png
pak_punjab,31.9574_72.3263.png
pak_punjab,31.9574_72.4439.png
pak_punjab,31.9574_72.4527.png
pak_punjab,31.9574_72.7263.png
pak_punjab,31.9574_72.7439.png
pak_punjab,31.9574_72.9027.png
pak_punjab,31.9574_72.9061.png
pak_punjab,31.9574_72.9439.png
pak_punjab,31.9574_73.0939.png
pak_punjab,31.9574_73.2027.png
pak_punjab,31.9574_73.2675.png
pak_punjab,31.9574_73.2763.png
pak_punjab,31.9574_73.4351.png
pak_punjab,31.9574_73.4561.png
pak_punjab,31.9574_73.4939.png
pak_punjab,31.9574_73.5027.png
pak_punjab,31.9574_73.5061.png
pak_punjab,31.9662_72.6351.png
pak_punjab,31.9662_72.9027.png
pak_punjab,31.9662_72.9061.png
pak_punjab,31.9662_73.2763.png
pak_punjab,31.9662_73.4027.png
pak_punjab,31.9662_73.4061.png
pak_punjab,31.9662_73.4263.png
pak_punjab,31.9662_73.4351.png
pak_punjab,31.9662_73.4527.png
pak_punjab,31.9750_71.1675.png
pak_punjab,31.9750_71.1763.png
pak_punjab,31.9750_71.9027.png
pak_punjab,31.9750_71.9061.png
pak_punjab,31.9750_72.6351.png
pak_punjab,31.9750_72.8763.png
pak_punjab,31.9750_72.8939.png
pak_punjab,31.9750_72.9027.png
pak_punjab,31.9750_72.9061.png
pak_punjab,31.9838_71.1675.png
pak_punjab,31.9838_71.1763.png
pak_punjab,31.9838_71.9061.png
pak_punjab,31.9838_72.5527.png
pak_punjab,31.9838_72.5561.png
pak_punjab,31.9838_72.6263.png
pak_punjab,31.9838_72.8675.png
pak_punjab,31.9838_72.8763.png
pak_punjab,31.9838_73.2763.png
pak_punjab,31.9838_73.3061.png
pak_punjab,31.9838_73.3527.png
pak_punjab,31.9838_73.4175.png
pak_punjab,31.9926_71.1763.png
pak_punjab,31.9926_71.1852.png
pak_punjab,31.9926_71.9061.png
pak_punjab,31.9926_72.5351.png
pak_punjab,31.9926_72.5439.png
pak_punjab,31.9926_72.5527.png
pak_punjab,31.9926_72.5561.png
pak_punjab,31.9926_72.6027.png
pak_punjab,31.9926_72.6061.png
pak_punjab,31.9926_72.6175.png
pak_punjab,31.9926_72.6263.png
pak_punjab,31.9926_73.2939.png
pak_punjab,31.9926_73.3028.png
pak_punjab,31.9926_73.4351.png
pak_punjab,31.9926_73.4439.png
pak_punjab,32.0041_72.3439.png
pak_punjab,32.0041_72.3675.png
pak_punjab,32.0041_72.6027.png
pak_punjab,32.0041_72.6061.png
pak_punjab,32.0041_72.6175.png
pak_punjab,32.0041_72.6263.png
pak_punjab,32.0041_72.6351.png
pak_punjab,32.0041_72.6675.png
pak_punjab,32.0041_72.6763.png
pak_punjab,32.0041_72.7175.png
pak_punjab,32.0041_73.1175.png
pak_punjab,32.0041_73.1263.png
pak_punjab,32.0041_73.3028.png
pak_punjab,32.0041_73.3851.png
pak_punjab,32.0041_73.4175.png
pak_punjab,32.0041_73.4263.png
pak_punjab,32.0041_73.4351.png
pak_punjab,32.0075_71.8263.png
pak_punjab,32.0075_72.3439.png
pak_punjab,32.0075_72.3675.png
pak_punjab,32.0075_72.6027.png
pak_punjab,32.0075_72.6061.png
pak_punjab,32.0075_72.6175.png
pak_punjab,32.0075_72.6263.png
pak_punjab,32.0075_72.6351.png
pak_punjab,32.0075_72.6675.png
pak_punjab,32.0075_72.6763.png
pak_punjab,32.0075_72.7175.png
pak_punjab,32.0075_73.0061.png
pak_punjab,32.0075_73.2939.png
pak_punjab,32.0075_73.3175.png
pak_punjab,32.0075_73.3527.png
pak_punjab,32.0075_73.3851.png
pak_punjab,32.0075_73.4175.png
pak_punjab,32.0075_73.4263.png
pak_punjab,32.0163_71.8263.png
pak_punjab,32.0163_71.8351.png
pak_punjab,32.0163_71.8439.png
pak_punjab,32.0163_72.2527.png
pak_punjab,32.0163_72.2561.png
pak_punjab,32.0163_72.6527.png
pak_punjab,32.0163_72.6561.png
pak_punjab,32.0163_72.6675.png
pak_punjab,32.0163_73.0061.png
pak_punjab,32.0163_73.3351.png
pak_punjab,32.0163_73.3561.png
pak_punjab,32.0251_72.5763.png
pak_punjab,32.0251_72.5851.png
pak_punjab,32.0251_72.5939.png
pak_punjab,32.0251_72.6027.png
pak_punjab,32.0251_72.6061.png
pak_punjab,32.0251_72.6439.png
pak_punjab,32.0251_72.6527.png
pak_punjab,32.0251_72.6561.png
pak_punjab,32.0251_72.6675.png
pak_punjab,32.0251_72.7851.png
pak_punjab,32.0251_72.7939.png
pak_punjab,32.0251_72.8027.png
pak_punjab,32.0251_72.8061.png
pak_punjab,32.0251_72.9027.png
pak_punjab,32.0251_72.9061.png
pak_punjab,32.0251_73.3028.png
pak_punjab,32.0251_73.3851.png
pak_punjab,32.0339_71.3351.png
pak_punjab,32.0339_71.7675.png
pak_punjab,32.0339_71.9061.png
pak_punjab,32.0339_72.5675.png
pak_punjab,32.0339_72.5763.png
pak_punjab,32.0339_72.5851.png
pak_punjab,32.0339_72.6351.png
pak_punjab,32.0339_72.6439.png
pak_punjab,32.0339_72.6527.png
pak_punjab,32.0339_72.7851.png
pak_punjab,32.0339_72.7939.png
pak_punjab,32.0339_72.8027.png
pak_punjab,32.0339_72.8061.png
pak_punjab,32.0339_72.9061.png
pak_punjab,32.0339_72.9175.png
pak_punjab,32.0339_72.9263.png
pak_punjab,32.0339_72.9351.png
pak_punjab,32.0339_73.3061.png
pak_punjab,32.0339_73.3175.png
pak_punjab,32.0339_73.3439.png
pak_punjab,32.0339_73.3527.png
pak_punjab,32.0339_73.3561.png
pak_punjab,32.0427_71.3351.png
pak_punjab,32.0427_71.7028.png
pak_punjab,32.0427_71.7061.png
pak_punjab,32.0427_71.7675.png
pak_punjab,32.0427_71.9061.png
pak_punjab,32.0427_72.3851.png
pak_punjab,32.0427_72.6351.png
pak_punjab,32.0427_72.6439.png
pak_punjab,32.0427_72.7675.png
pak_punjab,32.0427_72.7763.png
pak_punjab,32.0427_72.7851.png
pak_punjab,32.0427_72.7939.png
pak_punjab,32.0427_72.8027.png
pak_punjab,32.0427_72.9439.png
pak_punjab,32.0427_72.9527.png
pak_punjab,32.0427_72.9561.png
pak_punjab,32.0427_73.0675.png
pak_punjab,32.0427_73.0763.png
pak_punjab,32.0427_73.3263.png
pak_punjab,32.0541_71.2028.png
pak_punjab,32.0541_71.2061.png
pak_punjab,32.0541_71.3439.png
pak_punjab,32.0541_71.3527.png
pak_punjab,32.0541_71.3561.png
pak_punjab,32.0541_71.3675.png
pak_punjab,32.0541_71.6940.png
pak_punjab,32.0541_71.7028.png
pak_punjab,32.0541_71.7175.png
pak_punjab,32.0541_72.0763.png
pak_punjab,32.0541_72.3527.png
pak_punjab,32.0541_72.3561.png
pak_punjab,32.0541_72.4763.png
pak_punjab,32.0541_72.4851.png
pak_punjab,32.0541_72.6439.png
pak_punjab,32.0541_72.7763.png
pak_punjab,32.0574_71.3527.png
pak_punjab,32.0574_71.3561.png
pak_punjab,32.0574_71.3675.png
pak_punjab,32.0574_71.6852.png
pak_punjab,32.0574_71.6940.png
pak_punjab,32.0574_71.7028.png
pak_punjab,32.0574_71.7175.png
pak_punjab,32.0574_72.0763.png
pak_punjab,32.0574_72.3527.png
pak_punjab,32.0574_72.3561.png
pak_punjab,32.0574_72.4763.png
pak_punjab,32.0574_72.4851.png
pak_punjab,32.0574_72.6439.png
pak_punjab,32.0574_72.7763.png
pak_punjab,32.0574_73.1675.png
pak_punjab,32.0574_73.3351.png
pak_punjab,32.0574_73.3439.png
pak_punjab,32.0662_71.2175.png
pak_punjab,32.0662_71.2939.png
pak_punjab,32.0662_71.3027.png
pak_punjab,32.0662_71.3263.png
pak_punjab,32.0662_71.3351.png
pak_punjab,32.0662_71.6852.png
pak_punjab,32.0662_72.5561.png
pak_punjab,32.0662_72.7061.png
pak_punjab,32.0662_73.1675.png
pak_punjab,32.0662_73.3175.png
pak_punjab,32.0662_73.3263.png
pak_punjab,32.0750_71.2175.png
pak_punjab,32.0750_71.2263.png
pak_punjab,32.0750_71.3263.png
pak_punjab,32.0750_71.3351.png
pak_punjab,32.0750_72.4263.png
pak_punjab,32.0750_72.4351.png
pak_punjab,32.0750_72.5561.png
pak_punjab,32.0750_72.8675.png
pak_punjab,32.0750_72.8763.png
pak_punjab,32.0838_72.3675.png
pak_punjab,32.0838_72.6851.png
pak_punjab,32.0838_73.2351.png
pak_punjab,32.0926_72.3675.png
pak_punjab,32.0926_73.1027.png
pak_punjab,32.0926_73.1061.png
pak_punjab,32.1040_71.2351.png
pak_punjab,32.1040_71.3763.png
pak_punjab,32.1040_72.2561.png
pak_punjab,32.1040_72.3763.png
pak_punjab,32.1040_72.3851.png
pak_punjab,32.1040_72.7175.png
pak_punjab,32.1040_73.0851.png
pak_punjab,32.1040_73.0939.png
pak_punjab,32.1040_73.1263.png
pak_punjab,32.1040_73.2027.png
pak_punjab,32.1040_73.2061.png
pak_punjab,32.1075_71.2351.png
pak_punjab,32.1075_71.2439.png
pak_punjab,32.1075_71.3763.png
pak_punjab,32.1075_72.2561.png
pak_punjab,32.1075_72.3763.png
pak_punjab,32.1075_72.7175.png
pak_punjab,32.1075_73.0851.png
pak_punjab,32.1075_73.0939.png
pak_punjab,32.1075_73.1263.png
pak_punjab,32.1163_71.2439.png
pak_punjab,32.1163_72.2561.png
pak_punjab,32.1163_72.3675.png
pak_punjab,32.1163_72.3763.png
pak_punjab,32.1163_72.7175.png
pak_punjab,32.1163_72.9027.png
pak_punjab,32.1163_72.9061.png
pak_punjab,32.1251_71.2439.png
pak_punjab,32.1251_71.2527.png
pak_punjab,32.1251_72.5939.png
pak_punjab,32.1251_72.6027.png
pak_punjab,32.1339_71.2439.png
pak_punjab,32.1339_71.2527.png
pak_punjab,32.1339_71.2561.png
pak_punjab,32.1339_71.3561.png
pak_punjab,32.1339_72.4027.png
pak_punjab,32.1339_72.4061.png
pak_punjab,32.1339_72.8351.png
pak_punjab,32.1339_72.8439.png
pak_punjab,32.1339_73.0561.png
pak_punjab,32.1339_73.1527.png
pak_punjab,32.1339_73.1561.png
pak_punjab,32.1427_71.2527.png
pak_punjab,32.1427_71.2561.png
pak_punjab,32.1427_71.3561.png
pak_punjab,32.1427_71.3675.png
pak_punjab,32.1427_72.9027.png
pak_punjab,32.1427_72.9061.png
pak_punjab,32.1427_73.0561.png
pak_punjab,32.1427_73.2351.png
pak_punjab,32.1427_73.2439.png
pak_punjab,32.1541_71.3027.png
pak_punjab,32.1541_71.3061.png
pak_punjab,32.1541_71.3351.png
pak_punjab,32.1541_71.3527.png
pak_punjab,32.1541_72.3851.png
pak_punjab,32.1541_72.3939.png
pak_punjab,32.1541_72.7675.png
pak_punjab,32.1574_71.3027.png
pak_punjab,32.1574_71.3061.png
pak_punjab,32.1574_71.3351.png
pak_punjab,32.1574_71.3527.png
pak_punjab,32.1574_71.3763.png
pak_punjab,32.1574_72.7561.png
pak_punjab,32.1574_72.7675.png
pak_punjab,32.1574_73.0027.png
pak_punjab,32.1574_73.0061.png
pak_punjab,32.1662_71.3439.png
pak_punjab,32.1662_71.4027.png
pak_punjab,32.1662_71.4061.png
pak_punjab,32.1662_72.5939.png
pak_punjab,32.1662_72.6027.png
pak_punjab,32.1662_72.7561.png
pak_punjab,32.1662_73.0027.png
pak_punjab,32.1662_73.0061.png
pak_punjab,32.1662_73.0439.png
pak_punjab,32.1750_71.3263.png
pak_punjab,32.1750_71.3527.png
pak_punjab,32.1750_71.3561.png
pak_punjab,32.1750_71.4027.png
pak_punjab,32.1750_71.4061.png
pak_punjab,32.1750_72.8527.png
pak_punjab,32.1750_72.8561.png
pak_punjab,32.1750_72.9763.png
pak_punjab,32.1750_72.9851.png
pak_punjab,32.1750_73.0439.png
pak_punjab,32.1838_72.2939.png
pak_punjab,32.1838_72.8527.png
pak_punjab,32.1838_72.8561.png
pak_punjab,32.1838_73.0528.png
pak_punjab,32.1838_73.0561.png
pak_punjab,32.1838_73.0675.png
pak_punjab,32.1926_71.3561.png
pak_punjab,32.1926_71.3675.png
pak_punjab,32.1926_71.3851.png
pak_punjab,32.1926_72.2939.png
pak_punjab,32.1926_72.5351.png
pak_punjab,32.1926_72.5439.png
pak_punjab,32.1926_73.0439.png
pak_punjab,32.1926_73.0675.png
pak_punjab,32.1926_73.1351.png
pak_punjab,32.1926_73.1439.png
pak_punjab,32.2040_71.2763.png
pak_punjab,32.2040_71.3027.png
pak_punjab,32.2040_71.3061.png
pak_punjab,32.2040_72.2527.png
pak_punjab,32.2040_72.2561.png
pak_punjab,32.2040_72.4763.png
pak_punjab,32.2040_72.4851.png
pak_punjab,32.2040_72.5175.png
pak_punjab,32.2040_72.5263.png
pak_punjab,32.2040_72.5351.png
pak_punjab,32.2040_72.6763.png
pak_punjab,32.2040_72.6851.png
pak_punjab,32.2040_73.0351.png
pak_punjab,32.2040_73.0439.png
pak_punjab,32.2074_71.2763.png
pak_punjab,32.2074_71.3027.png
pak_punjab,32.2074_71.3061.png
pak_punjab,32.2074_71.3175.png
pak_punjab,32.2074_72.0027.png
pak_punjab,32.2074_72.0061.png
pak_punjab,32.2074_72.2527.png
pak_punjab,32.2074_72.2561.png
pak_punjab,32.2074_72.4763.png
pak_punjab,32.2074_72.4851.png
pak_punjab,32.2074_72.5175.png
pak_punjab,32.2074_72.5263.png
pak_punjab,32.2074_72.5351.png
pak_punjab,32.2074_72.6851.png
pak_punjab,32.2074_73.0439.png
pak_punjab,32.2162_71.3175.png
pak_punjab,32.2162_71.3527.png
pak_punjab,32.2162_71.3851.png
pak_punjab,32.2162_71.4027.png
pak_punjab,32.2162_71.4440.png
pak_punjab,32.2162_71.8527.png
pak_punjab,32.2162_71.8561.png
pak_punjab,32.2162_73.0851.png
pak_punjab,32.2250_71.3439.png
pak_punjab,32.2250_71.3561.png
pak_punjab,32.2250_71.4352.png
pak_punjab,32.2250_71.4440.png
pak_punjab,32.2250_71.8527.png
pak_punjab,32.2250_71.8561.png
pak_punjab,32.2250_72.3027.png
pak_punjab,32.2250_72.3061.png
pak_punjab,32.2250_72.5027.png
pak_punjab,32.2250_72.5061.png
pak_punjab,32.2250_73.0851.png
pak_punjab,32.2338_71.3439.png
pak_punjab,32.2338_71.3851.png
pak_punjab,32.2338_71.4027.png
pak_punjab,32.2338_71.4061.png
pak_punjab,32.2338_72.3027.png
pak_punjab,32.2338_72.3061.png
pak_punjab,32.2338_72.5027.png
pak_punjab,32.2338_72.5061.png
pak_punjab,32.2338_72.9027.png
pak_punjab,32.2426_71.2527.png
pak_punjab,32.2426_71.4061.png
pak_punjab,32.2426_71.4763.png
pak_punjab,32.2426_72.0527.png
pak_punjab,32.2426_72.0561.png
pak_punjab,32.2426_72.3027.png
pak_punjab,32.2426_72.3061.png
pak_punjab,32.2426_72.9027.png
pak_punjab,32.2426_72.9061.png
pak_punjab,32.2541_71.2061.png
pak_punjab,32.2541_71.2175.png
pak_punjab,32.2541_71.3527.png
pak_punjab,32.2541_72.3263.png
pak_punjab,32.2541_72.4675.png
pak_punjab,32.2541_72.4851.png
pak_punjab,32.2541_72.9175.png
pak_punjab,32.2575_71.2061.png
pak_punjab,32.2575_71.2175.png
pak_punjab,32.2575_71.3439.png
pak_punjab,32.2575_71.3527.png
pak_punjab,32.2575_71.3675.png
pak_punjab,32.2575_71.3851.png
pak_punjab,32.2575_71.4763.png
pak_punjab,32.2575_72.2527.png
pak_punjab,32.2575_72.2561.png
pak_punjab,32.2575_72.3027.png
pak_punjab,32.2575_72.3061.png
pak_punjab,32.2575_72.3175.png
pak_punjab,32.2575_72.3263.png
pak_punjab,32.2575_72.4675.png
pak_punjab,32.2575_72.4851.png
pak_punjab,32.2575_72.9175.png
pak_punjab,32.2663_71.3439.png
pak_punjab,32.2663_71.3763.png
pak_punjab,32.2663_72.1175.png
pak_punjab,32.2663_72.2939.png
pak_punjab,32.2663_72.3061.png
pak_punjab,32.2663_72.3175.png
pak_punjab,32.2663_72.3263.png
pak_punjab,32.2663_72.8675.png
pak_punjab,32.2663_72.9175.png
pak_punjab,32.2663_72.9263.png
pak_punjab,32.2663_72.9351.png
pak_punjab,32.2751_71.3439.png
pak_punjab,32.2751_71.3763.png
pak_punjab,32.2751_71.3939.png
pak_punjab,32.2751_71.4175.png
pak_punjab,32.2751_72.0527.png
pak_punjab,32.2751_72.0561.png
pak_punjab,32.2751_72.2939.png
pak_punjab,32.2751_72.3263.png
pak_punjab,32.2751_72.3351.png
pak_punjab,32.2751_72.4351.png
pak_punjab,32.2751_72.4439.png
pak_punjab,32.2751_72.4527.png
pak_punjab,32.2751_72.5763.png
pak_punjab,32.2751_72.5851.png
pak_punjab,32.2751_72.8675.png
pak_punjab,32.2751_72.9175.png
pak_punjab,32.2751_72.9263.png
pak_punjab,32.2751_72.9351.png
pak_punjab,32.2839_71.4528.png
pak_punjab,32.2839_71.4561.png
pak_punjab,32.2839_72.3351.png
pak_punjab,32.2839_72.3439.png
pak_punjab,32.2839_72.4351.png
pak_punjab,32.2839_72.4439.png
pak_punjab,32.2839_72.4527.png
pak_punjab,32.2839_72.5763.png
pak_punjab,32.2839_72.5851.png
pak_punjab,32.2839_72.9263.png
pak_punjab,32.2839_72.9351.png
pak_punjab,32.2927_71.3675.png
pak_punjab,32.2927_71.3763.png
pak_punjab,32.2927_71.3939.png
pak_punjab,32.2927_71.4061.png
pak_punjab,32.2927_71.4528.png
pak_punjab,32.2927_71.4561.png
pak_punjab,32.2927_72.1027.png
pak_punjab,32.2927_72.1061.png
pak_punjab,32.3041_71.4061.png
pak_punjab,32.3041_71.4175.png
pak_punjab,32.3041_71.4939.png
pak_punjab,32.3041_71.8939.png
pak_punjab,32.3041_71.9027.png
pak_punjab,32.3041_71.9061.png
pak_punjab,32.3041_72.0351.png
pak_punjab,32.3041_72.0439.png
pak_punjab,32.3041_72.0527.png
pak_punjab,32.3074_71.4175.png
pak_punjab,32.3074_71.9027.png
pak_punjab,32.3074_71.9061.png
pak_punjab,32.3074_72.3561.png
pak_punjab,32.3162_71.4027.png
pak_punjab,32.3162_71.4061.png
pak_punjab,32.3162_71.4175.png
pak_punjab,32.3162_71.9851.png
pak_punjab,32.3162_72.3561.png
pak_punjab,32.3162_72.5175.png
pak_punjab,32.3162_72.5263.png
pak_punjab,32.3162_72.8939.png
pak_punjab,32.3162_72.9027.png
pak_punjab,32.3250_71.4175.png
pak_punjab,32.3250_71.4264.png
pak_punjab,32.3250_71.9851.png
pak_punjab,32.3250_72.3675.png
pak_punjab,32.3250_72.3763.png
pak_punjab,32.3250_72.5561.png
pak_punjab,32.3338_71.4175.png
pak_punjab,32.3338_71.4264.png
pak_punjab,32.3338_71.9851.png
pak_punjab,32.3338_72.0061.png
pak_punjab,32.3338_72.1852.png
pak_punjab,32.3338_72.3527.png
pak_punjab,32.3338_72.5561.png
pak_punjab,32.3426_72.0061.png
pak_punjab,32.3426_72.2061.png
pak_punjab,32.3426_72.2175.png
pak_punjab,32.3426_72.2263.png
pak_punjab,32.3426_72.2939.png
pak_punjab,32.3426_72.3175.png
pak_punjab,32.3426_72.3439.png
pak_punjab,32.3426_72.3561.png
pak_punjab,32.3540_71.4264.png
pak_punjab,32.3540_71.4352.png
pak_punjab,32.3540_71.4440.png
pak_punjab,32.3540_72.1852.png
pak_punjab,32.3540_72.1940.png
pak_punjab,32.3540_72.2028.png
pak_punjab,32.3540_72.3851.png
pak_punjab,32.3540_72.6175.png
pak_punjab,32.3575_71.4440.png
pak_punjab,32.3575_71.7561.png
pak_punjab,32.3575_71.9851.png
pak_punjab,32.3575_71.9939.png
pak_punjab,32.3575_72.1527.png
pak_punjab,32.3575_72.1561.png
pak_punjab,32.3575_72.2061.png
pak_punjab,32.3575_72.2675.png
pak_punjab,32.3575_72.2763.png
pak_punjab,32.3575_72.6175.png
pak_punjab,32.3575_72.6351.png
pak_punjab,32.3575_72.6439.png
pak_punjab,32.3663_71.7561.png
pak_punjab,32.3663_71.8527.png
pak_punjab,32.3663_71.9027.png
pak_punjab,32.3663_71.9675.png
pak_punjab,32.3663_72.2527.png
pak_punjab,32.3663_72.3061.png
pak_punjab,32.3663_72.3527.png
pak_punjab,32.3663_72.6351.png
pak_punjab,32.3663_72.6439.png
pak_punjab,32.3663_72.6675.png
pak_punjab,32.3751_71.9061.png
pak_punjab,32.3751_71.9175.png
pak_punjab,32.3751_71.9264.png
pak_punjab,32.3751_71.9352.png
pak_punjab,32.3751_72.2527.png
pak_punjab,32.3751_72.2561.png
pak_punjab,32.3751_72.3061.png
pak_punjab,32.3751_72.3439.png
pak_punjab,32.3751_72.3527.png
pak_punjab,32.3751_72.3675.png
pak_punjab,32.3751_72.3763.png
pak_punjab,32.3751_72.3851.png
pak_punjab,32.3751_72.6675.png
pak_punjab,32.3839_71.8675.png
pak_punjab,32.3839_71.9352.png
pak_punjab,32.3839_72.2851.png
pak_punjab,32.3839_72.3027.png
pak_punjab,32.3839_72.3175.png
pak_punjab,32.3839_72.3263.png
pak_punjab,32.3839_72.3527.png
pak_punjab,32.3839_72.3561.png
pak_punjab,32.3839_72.3675.png
pak_punjab,32.3839_72.4027.png
pak_punjab,32.3839_72.4061.png
pak_punjab,32.3927_71.7439.png
pak_punjab,32.3927_71.7527.png
pak_punjab,32.3927_71.8439.png
pak_punjab,32.3927_71.8527.png
pak_punjab,32.3927_72.3351.png
pak_punjab,32.3927_72.3439.png
pak_punjab,32.3927_72.3851.png
pak_punjab,32.3927_72.3939.png
pak_punjab,32.4041_71.8175.png
pak_punjab,32.4041_71.8263.png
pak_punjab,32.4041_71.8527.png
pak_punjab,32.4041_71.8561.png
pak_punjab,32.4041_71.8939.png
pak_punjab,32.4041_71.9027.png
pak_punjab,32.4041_71.9264.png
pak_punjab,32.4041_72.2439.png
pak_punjab,32.4041_72.2763.png
pak_punjab,32.4041_72.2939.png
pak_punjab,32.4041_72.3027.png
pak_punjab,32.4041_72.3061.png
pak_punjab,32.4041_72.3175.png
pak_punjab,32.4041_72.3263.png
pak_punjab,32.4041_72.3675.png
pak_punjab,32.4041_72.3939.png
pak_punjab,32.4074_71.8351.png
pak_punjab,32.4074_71.8439.png
pak_punjab,32.4074_71.8763.png
pak_punjab,32.4074_71.8939.png
pak_punjab,32.4074_71.9061.png
pak_punjab,32.4074_71.9175.png
pak_punjab,32.4074_71.9264.png
pak_punjab,32.4074_72.2439.png
pak_punjab,32.4074_72.2851.png
pak_punjab,32.4074_72.3675.png
pak_punjab,32.4074_72.3763.png
pak_punjab,32.4074_72.4175.png
pak_punjab,32.4162_71.8527.png
pak_punjab,32.4162_71.8763.png
pak_punjab,32.4162_71.8851.png
pak_punjab,32.4162_72.3263.png
pak_punjab,32.4162_72.3439.png
pak_punjab,32.4162_72.3675.png
pak_punjab,32.4162_72.3851.png
pak_punjab,32.4162_72.4027.png
pak_punjab,32.4162_72.4061.png
pak_punjab,32.4162_72.4175.png
pak_punjab,32.4162_72.4263.png
pak_punjab,32.4162_72.4351.png
pak_punjab,32.4250_71.7028.png
pak_punjab,32.4250_71.7061.png
pak_punjab,32.4250_71.7939.png
pak_punjab,32.4250_71.8027.png
pak_punjab,32.4250_71.8263.png
pak_punjab,32.4250_71.8527.png
pak_punjab,32.4250_71.8675.png
pak_punjab,32.4250_71.8939.png
pak_punjab,32.4250_72.3527.png
pak_punjab,32.4338_71.7851.png
pak_punjab,32.4338_71.8527.png
pak_punjab,32.4338_71.8675.png
pak_punjab,32.4338_71.9027.png
pak_punjab,32.4338_71.9061.png
pak_punjab,32.4338_72.1852.png
pak_punjab,32.4338_72.3351.png
pak_punjab,32.4338_72.3527.png
pak_punjab,32.4338_72.3561.png
pak_punjab,32.4426_71.8061.png
pak_punjab,32.4426_72.3439.png
pak_punjab,32.4426_72.3527.png
