region,filename
uttar_pradesh,25.3792_81.3161.png
uttar_pradesh,25.3880_81.3073.png
uttar_pradesh,25.3880_81.3161.png
uttar_pradesh,25.3880_81.3249.png
uttar_pradesh,25.3880_81.3283.png
uttar_pradesh,25.3880_81.3397.png
uttar_pradesh,25.3968_81.2397.png
uttar_pradesh,25.3968_81.2485.png
uttar_pradesh,25.3968_81.3073.png
uttar_pradesh,25.3968_81.3161.png
uttar_pradesh,25.3968_81.3249.png
uttar_pradesh,25.3968_81.3283.png
uttar_pradesh,25.3968_81.3397.png
uttar_pradesh,25.4056_81.2397.png
uttar_pradesh,25.4056_81.2485.png
uttar_pradesh,25.4056_81.3073.png
uttar_pradesh,25.4056_81.3161.png
uttar_pradesh,25.4056_81.3749.png
uttar_pradesh,25.4056_81.3783.png
uttar_pradesh,25.4144_79.8661.png
uttar_pradesh,25.4144_79.8749.png
uttar_pradesh,25.4258_81.1985.png
uttar_pradesh,25.4258_81.2249.png
uttar_pradesh,25.4258_81.2283.png
uttar_pradesh,25.4258_81.2897.png
uttar_pradesh,25.4258_81.4162.png
uttar_pradesh,25.4291_81.1897.png
uttar_pradesh,25.4291_81.1985.png
uttar_pradesh,25.4291_81.2249.png
uttar_pradesh,25.4291_81.2283.png
uttar_pradesh,25.4291_81.2897.png
uttar_pradesh,25.4291_81.4162.png
uttar_pradesh,25.4291_81.4250.png
uttar_pradesh,25.4379_81.1897.png
uttar_pradesh,25.4379_81.2749.png
uttar_pradesh,25.4379_81.2783.png
uttar_pradesh,25.4379_81.2897.png
uttar_pradesh,25.4379_81.2985.png
uttar_pradesh,25.4379_81.3897.png
uttar_pradesh,25.4379_81.4250.png
uttar_pradesh,25.4379_81.4283.png
uttar_pradesh,25.4467_81.2161.png
uttar_pradesh,25.4467_81.2897.png
uttar_pradesh,25.4467_81.2985.png
uttar_pradesh,25.4467_81.3897.png
uttar_pradesh,25.4467_81.4074.png
uttar_pradesh,25.4555_81.2161.png
uttar_pradesh,25.4555_81.2249.png
uttar_pradesh,25.4555_81.3985.png
uttar_pradesh,25.4555_81.4074.png
uttar_pradesh,25.4643_81.2161.png
uttar_pradesh,25.4643_81.2249.png
uttar_pradesh,25.4643_81.2283.png
uttar_pradesh,25.4643_81.3985.png
uttar_pradesh,25.4757_81.3073.png
uttar_pradesh,25.4757_81.3749.png
uttar_pradesh,25.4757_81.3783.png
uttar_pradesh,25.4757_81.3985.png
uttar_pradesh,25.4757_81.4074.png
uttar_pradesh,25.4757_81.4985.png
uttar_pradesh,25.4757_81.5073.png
uttar_pradesh,25.4791_80.0985.png
uttar_pradesh,25.4791_81.2161.png
uttar_pradesh,25.4791_81.2249.png
uttar_pradesh,25.4791_81.3073.png
uttar_pradesh,25.4791_81.3749.png
uttar_pradesh,25.4791_81.3783.png
uttar_pradesh,25.4791_81.3897.png
uttar_pradesh,25.4791_81.4485.png
uttar_pradesh,25.4791_81.4985.png
uttar_pradesh,25.4791_81.5073.png
uttar_pradesh,25.4879_80.0985.png
uttar_pradesh,25.4879_81.2161.png
uttar_pradesh,25.4879_81.2249.png
uttar_pradesh,25.4879_81.3897.png
uttar_pradesh,25.4879_81.4661.png
uttar_pradesh,25.4879_81.4749.png
uttar_pradesh,25.4879_81.5249.png
uttar_pradesh,25.4879_81.5283.png
uttar_pradesh,25.4967_81.4661.png
uttar_pradesh,25.4967_81.5397.png
uttar_pradesh,25.4967_81.5485.png
uttar_pradesh,25.5056_81.4661.png
uttar_pradesh,25.5144_80.6750.png
uttar_pradesh,25.5144_80.6783.png
uttar_pradesh,25.5144_81.5897.png
uttar_pradesh,25.5144_81.5985.png
uttar_pradesh,25.5258_81.2249.png
uttar_pradesh,25.5258_81.2283.png
uttar_pradesh,25.5258_81.2485.png
uttar_pradesh,25.5258_81.2573.png
uttar_pradesh,25.5258_81.2661.png
uttar_pradesh,25.5258_81.5397.png
uttar_pradesh,25.5258_81.5485.png
uttar_pradesh,25.5258_81.5661.png
uttar_pradesh,25.5258_81.5749.png
uttar_pradesh,25.5258_81.5783.png
uttar_pradesh,25.5258_81.5897.png
uttar_pradesh,25.5291_81.2485.png
uttar_pradesh,25.5291_81.2573.png
uttar_pradesh,25.5291_81.2661.png
uttar_pradesh,25.5291_81.5397.png
uttar_pradesh,25.5291_81.5485.png
uttar_pradesh,25.5291_81.5573.png
uttar_pradesh,25.5291_81.5661.png
uttar_pradesh,25.5291_81.5749.png
uttar_pradesh,25.5291_81.5783.png
uttar_pradesh,25.5291_81.5897.png
uttar_pradesh,25.5379_81.2161.png
uttar_pradesh,25.5379_81.4250.png
uttar_pradesh,25.5379_81.4283.png
uttar_pradesh,25.5379_81.4573.png
uttar_pradesh,25.5379_81.5073.png
uttar_pradesh,25.5379_81.5749.png
uttar_pradesh,25.5379_81.5783.png
uttar_pradesh,25.5467_81.2161.png
uttar_pradesh,25.5467_81.3249.png
uttar_pradesh,25.5467_81.3283.png
uttar_pradesh,25.5467_81.4573.png
uttar_pradesh,25.5467_81.5073.png
uttar_pradesh,25.5467_81.5783.png
uttar_pradesh,25.5555_81.3249.png
uttar_pradesh,25.5555_81.3283.png
uttar_pradesh,25.5555_81.3485.png
uttar_pradesh,25.5555_81.3573.png
uttar_pradesh,25.5555_81.5161.png
uttar_pradesh,25.5555_81.5249.png
uttar_pradesh,25.5555_81.5283.png
uttar_pradesh,25.5643_81.1397.png
uttar_pradesh,25.5643_81.1485.png
uttar_pradesh,25.5643_81.3485.png
uttar_pradesh,25.5643_81.3573.png
uttar_pradesh,25.5643_81.3661.png
uttar_pradesh,25.5643_81.5249.png
uttar_pradesh,25.5643_81.5283.png
uttar_pradesh,25.5757_81.1161.png
uttar_pradesh,25.5757_81.1574.png
uttar_pradesh,25.5757_81.3897.png
uttar_pradesh,25.5757_81.5073.png
uttar_pradesh,25.5757_81.5161.png
uttar_pradesh,25.5757_81.6574.png
uttar_pradesh,25.5757_81.6662.png
uttar_pradesh,25.5757_81.6750.png
uttar_pradesh,25.5757_81.6783.png
uttar_pradesh,25.5791_81.1161.png
uttar_pradesh,25.5791_81.1574.png
uttar_pradesh,25.5791_81.1750.png
uttar_pradesh,25.5791_81.1783.png
uttar_pradesh,25.5791_81.3897.png
uttar_pradesh,25.5791_81.6574.png
uttar_pradesh,25.5791_81.6662.png
uttar_pradesh,25.5791_81.6750.png
uttar_pradesh,25.5791_81.6783.png
uttar_pradesh,25.5791_81.6897.png
uttar_pradesh,25.5791_81.6985.png
uttar_pradesh,25.5879_81.1249.png
uttar_pradesh,25.5879_81.1283.png
uttar_pradesh,25.5879_81.6485.png
uttar_pradesh,25.5879_81.6574.png
uttar_pradesh,25.5879_81.6662.png
uttar_pradesh,25.5879_81.6897.png
uttar_pradesh,25.5879_81.6985.png
uttar_pradesh,25.5879_81.7073.png
uttar_pradesh,25.5967_81.1249.png
uttar_pradesh,25.5967_81.1283.png
uttar_pradesh,25.5967_81.3397.png
uttar_pradesh,25.5967_81.4250.png
uttar_pradesh,25.5967_81.4283.png
uttar_pradesh,25.5967_81.6161.png
uttar_pradesh,25.5967_81.6249.png
uttar_pradesh,25.5967_81.6283.png
uttar_pradesh,25.5967_81.6397.png
uttar_pradesh,25.5967_81.6485.png
uttar_pradesh,25.5967_81.6574.png
uttar_pradesh,25.5967_81.6662.png
uttar_pradesh,25.5967_81.6897.png
uttar_pradesh,25.5967_81.6985.png
uttar_pradesh,25.5967_81.7073.png
uttar_pradesh,25.6055_79.7749.png
uttar_pradesh,25.6055_79.7783.png
uttar_pradesh,25.6055_79.8985.png
uttar_pradesh,25.6055_79.9073.png
uttar_pradesh,25.6055_81.1249.png
uttar_pradesh,25.6055_81.1283.png
uttar_pradesh,25.6055_81.1485.png
uttar_pradesh,25.6055_81.1574.png
uttar_pradesh,25.6055_81.1662.png
uttar_pradesh,25.6055_81.2397.png
uttar_pradesh,25.6055_81.2485.png
uttar_pradesh,25.6055_81.2897.png
uttar_pradesh,25.6055_81.3283.png
uttar_pradesh,25.6055_81.3397.png
uttar_pradesh,25.6055_81.4162.png
uttar_pradesh,25.6055_81.4283.png
uttar_pradesh,25.6055_81.6161.png
uttar_pradesh,25.6055_81.6249.png
uttar_pradesh,25.6055_81.6283.png
uttar_pradesh,25.6055_81.6397.png
uttar_pradesh,25.6055_81.6485.png
uttar_pradesh,25.6055_81.6574.png
uttar_pradesh,25.6055_81.6662.png
uttar_pradesh,25.6055_81.6750.png
uttar_pradesh,25.6055_81.6783.png
uttar_pradesh,25.6055_81.6897.png
uttar_pradesh,25.6143_80.0661.png
uttar_pradesh,25.6143_80.0749.png
uttar_pradesh,25.6143_81.1750.png
uttar_pradesh,25.6143_81.1783.png
uttar_pradesh,25.6143_81.2897.png
uttar_pradesh,25.6143_81.3283.png
uttar_pradesh,25.6143_81.4074.png
uttar_pradesh,25.6143_81.4162.png
uttar_pradesh,25.6143_81.4250.png
uttar_pradesh,25.6143_81.4283.png
uttar_pradesh,25.6143_81.6249.png
uttar_pradesh,25.6143_81.6283.png
uttar_pradesh,25.6143_81.6397.png
uttar_pradesh,25.6143_81.6485.png
uttar_pradesh,25.6143_81.6574.png
uttar_pradesh,25.6143_81.6750.png
uttar_pradesh,25.6143_81.6783.png
uttar_pradesh,25.6257_80.0661.png
uttar_pradesh,25.6257_81.1485.png
uttar_pradesh,25.6257_81.3161.png
uttar_pradesh,25.6257_81.3749.png
uttar_pradesh,25.6257_81.3783.png
uttar_pradesh,25.6257_81.3897.png
uttar_pradesh,25.6257_81.3985.png
uttar_pradesh,25.6257_81.6283.png
uttar_pradesh,25.6292_80.0661.png
uttar_pradesh,25.6292_80.0749.png
uttar_pradesh,25.6292_81.0749.png
uttar_pradesh,25.6292_81.0783.png
uttar_pradesh,25.6292_81.1485.png
uttar_pradesh,25.6292_81.3161.png
uttar_pradesh,25.6292_81.3749.png
uttar_pradesh,25.6292_81.3783.png
uttar_pradesh,25.6292_81.3897.png
uttar_pradesh,25.6292_81.3985.png
uttar_pradesh,25.6292_81.6283.png
uttar_pradesh,25.6380_80.0661.png
uttar_pradesh,25.6380_80.0749.png
uttar_pradesh,25.6380_81.1161.png
uttar_pradesh,25.6380_81.1249.png
uttar_pradesh,25.6380_81.1485.png
uttar_pradesh,25.6468_80.1161.png
uttar_pradesh,25.6468_80.1573.png
uttar_pradesh,25.6468_81.1073.png
uttar_pradesh,25.6468_81.1161.png
uttar_pradesh,25.6556_80.1573.png
uttar_pradesh,25.6556_80.1662.png
uttar_pradesh,25.6556_80.1750.png
uttar_pradesh,25.6556_81.0249.png
uttar_pradesh,25.6556_81.0283.png
uttar_pradesh,25.6556_81.0397.png
uttar_pradesh,25.6556_81.1073.png
uttar_pradesh,25.6556_81.7749.png
uttar_pradesh,25.6556_81.7783.png
uttar_pradesh,25.6644_81.0397.png
uttar_pradesh,25.6644_81.1161.png
uttar_pradesh,25.6644_81.1249.png
uttar_pradesh,25.6644_81.2897.png
uttar_pradesh,25.6644_81.2985.png
uttar_pradesh,25.6644_81.7573.png
uttar_pradesh,25.6644_81.7749.png
uttar_pradesh,25.6644_81.7783.png
uttar_pradesh,25.6758_80.6662.png
uttar_pradesh,25.6758_80.6750.png
uttar_pradesh,25.6758_81.0749.png
uttar_pradesh,25.6758_81.0783.png
uttar_pradesh,25.6758_81.6073.png
uttar_pradesh,25.6758_81.6161.png
uttar_pradesh,25.6758_81.6662.png
uttar_pradesh,25.6791_79.7897.png
uttar_pradesh,25.6791_80.9250.png
uttar_pradesh,25.6791_80.9283.png
uttar_pradesh,25.6791_81.0661.png
uttar_pradesh,25.6791_81.0749.png
uttar_pradesh,25.6791_81.0783.png
uttar_pradesh,25.6791_81.6662.png
uttar_pradesh,25.6879_79.7897.png
uttar_pradesh,25.6879_81.0661.png
uttar_pradesh,25.6879_81.3283.png
uttar_pradesh,25.6879_81.3397.png
uttar_pradesh,25.6879_81.7249.png
uttar_pradesh,25.6879_81.7283.png
uttar_pradesh,25.6967_81.0485.png
uttar_pradesh,25.6967_81.0573.png
uttar_pradesh,25.6967_81.0661.png
uttar_pradesh,25.6967_81.3397.png
uttar_pradesh,25.6967_81.7661.png
uttar_pradesh,25.6967_81.7749.png
uttar_pradesh,25.7055_79.7249.png
uttar_pradesh,25.7055_79.7283.png
uttar_pradesh,25.7055_81.0249.png
uttar_pradesh,25.7055_81.0283.png
uttar_pradesh,25.7055_81.3249.png
uttar_pradesh,25.7055_81.3283.png
uttar_pradesh,25.7055_81.7573.png
uttar_pradesh,25.7143_79.7249.png
uttar_pradesh,25.7143_79.7283.png
uttar_pradesh,25.7143_81.0249.png
uttar_pradesh,25.7143_81.0283.png
uttar_pradesh,25.7143_81.3249.png
uttar_pradesh,25.7143_81.3283.png
uttar_pradesh,25.7143_81.6249.png
uttar_pradesh,25.7143_81.6283.png
uttar_pradesh,25.7143_81.6397.png
uttar_pradesh,25.7143_81.6985.png
uttar_pradesh,25.7143_81.7073.png
uttar_pradesh,25.7143_81.7397.png
uttar_pradesh,25.7143_81.7485.png
uttar_pradesh,25.7143_81.7573.png
uttar_pradesh,25.7257_80.9897.png
uttar_pradesh,25.7257_80.9985.png
uttar_pradesh,25.7257_81.0073.png
uttar_pradesh,25.7257_81.0661.png
uttar_pradesh,25.7257_81.0749.png
uttar_pradesh,25.7257_81.3249.png
uttar_pradesh,25.7257_81.3283.png
uttar_pradesh,25.7257_81.3397.png
uttar_pradesh,25.7257_81.6073.png
uttar_pradesh,25.7257_81.6161.png
uttar_pradesh,25.7257_81.6485.png
uttar_pradesh,25.7257_81.6897.png
uttar_pradesh,25.7257_81.7161.png
uttar_pradesh,25.7257_81.8161.png
uttar_pradesh,25.7257_81.8249.png
uttar_pradesh,25.7291_80.7485.png
uttar_pradesh,25.7291_80.7573.png
uttar_pradesh,25.7291_80.9897.png
uttar_pradesh,25.7291_80.9985.png
uttar_pradesh,25.7291_81.0073.png
uttar_pradesh,25.7291_81.0661.png
uttar_pradesh,25.7291_81.0749.png
uttar_pradesh,25.7291_81.3283.png
uttar_pradesh,25.7291_81.3397.png
uttar_pradesh,25.7291_81.6073.png
uttar_pradesh,25.7291_81.6161.png
uttar_pradesh,25.7291_81.6485.png
uttar_pradesh,25.7291_81.6897.png
uttar_pradesh,25.7291_81.7161.png
uttar_pradesh,25.7291_81.8161.png
uttar_pradesh,25.7291_81.8249.png
uttar_pradesh,25.7379_80.7485.png
uttar_pradesh,25.7379_80.7573.png
uttar_pradesh,25.7379_80.8485.png
uttar_pradesh,25.7379_81.0073.png
uttar_pradesh,25.7379_81.0249.png
uttar_pradesh,25.7379_81.0283.png
uttar_pradesh,25.7379_81.7485.png
uttar_pradesh,25.7379_81.7573.png
uttar_pradesh,25.7379_81.8573.png
uttar_pradesh,25.7467_80.7397.png
uttar_pradesh,25.7467_80.7485.png
uttar_pradesh,25.7467_80.9485.png
uttar_pradesh,25.7467_80.9573.png
uttar_pradesh,25.7467_81.0161.png
uttar_pradesh,25.7467_81.2661.png
uttar_pradesh,25.7467_81.2749.png
uttar_pradesh,25.7467_81.5985.png
uttar_pradesh,25.7467_81.6073.png
uttar_pradesh,25.7467_81.7573.png
uttar_pradesh,25.7467_81.7661.png
uttar_pradesh,25.7467_81.8573.png
uttar_pradesh,25.7556_80.9573.png
uttar_pradesh,25.7556_80.9897.png
uttar_pradesh,25.7556_80.9985.png
uttar_pradesh,25.7556_81.0073.png
uttar_pradesh,25.7556_81.5783.png
uttar_pradesh,25.7556_81.5897.png
uttar_pradesh,25.7556_81.6750.png
uttar_pradesh,25.7556_81.6783.png
uttar_pradesh,25.7556_81.7749.png
uttar_pradesh,25.7556_81.7783.png
uttar_pradesh,25.7556_81.8661.png
uttar_pradesh,25.7556_81.8749.png
uttar_pradesh,25.7556_81.9074.png
uttar_pradesh,25.7556_81.9162.png
uttar_pradesh,25.7644_80.6249.png
uttar_pradesh,25.7644_80.6283.png
uttar_pradesh,25.7644_80.9897.png
uttar_pradesh,25.7644_81.2985.png
uttar_pradesh,25.7644_81.3073.png
uttar_pradesh,25.7644_81.5783.png
uttar_pradesh,25.7644_81.5985.png
uttar_pradesh,25.7644_81.6073.png
uttar_pradesh,25.7644_81.7749.png
uttar_pradesh,25.7644_81.7783.png
uttar_pradesh,25.7644_81.8073.png
uttar_pradesh,25.7644_81.8161.png
uttar_pradesh,25.7758_80.6249.png
uttar_pradesh,25.7758_80.6283.png
uttar_pradesh,25.7758_80.8397.png
uttar_pradesh,25.7758_80.8573.png
uttar_pradesh,25.7758_81.2249.png
uttar_pradesh,25.7758_81.2283.png
uttar_pradesh,25.7758_81.5249.png
uttar_pradesh,25.7758_81.5283.png
uttar_pradesh,25.7758_81.7397.png
uttar_pradesh,25.7758_81.8573.png
uttar_pradesh,25.7758_81.9162.png
uttar_pradesh,25.7758_81.9250.png
uttar_pradesh,25.7758_81.9283.png
uttar_pradesh,25.7791_80.6249.png
uttar_pradesh,25.7791_80.6283.png
uttar_pradesh,25.7791_80.8397.png
uttar_pradesh,25.7791_80.8573.png
uttar_pradesh,25.7791_80.9897.png
uttar_pradesh,25.7791_81.2249.png
uttar_pradesh,25.7791_81.2283.png
uttar_pradesh,25.7791_81.2985.png
uttar_pradesh,25.7791_81.5249.png
uttar_pradesh,25.7791_81.5283.png
uttar_pradesh,25.7791_81.7397.png
uttar_pradesh,25.7791_81.8573.png
uttar_pradesh,25.7791_81.9162.png
uttar_pradesh,25.7879_80.6249.png
uttar_pradesh,25.7879_80.6283.png
uttar_pradesh,25.7879_80.8249.png
uttar_pradesh,25.7879_80.8283.png
uttar_pradesh,25.7879_80.9073.png
uttar_pradesh,25.7879_80.9162.png
uttar_pradesh,25.7879_80.9897.png
uttar_pradesh,25.7879_81.0783.png
uttar_pradesh,25.7879_81.2985.png
uttar_pradesh,25.7879_81.4897.png
uttar_pradesh,25.7879_81.4985.png
uttar_pradesh,25.7879_81.5397.png
uttar_pradesh,25.7879_81.5573.png
uttar_pradesh,25.7879_81.5661.png
uttar_pradesh,25.7879_81.8397.png
uttar_pradesh,25.7879_81.8485.png
uttar_pradesh,25.7879_81.9074.png
uttar_pradesh,25.7967_80.6249.png
uttar_pradesh,25.7967_80.6283.png
uttar_pradesh,25.7967_80.7397.png
uttar_pradesh,25.7967_80.7573.png
uttar_pradesh,25.7967_80.7661.png
uttar_pradesh,25.7967_80.9073.png
uttar_pradesh,25.7967_80.9162.png
uttar_pradesh,25.7967_81.0783.png
uttar_pradesh,25.7967_81.1249.png
uttar_pradesh,25.7967_81.1283.png
uttar_pradesh,25.7967_81.4897.png
uttar_pradesh,25.7967_81.4985.png
uttar_pradesh,25.7967_81.5397.png
uttar_pradesh,25.7967_81.5573.png
uttar_pradesh,25.7967_81.5661.png
uttar_pradesh,25.7967_81.6073.png
uttar_pradesh,25.7967_81.9250.png
uttar_pradesh,25.7967_81.9283.png
uttar_pradesh,25.7967_81.9573.png
uttar_pradesh,25.8055_80.6249.png
uttar_pradesh,25.8055_80.6283.png
uttar_pradesh,25.8055_80.7073.png
uttar_pradesh,25.8055_80.7283.png
uttar_pradesh,25.8055_80.7397.png
uttar_pradesh,25.8055_80.7485.png
uttar_pradesh,25.8055_80.7573.png
uttar_pradesh,25.8055_81.1161.png
uttar_pradesh,25.8055_81.1249.png
uttar_pradesh,25.8055_81.1283.png
uttar_pradesh,25.8055_81.2485.png
uttar_pradesh,25.8055_81.5397.png
uttar_pradesh,25.8055_81.5485.png
uttar_pradesh,25.8055_81.6073.png
uttar_pradesh,25.8055_81.9485.png
uttar_pradesh,25.8143_80.7073.png
uttar_pradesh,25.8143_80.7249.png
uttar_pradesh,25.8143_80.7283.png
uttar_pradesh,25.8143_80.7573.png
uttar_pradesh,25.8143_81.0397.png
uttar_pradesh,25.8143_81.0485.png
uttar_pradesh,25.8143_81.2485.png
uttar_pradesh,25.8143_81.5397.png
uttar_pradesh,25.8143_81.5485.png
uttar_pradesh,25.8257_80.5749.png
uttar_pradesh,25.8257_80.5897.png
uttar_pradesh,25.8257_80.6249.png
uttar_pradesh,25.8257_80.6283.png
uttar_pradesh,25.8257_80.6397.png
uttar_pradesh,25.8257_80.6485.png
uttar_pradesh,25.8257_80.6750.png
uttar_pradesh,25.8257_80.6783.png
uttar_pradesh,25.8257_80.7661.png
uttar_pradesh,25.8257_80.8897.png
uttar_pradesh,25.8257_80.9073.png
uttar_pradesh,25.8257_81.1485.png
uttar_pradesh,25.8257_81.1574.png
uttar_pradesh,25.8257_81.5249.png
uttar_pradesh,25.8257_81.5283.png
uttar_pradesh,25.8257_81.5573.png
uttar_pradesh,25.8257_81.5897.png
uttar_pradesh,25.8257_81.8397.png
uttar_pradesh,25.8257_81.9074.png
uttar_pradesh,25.8257_81.9397.png
uttar_pradesh,25.8257_81.9897.png
uttar_pradesh,25.8291_80.5661.png
uttar_pradesh,25.8291_80.5749.png
uttar_pradesh,25.8291_80.5783.png
uttar_pradesh,25.8291_80.5897.png
uttar_pradesh,25.8291_80.6249.png
uttar_pradesh,25.8291_80.6283.png
uttar_pradesh,25.8291_80.6397.png
uttar_pradesh,25.8291_80.6485.png
uttar_pradesh,25.8291_80.6750.png
uttar_pradesh,25.8291_80.6783.png
uttar_pradesh,25.8291_80.6897.png
uttar_pradesh,25.8291_80.7573.png
uttar_pradesh,25.8291_80.7661.png
uttar_pradesh,25.8291_80.8397.png
uttar_pradesh,25.8291_80.8485.png
uttar_pradesh,25.8291_80.8897.png
uttar_pradesh,25.8291_80.9073.png
uttar_pradesh,25.8291_81.1485.png
uttar_pradesh,25.8291_81.1574.png
uttar_pradesh,25.8291_81.5249.png
uttar_pradesh,25.8291_81.5283.png
uttar_pradesh,25.8291_81.5573.png
uttar_pradesh,25.8291_81.5897.png
uttar_pradesh,25.8291_81.8397.png
uttar_pradesh,25.8291_81.8485.png
uttar_pradesh,25.8291_81.9074.png
uttar_pradesh,25.8291_81.9397.png
uttar_pradesh,25.8291_81.9897.png
uttar_pradesh,25.8291_81.9985.png
uttar_pradesh,25.8379_80.5661.png
uttar_pradesh,25.8379_80.5749.png
uttar_pradesh,25.8379_80.5783.png
uttar_pradesh,25.8379_80.5897.png
uttar_pradesh,25.8379_80.6897.png
uttar_pradesh,25.8379_80.8397.png
uttar_pradesh,25.8379_80.8485.png
uttar_pradesh,25.8379_81.1249.png
uttar_pradesh,25.8379_81.1283.png
uttar_pradesh,25.8379_81.4985.png
uttar_pradesh,25.8379_81.5073.png
uttar_pradesh,25.8379_81.5161.png
uttar_pradesh,25.8379_81.5249.png
uttar_pradesh,25.8379_81.8397.png
uttar_pradesh,25.8379_81.8485.png
uttar_pradesh,25.8379_81.8749.png
uttar_pradesh,25.8379_81.8783.png
uttar_pradesh,25.8467_80.5749.png
uttar_pradesh,25.8467_80.5783.png
uttar_pradesh,25.8467_80.6249.png
uttar_pradesh,25.8467_80.6283.png
uttar_pradesh,25.8467_80.6397.png
uttar_pradesh,25.8467_80.6485.png
uttar_pradesh,25.8467_80.6573.png
uttar_pradesh,25.8467_80.6662.png
uttar_pradesh,25.8467_80.6897.png
uttar_pradesh,25.8467_80.6985.png
uttar_pradesh,25.8467_80.7573.png
uttar_pradesh,25.8467_80.7661.png
uttar_pradesh,25.8467_80.7749.png
uttar_pradesh,25.8467_80.8485.png
uttar_pradesh,25.8467_81.0283.png
uttar_pradesh,25.8467_81.1249.png
uttar_pradesh,25.8467_81.1283.png
uttar_pradesh,25.8467_81.3249.png
uttar_pradesh,25.8467_81.5073.png
uttar_pradesh,25.8467_81.8749.png
uttar_pradesh,25.8467_81.8783.png
uttar_pradesh,25.8467_81.9074.png
uttar_pradesh,25.8467_81.9162.png
uttar_pradesh,25.8467_81.9250.png
uttar_pradesh,25.8467_81.9897.png
uttar_pradesh,25.8555_80.6397.png
uttar_pradesh,25.8555_80.6573.png
uttar_pradesh,25.8555_80.6662.png
uttar_pradesh,25.8555_80.6750.png
uttar_pradesh,25.8555_80.6783.png
uttar_pradesh,25.8555_80.6897.png
uttar_pradesh,25.8555_80.6985.png
uttar_pradesh,25.8555_80.7073.png
uttar_pradesh,25.8555_80.7573.png
uttar_pradesh,25.8555_80.7661.png
uttar_pradesh,25.8555_80.7749.png
uttar_pradesh,25.8555_80.7783.png
uttar_pradesh,25.8555_81.0283.png
uttar_pradesh,25.8555_81.1249.png
uttar_pradesh,25.8555_81.1283.png
uttar_pradesh,25.8555_81.1783.png
uttar_pradesh,25.8555_81.5749.png
uttar_pradesh,25.8555_81.5783.png
uttar_pradesh,25.8555_81.6161.png
uttar_pradesh,25.8555_81.6249.png
uttar_pradesh,25.8555_81.6283.png
uttar_pradesh,25.8555_81.6397.png
uttar_pradesh,25.8555_81.7573.png
uttar_pradesh,25.8555_81.7661.png
uttar_pradesh,25.8555_81.7749.png
uttar_pradesh,25.8555_81.7783.png
uttar_pradesh,25.8643_80.6783.png
uttar_pradesh,25.8643_80.6897.png
uttar_pradesh,25.8643_80.6985.png
uttar_pradesh,25.8643_80.7749.png
uttar_pradesh,25.8643_80.7783.png
uttar_pradesh,25.8643_81.0897.png
uttar_pradesh,25.8643_81.0985.png
uttar_pradesh,25.8643_81.1783.png
uttar_pradesh,25.8643_81.6161.png
uttar_pradesh,25.8643_81.6249.png
uttar_pradesh,25.8643_81.6283.png
uttar_pradesh,25.8643_81.7573.png
uttar_pradesh,25.8643_81.7661.png
uttar_pradesh,25.8757_80.6985.png
uttar_pradesh,25.8757_80.7897.png
uttar_pradesh,25.8757_80.9250.png
uttar_pradesh,25.8757_80.9283.png
uttar_pradesh,25.8757_80.9397.png
uttar_pradesh,25.8757_81.0749.png
uttar_pradesh,25.8757_81.0783.png
uttar_pradesh,25.8757_81.4661.png
uttar_pradesh,25.8757_81.4897.png
uttar_pradesh,25.8757_81.5283.png
uttar_pradesh,25.8757_81.5897.png
uttar_pradesh,25.8757_81.6161.png
uttar_pradesh,25.8757_81.6249.png
uttar_pradesh,25.8757_81.6283.png
uttar_pradesh,25.8757_81.7573.png
uttar_pradesh,25.8757_81.7749.png
uttar_pradesh,25.8757_81.7783.png
uttar_pradesh,25.8757_81.8749.png
uttar_pradesh,25.8757_81.8783.png
uttar_pradesh,25.8792_80.5897.png
uttar_pradesh,25.8792_80.6985.png
uttar_pradesh,25.8792_80.7897.png
uttar_pradesh,25.8792_80.9250.png
uttar_pradesh,25.8792_80.9283.png
uttar_pradesh,25.8792_80.9397.png
uttar_pradesh,25.8792_81.0749.png
uttar_pradesh,25.8792_81.0783.png
uttar_pradesh,25.8792_81.4661.png
uttar_pradesh,25.8792_81.4897.png
uttar_pradesh,25.8792_81.5283.png
uttar_pradesh,25.8792_81.5897.png
uttar_pradesh,25.8792_81.6161.png
uttar_pradesh,25.8792_81.6249.png
uttar_pradesh,25.8792_81.6283.png
uttar_pradesh,25.8792_81.7573.png
uttar_pradesh,25.8792_81.7783.png
uttar_pradesh,25.8792_81.8749.png
uttar_pradesh,25.8792_81.8783.png
uttar_pradesh,25.8792_81.8897.png
uttar_pradesh,25.8792_81.8986.png
uttar_pradesh,25.8880_80.5897.png
uttar_pradesh,25.8880_80.5985.png
uttar_pradesh,25.8880_80.6897.png
uttar_pradesh,25.8880_80.7161.png
uttar_pradesh,25.8880_80.7249.png
uttar_pradesh,25.8880_80.9162.png
uttar_pradesh,25.8880_80.9250.png
uttar_pradesh,25.8880_81.1161.png
uttar_pradesh,25.8880_81.1249.png
uttar_pradesh,25.8880_81.4783.png
uttar_pradesh,25.8880_81.4897.png
uttar_pradesh,25.8880_81.7249.png
uttar_pradesh,25.8880_81.7283.png
uttar_pradesh,25.8880_81.7749.png
uttar_pradesh,25.8880_81.7783.png
uttar_pradesh,25.8880_81.7897.png
uttar_pradesh,25.8880_81.8897.png
uttar_pradesh,25.8880_81.8986.png
uttar_pradesh,25.8880_81.9283.png
uttar_pradesh,25.8968_80.5897.png
uttar_pradesh,25.8968_80.5985.png
uttar_pradesh,25.8968_80.6073.png
uttar_pradesh,25.8968_80.6161.png
uttar_pradesh,25.8968_80.6485.png
uttar_pradesh,25.8968_80.6573.png
uttar_pradesh,25.8968_80.6897.png
uttar_pradesh,25.8968_80.7985.png
uttar_pradesh,25.8968_80.8073.png
uttar_pradesh,25.8968_81.3985.png
uttar_pradesh,25.8968_81.7249.png
uttar_pradesh,25.8968_81.7283.png
uttar_pradesh,25.8968_81.7897.png
uttar_pradesh,25.9056_80.6485.png
uttar_pradesh,25.9056_81.0749.png
uttar_pradesh,25.9056_81.0783.png
uttar_pradesh,25.9056_81.1750.png
uttar_pradesh,25.9056_81.1783.png
uttar_pradesh,25.9056_81.1897.png
uttar_pradesh,25.9056_81.2485.png
uttar_pradesh,25.9056_81.3985.png
uttar_pradesh,25.9056_81.7749.png
uttar_pradesh,25.9056_81.7783.png
uttar_pradesh,25.9056_81.8749.png
uttar_pradesh,25.9144_80.8985.png
uttar_pradesh,25.9144_80.9073.png
uttar_pradesh,25.9144_81.0783.png
uttar_pradesh,25.9144_81.1750.png
uttar_pradesh,25.9144_81.1783.png
uttar_pradesh,25.9144_81.2485.png
uttar_pradesh,25.9144_81.7749.png
uttar_pradesh,25.9144_81.7783.png
uttar_pradesh,25.9144_81.8749.png
uttar_pradesh,25.9144_81.8897.png
uttar_pradesh,25.9144_81.8986.png
uttar_pradesh,25.9144_82.0397.png
uttar_pradesh,25.9144_82.0485.png
uttar_pradesh,25.9258_80.4162.png
uttar_pradesh,25.9258_80.4250.png
uttar_pradesh,25.9258_80.4985.png
uttar_pradesh,25.9258_80.6249.png
uttar_pradesh,25.9258_80.6283.png
uttar_pradesh,25.9258_81.2485.png
uttar_pradesh,25.9258_81.2573.png
uttar_pradesh,25.9258_81.2985.png
uttar_pradesh,25.9258_81.8249.png
uttar_pradesh,25.9258_82.0397.png
uttar_pradesh,25.9258_82.0485.png
uttar_pradesh,25.9258_82.0749.png
uttar_pradesh,25.9291_80.4162.png
uttar_pradesh,25.9291_80.4250.png
uttar_pradesh,25.9291_80.4985.png
uttar_pradesh,25.9291_80.6249.png
uttar_pradesh,25.9291_80.6283.png
uttar_pradesh,25.9291_80.6985.png
uttar_pradesh,25.9291_80.9749.png
uttar_pradesh,25.9291_80.9783.png
uttar_pradesh,25.9291_81.2485.png
uttar_pradesh,25.9291_81.2573.png
uttar_pradesh,25.9291_81.2985.png
uttar_pradesh,25.9291_81.3783.png
uttar_pradesh,25.9291_81.8249.png
uttar_pradesh,25.9291_82.0397.png
uttar_pradesh,25.9291_82.0485.png
uttar_pradesh,25.9291_82.0749.png
uttar_pradesh,25.9379_80.4162.png
uttar_pradesh,25.9379_80.4897.png
uttar_pradesh,25.9379_80.4985.png
uttar_pradesh,25.9379_80.5073.png
uttar_pradesh,25.9379_80.5749.png
uttar_pradesh,25.9379_80.5897.png
uttar_pradesh,25.9379_80.5985.png
uttar_pradesh,25.9379_80.6573.png
uttar_pradesh,25.9379_80.6985.png
uttar_pradesh,25.9379_80.7485.png
uttar_pradesh,25.9379_80.7573.png
uttar_pradesh,25.9379_81.2397.png
uttar_pradesh,25.9379_81.2485.png
uttar_pradesh,25.9379_81.3783.png
uttar_pradesh,25.9379_81.5249.png
uttar_pradesh,25.9379_81.5283.png
uttar_pradesh,25.9379_81.8249.png
uttar_pradesh,25.9379_81.8283.png
uttar_pradesh,25.9379_81.9397.png
uttar_pradesh,25.9379_81.9485.png
uttar_pradesh,25.9379_81.9573.png
uttar_pradesh,25.9379_82.0249.png
uttar_pradesh,25.9379_82.0283.png
uttar_pradesh,25.9467_80.4162.png
uttar_pradesh,25.9467_80.4485.png
uttar_pradesh,25.9467_80.4573.png
uttar_pradesh,25.9467_80.4749.png
uttar_pradesh,25.9467_80.4783.png
uttar_pradesh,25.9467_80.4897.png
uttar_pradesh,25.9467_80.4985.png
uttar_pradesh,25.9467_80.5749.png
uttar_pradesh,25.9467_80.8897.png
uttar_pradesh,25.9467_80.8985.png
uttar_pradesh,25.9467_81.2397.png
uttar_pradesh,25.9467_81.2485.png
uttar_pradesh,25.9467_81.2897.png
uttar_pradesh,25.9467_81.5249.png
uttar_pradesh,25.9467_81.5283.png
uttar_pradesh,25.9467_81.5397.png
uttar_pradesh,25.9467_81.5485.png
uttar_pradesh,25.9467_81.6750.png
uttar_pradesh,25.9467_81.6783.png
uttar_pradesh,25.9467_81.8249.png
uttar_pradesh,25.9467_81.8283.png
uttar_pradesh,25.9467_81.9397.png
uttar_pradesh,25.9467_81.9485.png
uttar_pradesh,25.9467_81.9573.png
uttar_pradesh,25.9555_80.3897.png
uttar_pradesh,25.9555_80.3985.png
uttar_pradesh,25.9555_80.4485.png
uttar_pradesh,25.9555_80.4573.png
uttar_pradesh,25.9555_80.9749.png
uttar_pradesh,25.9555_80.9783.png
uttar_pradesh,25.9555_81.2661.png
uttar_pradesh,25.9555_81.2749.png
uttar_pradesh,25.9555_81.2897.png
uttar_pradesh,25.9555_81.2985.png
uttar_pradesh,25.9555_81.3073.png
uttar_pradesh,25.9555_81.3161.png
uttar_pradesh,25.9555_81.5161.png
uttar_pradesh,25.9555_81.5249.png
uttar_pradesh,25.9555_81.5283.png
uttar_pradesh,25.9555_81.5661.png
uttar_pradesh,25.9555_81.5749.png
uttar_pradesh,25.9555_81.5897.png
uttar_pradesh,25.9555_81.6283.png
uttar_pradesh,25.9555_81.6750.png
uttar_pradesh,25.9555_81.6783.png
uttar_pradesh,25.9555_81.8986.png
uttar_pradesh,25.9555_81.9074.png
uttar_pradesh,25.9555_81.9397.png
uttar_pradesh,25.9555_81.9485.png
uttar_pradesh,25.9555_81.9573.png
uttar_pradesh,25.9643_80.8749.png
uttar_pradesh,25.9643_80.8783.png
uttar_pradesh,25.9643_81.0897.png
uttar_pradesh,25.9643_81.0985.png
uttar_pradesh,25.9643_81.2249.png
uttar_pradesh,25.9643_81.2283.png
uttar_pradesh,25.9643_81.2397.png
uttar_pradesh,25.9643_81.2485.png
uttar_pradesh,25.9643_81.2985.png
uttar_pradesh,25.9643_81.4897.png
uttar_pradesh,25.9643_81.4985.png
uttar_pradesh,25.9643_81.6073.png
uttar_pradesh,25.9643_81.6283.png
uttar_pradesh,25.9643_82.0749.png
uttar_pradesh,25.9643_82.0783.png
uttar_pradesh,25.9757_79.4573.png
uttar_pradesh,25.9757_80.3573.png
uttar_pradesh,25.9757_80.3661.png
uttar_pradesh,25.9757_80.3749.png
uttar_pradesh,25.9757_81.0749.png
uttar_pradesh,25.9757_81.2161.png
uttar_pradesh,25.9757_81.2249.png
uttar_pradesh,25.9757_81.5661.png
uttar_pradesh,25.9757_81.5985.png
uttar_pradesh,25.9757_81.6073.png
uttar_pradesh,25.9757_81.7249.png
uttar_pradesh,25.9757_81.7573.png
uttar_pradesh,25.9757_81.8485.png
uttar_pradesh,25.9757_81.8573.png
uttar_pradesh,25.9791_79.4573.png
uttar_pradesh,25.9791_80.3573.png
uttar_pradesh,25.9791_80.3661.png
uttar_pradesh,25.9791_80.3749.png
uttar_pradesh,25.9791_80.9749.png
uttar_pradesh,25.9791_80.9783.png
uttar_pradesh,25.9791_80.9897.png
uttar_pradesh,25.9791_81.0073.png
uttar_pradesh,25.9791_81.0749.png
uttar_pradesh,25.9791_81.1985.png
uttar_pradesh,25.9791_81.2161.png
uttar_pradesh,25.9791_81.2249.png
uttar_pradesh,25.9791_81.5397.png
uttar_pradesh,25.9791_81.5661.png
uttar_pradesh,25.9791_81.5985.png
uttar_pradesh,25.9791_81.6073.png
uttar_pradesh,25.9791_81.6574.png
uttar_pradesh,25.9791_81.7249.png
uttar_pradesh,25.9791_81.7573.png
uttar_pradesh,25.9791_81.8485.png
uttar_pradesh,25.9791_81.8573.png
uttar_pradesh,25.9791_82.0661.png
uttar_pradesh,25.9879_80.4573.png
uttar_pradesh,25.9879_80.4661.png
uttar_pradesh,25.9879_80.9162.png
uttar_pradesh,25.9879_80.9749.png
uttar_pradesh,25.9879_80.9783.png
uttar_pradesh,25.9879_80.9897.png
uttar_pradesh,25.9879_81.0073.png
uttar_pradesh,25.9879_81.1574.png
uttar_pradesh,25.9879_81.1985.png
uttar_pradesh,25.9879_81.4749.png
uttar_pradesh,25.9879_81.4783.png
uttar_pradesh,25.9879_81.5397.png
uttar_pradesh,25.9879_81.5897.png
uttar_pradesh,25.9879_81.6073.png
uttar_pradesh,25.9879_81.6574.png
uttar_pradesh,25.9879_81.7485.png
uttar_pradesh,25.9879_81.7573.png
uttar_pradesh,25.9879_81.7661.png
uttar_pradesh,25.9879_81.7749.png
uttar_pradesh,25.9879_81.7783.png
uttar_pradesh,25.9879_81.9162.png
uttar_pradesh,25.9879_82.0661.png
uttar_pradesh,25.9968_80.3249.png
uttar_pradesh,25.9968_80.3283.png
uttar_pradesh,25.9968_80.8249.png
uttar_pradesh,25.9968_80.8283.png
uttar_pradesh,25.9968_80.9073.png
uttar_pradesh,25.9968_80.9162.png
uttar_pradesh,25.9968_81.1485.png
uttar_pradesh,25.9968_81.1574.png
uttar_pradesh,25.9968_81.5397.png
uttar_pradesh,25.9968_81.6249.png
uttar_pradesh,25.9968_81.6283.png
uttar_pradesh,25.9968_81.7573.png
uttar_pradesh,25.9968_81.7661.png
uttar_pradesh,25.9968_81.9162.png
uttar_pradesh,25.9968_81.9250.png
uttar_pradesh,25.9968_81.9283.png
uttar_pradesh,26.0056_80.3161.png
uttar_pradesh,26.0056_80.8249.png
uttar_pradesh,26.0056_80.8283.png
uttar_pradesh,26.0056_80.9485.png
uttar_pradesh,26.0056_81.1574.png
uttar_pradesh,26.0056_81.1662.png
uttar_pradesh,26.0056_81.4485.png
uttar_pradesh,26.0056_81.4573.png
uttar_pradesh,26.0056_81.6485.png
uttar_pradesh,26.0056_81.9162.png
uttar_pradesh,26.0056_81.9250.png
uttar_pradesh,26.0056_81.9283.png
uttar_pradesh,26.0056_82.0283.png
uttar_pradesh,26.0144_80.2985.png
uttar_pradesh,26.0144_80.3073.png
uttar_pradesh,26.0144_80.3161.png
uttar_pradesh,26.0144_80.3249.png
uttar_pradesh,26.0144_80.3283.png
uttar_pradesh,26.0144_80.6485.png
uttar_pradesh,26.0144_80.6573.png
uttar_pradesh,26.0144_80.6662.png
uttar_pradesh,26.0144_80.7749.png
uttar_pradesh,26.0144_80.7783.png
uttar_pradesh,26.0144_80.9250.png
uttar_pradesh,26.0144_80.9283.png
uttar_pradesh,26.0144_80.9485.png
uttar_pradesh,26.0144_80.9897.png
uttar_pradesh,26.0144_80.9985.png
uttar_pradesh,26.0144_81.4749.png
uttar_pradesh,26.0144_81.4783.png
uttar_pradesh,26.0144_81.6485.png
uttar_pradesh,26.0144_81.9250.png
uttar_pradesh,26.0144_81.9283.png
uttar_pradesh,26.0144_82.0283.png
uttar_pradesh,26.0258_80.3249.png
uttar_pradesh,26.0258_80.3749.png
uttar_pradesh,26.0258_80.3985.png
uttar_pradesh,26.0258_80.4250.png
uttar_pradesh,26.0258_80.4283.png
uttar_pradesh,26.0258_80.5161.png
uttar_pradesh,26.0258_80.5249.png
uttar_pradesh,26.0258_80.7161.png
uttar_pradesh,26.0258_80.7397.png
uttar_pradesh,26.0258_80.7485.png
uttar_pradesh,26.0258_80.8573.png
uttar_pradesh,26.0258_80.8897.png
uttar_pradesh,26.0258_80.9749.png
uttar_pradesh,26.0258_80.9783.png
uttar_pradesh,26.0258_80.9985.png
uttar_pradesh,26.0258_81.1073.png
uttar_pradesh,26.0258_81.2283.png
uttar_pradesh,26.0258_81.4283.png
uttar_pradesh,26.0258_81.4397.png
uttar_pradesh,26.0258_81.5985.png
uttar_pradesh,26.0258_81.6161.png
uttar_pradesh,26.0258_81.7897.png
uttar_pradesh,26.0258_81.8249.png
uttar_pradesh,26.0258_81.8283.png
uttar_pradesh,26.0291_80.3249.png
uttar_pradesh,26.0291_80.3749.png
uttar_pradesh,26.0291_80.3985.png
uttar_pradesh,26.0291_80.4250.png
uttar_pradesh,26.0291_80.4283.png
uttar_pradesh,26.0291_80.5161.png
uttar_pradesh,26.0291_80.5249.png
uttar_pradesh,26.0291_80.7161.png
uttar_pradesh,26.0291_80.7397.png
uttar_pradesh,26.0291_80.7485.png
uttar_pradesh,26.0291_80.8573.png
uttar_pradesh,26.0291_80.8897.png
uttar_pradesh,26.0291_80.9749.png
uttar_pradesh,26.0291_80.9783.png
uttar_pradesh,26.0291_80.9985.png
uttar_pradesh,26.0291_81.0897.png
uttar_pradesh,26.0291_81.1073.png
uttar_pradesh,26.0291_81.2283.png
uttar_pradesh,26.0291_81.4283.png
uttar_pradesh,26.0291_81.4397.png
uttar_pradesh,26.0291_81.5985.png
uttar_pradesh,26.0291_81.6161.png
uttar_pradesh,26.0291_81.6750.png
uttar_pradesh,26.0291_81.6783.png
uttar_pradesh,26.0291_81.7897.png
uttar_pradesh,26.0291_81.8249.png
uttar_pradesh,26.0291_81.8283.png
uttar_pradesh,26.0379_80.5573.png
uttar_pradesh,26.0379_80.9897.png
uttar_pradesh,26.0379_80.9985.png
uttar_pradesh,26.0379_81.0897.png
uttar_pradesh,26.0379_81.3161.png
uttar_pradesh,26.0379_81.3249.png
uttar_pradesh,26.0379_81.4397.png
uttar_pradesh,26.0379_81.4573.png
uttar_pradesh,26.0379_81.4661.png
uttar_pradesh,26.0379_81.9250.png
uttar_pradesh,26.0379_81.9283.png
uttar_pradesh,26.0379_81.9573.png
uttar_pradesh,26.0379_82.1397.png
uttar_pradesh,26.0379_82.1486.png
uttar_pradesh,26.0467_80.5397.png
uttar_pradesh,26.0467_80.5573.png
uttar_pradesh,26.0467_80.5749.png
uttar_pradesh,26.0467_80.5783.png
uttar_pradesh,26.0467_80.6897.png
uttar_pradesh,26.0467_80.6985.png
uttar_pradesh,26.0467_80.7749.png
uttar_pradesh,26.0467_80.7783.png
uttar_pradesh,26.0467_81.1750.png
uttar_pradesh,26.0467_81.1783.png
uttar_pradesh,26.0467_81.3161.png
uttar_pradesh,26.0467_81.3249.png
uttar_pradesh,26.0467_81.4661.png
uttar_pradesh,26.0467_81.5749.png
uttar_pradesh,26.0467_81.5783.png
uttar_pradesh,26.0467_81.9250.png
uttar_pradesh,26.0467_81.9283.png
uttar_pradesh,26.0467_81.9573.png
uttar_pradesh,26.0467_81.9985.png
uttar_pradesh,26.0467_82.1397.png
uttar_pradesh,26.0467_82.1486.png
uttar_pradesh,26.0555_80.5749.png
uttar_pradesh,26.0555_80.5783.png
uttar_pradesh,26.0555_80.5985.png
uttar_pradesh,26.0555_80.6073.png
uttar_pradesh,26.0555_81.0749.png
uttar_pradesh,26.0555_81.0783.png
uttar_pradesh,26.0555_81.1073.png
uttar_pradesh,26.0555_81.6397.png
uttar_pradesh,26.0555_81.7161.png
uttar_pradesh,26.0555_81.7249.png
uttar_pradesh,26.0555_81.7283.png
uttar_pradesh,26.0555_81.7397.png
uttar_pradesh,26.0555_81.9985.png
uttar_pradesh,26.0643_80.6073.png
uttar_pradesh,26.0643_81.1073.png
uttar_pradesh,26.0643_81.2073.png
uttar_pradesh,26.0643_81.2161.png
uttar_pradesh,26.0643_81.2249.png
uttar_pradesh,26.0643_81.3397.png
uttar_pradesh,26.0643_81.3485.png
uttar_pradesh,26.0643_81.6397.png
uttar_pradesh,26.0757_80.3897.png
uttar_pradesh,26.0757_80.6485.png
uttar_pradesh,26.0757_80.6573.png
uttar_pradesh,26.0757_81.0749.png
uttar_pradesh,26.0757_81.0783.png
uttar_pradesh,26.0757_81.2073.png
uttar_pradesh,26.0757_81.2161.png
uttar_pradesh,26.0757_81.2661.png
uttar_pradesh,26.0757_81.3783.png
uttar_pradesh,26.0757_81.5985.png
uttar_pradesh,26.0757_81.6249.png
uttar_pradesh,26.0757_81.6283.png
uttar_pradesh,26.0757_81.6662.png
uttar_pradesh,26.0757_81.7573.png
uttar_pradesh,26.0757_81.7897.png
uttar_pradesh,26.0757_81.7985.png
uttar_pradesh,26.0757_81.8073.png
uttar_pradesh,26.0757_81.8161.png
uttar_pradesh,26.0757_81.8249.png
uttar_pradesh,26.0757_81.8283.png
uttar_pradesh,26.0757_81.8897.png
uttar_pradesh,26.0757_81.9397.png
uttar_pradesh,26.0757_82.0485.png
uttar_pradesh,26.0791_80.3897.png
uttar_pradesh,26.0791_80.6485.png
uttar_pradesh,26.0791_80.6573.png
uttar_pradesh,26.0791_81.0661.png
uttar_pradesh,26.0791_81.0749.png
uttar_pradesh,26.0791_81.0783.png
uttar_pradesh,26.0791_81.2073.png
uttar_pradesh,26.0791_81.2161.png
uttar_pradesh,26.0791_81.2661.png
uttar_pradesh,26.0791_81.3783.png
uttar_pradesh,26.0791_81.5985.png
uttar_pradesh,26.0791_81.6249.png
uttar_pradesh,26.0791_81.6283.png
uttar_pradesh,26.0791_81.6662.png
uttar_pradesh,26.0791_81.7573.png
uttar_pradesh,26.0791_81.7985.png
uttar_pradesh,26.0791_81.8073.png
uttar_pradesh,26.0791_81.8161.png
uttar_pradesh,26.0791_81.8249.png
uttar_pradesh,26.0791_81.8283.png
uttar_pradesh,26.0791_81.8573.png
uttar_pradesh,26.0791_81.8661.png
uttar_pradesh,26.0791_81.8897.png
uttar_pradesh,26.0791_81.9397.png
uttar_pradesh,26.0791_81.9661.png
uttar_pradesh,26.0791_82.0485.png
uttar_pradesh,26.0879_81.0661.png
uttar_pradesh,26.0879_81.0749.png
uttar_pradesh,26.0879_81.1397.png
uttar_pradesh,26.0879_81.1485.png
uttar_pradesh,26.0879_81.2161.png
uttar_pradesh,26.0879_81.2249.png
uttar_pradesh,26.0879_81.4985.png
uttar_pradesh,26.0879_81.5485.png
uttar_pradesh,26.0879_81.5573.png
uttar_pradesh,26.0879_81.5783.png
uttar_pradesh,26.0879_81.5985.png
uttar_pradesh,26.0879_81.8397.png
uttar_pradesh,26.0879_81.8573.png
uttar_pradesh,26.0879_81.8661.png
uttar_pradesh,26.0879_81.9485.png
uttar_pradesh,26.0879_81.9573.png
uttar_pradesh,26.0879_81.9661.png
uttar_pradesh,26.0967_80.2073.png
uttar_pradesh,26.0967_80.4162.png
uttar_pradesh,26.0967_80.4250.png
uttar_pradesh,26.0967_80.6161.png
uttar_pradesh,26.0967_81.1397.png
uttar_pradesh,26.0967_81.1485.png
uttar_pradesh,26.0967_81.2161.png
uttar_pradesh,26.0967_81.2249.png
uttar_pradesh,26.0967_81.3397.png
uttar_pradesh,26.0967_81.4985.png
uttar_pradesh,26.0967_81.5073.png
uttar_pradesh,26.0967_81.5783.png
uttar_pradesh,26.0967_81.5897.png
uttar_pradesh,26.0967_81.6249.png
uttar_pradesh,26.0967_81.6283.png
uttar_pradesh,26.0967_81.8161.png
uttar_pradesh,26.0967_81.8249.png
uttar_pradesh,26.0967_81.8397.png
uttar_pradesh,26.0967_81.8485.png
uttar_pradesh,26.1055_80.1662.png
uttar_pradesh,26.1055_80.2749.png
uttar_pradesh,26.1055_80.2783.png
uttar_pradesh,26.1055_80.2897.png
uttar_pradesh,26.1055_80.2985.png
uttar_pradesh,26.1055_80.3985.png
uttar_pradesh,26.1055_80.4073.png
uttar_pradesh,26.1055_80.4162.png
uttar_pradesh,26.1055_80.4250.png
uttar_pradesh,26.1055_80.4283.png
uttar_pradesh,26.1055_80.6161.png
uttar_pradesh,26.1055_81.0397.png
uttar_pradesh,26.1055_81.1897.png
uttar_pradesh,26.1055_81.3397.png
uttar_pradesh,26.1055_81.3661.png
uttar_pradesh,26.1055_81.3749.png
uttar_pradesh,26.1055_81.5073.png
uttar_pradesh,26.1055_81.5897.png
uttar_pradesh,26.1055_81.6073.png
uttar_pradesh,26.1055_81.6161.png
uttar_pradesh,26.1055_81.6249.png
uttar_pradesh,26.1055_81.6283.png
uttar_pradesh,26.1055_81.7573.png
uttar_pradesh,26.1055_81.7661.png
uttar_pradesh,26.1055_81.7749.png
uttar_pradesh,26.1143_80.0249.png
uttar_pradesh,26.1143_80.0283.png
uttar_pradesh,26.1143_80.1573.png
uttar_pradesh,26.1143_80.1662.png
uttar_pradesh,26.1143_80.2073.png
uttar_pradesh,26.1143_80.2161.png
uttar_pradesh,26.1143_80.2249.png
uttar_pradesh,26.1143_80.2661.png
uttar_pradesh,26.1143_80.3985.png
uttar_pradesh,26.1143_80.8749.png
uttar_pradesh,26.1143_80.8783.png
uttar_pradesh,26.1143_81.0397.png
uttar_pradesh,26.1143_81.1897.png
uttar_pradesh,26.1143_81.7749.png
uttar_pradesh,26.1143_81.7783.png
uttar_pradesh,26.1143_81.8249.png
uttar_pradesh,26.1143_81.8283.png
uttar_pradesh,26.1257_79.8073.png
uttar_pradesh,26.1257_80.1662.png
uttar_pradesh,26.1257_80.1750.png
uttar_pradesh,26.1257_80.1783.png
uttar_pradesh,26.1257_80.2397.png
uttar_pradesh,26.1257_80.2485.png
uttar_pradesh,26.1257_80.2573.png
uttar_pradesh,26.1257_80.2661.png
uttar_pradesh,26.1257_80.4250.png
uttar_pradesh,26.1257_80.4283.png
uttar_pradesh,26.1257_80.9250.png
uttar_pradesh,26.1257_80.9283.png
uttar_pradesh,26.1257_80.9397.png
uttar_pradesh,26.1257_80.9661.png
uttar_pradesh,26.1257_81.1073.png
uttar_pradesh,26.1257_81.2397.png
uttar_pradesh,26.1257_81.3985.png
uttar_pradesh,26.1257_81.4074.png
uttar_pradesh,26.1257_81.4162.png
uttar_pradesh,26.1257_81.4250.png
uttar_pradesh,26.1257_81.6073.png
uttar_pradesh,26.1257_81.6485.png
uttar_pradesh,26.1257_81.6574.png
uttar_pradesh,26.1257_81.6662.png
uttar_pradesh,26.1257_81.7161.png
uttar_pradesh,26.1257_81.8897.png
uttar_pradesh,26.1257_81.9573.png
uttar_pradesh,26.1257_81.9897.png
uttar_pradesh,26.1257_81.9985.png
uttar_pradesh,26.1257_82.0073.png
uttar_pradesh,26.1257_82.0161.png
uttar_pradesh,26.1257_82.0249.png
uttar_pradesh,26.1257_82.0283.png
uttar_pradesh,26.1292_79.8073.png
uttar_pradesh,26.1292_80.1662.png
uttar_pradesh,26.1292_80.1750.png
uttar_pradesh,26.1292_80.2073.png
uttar_pradesh,26.1292_80.2249.png
uttar_pradesh,26.1292_80.2283.png
uttar_pradesh,26.1292_80.2397.png
uttar_pradesh,26.1292_80.2485.png
uttar_pradesh,26.1292_80.2573.png
uttar_pradesh,26.1292_80.2661.png
uttar_pradesh,26.1292_80.4250.png
uttar_pradesh,26.1292_80.4283.png
uttar_pradesh,26.1292_80.7661.png
uttar_pradesh,26.1292_80.7749.png
uttar_pradesh,26.1292_80.7783.png
uttar_pradesh,26.1292_80.9250.png
uttar_pradesh,26.1292_80.9283.png
uttar_pradesh,26.1292_80.9397.png
uttar_pradesh,26.1292_80.9661.png
uttar_pradesh,26.1292_81.0249.png
uttar_pradesh,26.1292_81.0283.png
uttar_pradesh,26.1292_81.1073.png
uttar_pradesh,26.1292_81.2397.png
uttar_pradesh,26.1292_81.3985.png
uttar_pradesh,26.1292_81.4074.png
uttar_pradesh,26.1292_81.4162.png
uttar_pradesh,26.1292_81.4250.png
uttar_pradesh,26.1292_81.5897.png
uttar_pradesh,26.1292_81.6073.png
uttar_pradesh,26.1292_81.6485.png
uttar_pradesh,26.1292_81.6574.png
uttar_pradesh,26.1292_81.6662.png
uttar_pradesh,26.1292_81.7161.png
uttar_pradesh,26.1292_81.8397.png
uttar_pradesh,26.1292_81.8897.png
uttar_pradesh,26.1292_81.9573.png
uttar_pradesh,26.1292_81.9897.png
uttar_pradesh,26.1292_81.9985.png
uttar_pradesh,26.1292_82.0073.png
uttar_pradesh,26.1292_82.0161.png
uttar_pradesh,26.1292_82.0249.png
uttar_pradesh,26.1292_82.0283.png
uttar_pradesh,26.1380_79.8161.png
uttar_pradesh,26.1380_79.8249.png
uttar_pradesh,26.1380_79.8283.png
uttar_pradesh,26.1380_80.1397.png
uttar_pradesh,26.1380_80.1485.png
uttar_pradesh,26.1380_80.1573.png
uttar_pradesh,26.1380_80.1662.png
uttar_pradesh,26.1380_80.1750.png
uttar_pradesh,26.1380_80.2073.png
uttar_pradesh,26.1380_80.2161.png
uttar_pradesh,26.1380_80.2249.png
uttar_pradesh,26.1380_80.2283.png
uttar_pradesh,26.1380_80.5661.png
uttar_pradesh,26.1380_80.7573.png
uttar_pradesh,26.1380_80.7661.png
uttar_pradesh,26.1380_80.7749.png
uttar_pradesh,26.1380_80.7783.png
uttar_pradesh,26.1380_80.9162.png
uttar_pradesh,26.1380_80.9250.png
uttar_pradesh,26.1380_80.9283.png
uttar_pradesh,26.1380_80.9397.png
uttar_pradesh,26.1380_80.9485.png
uttar_pradesh,26.1380_81.0249.png
uttar_pradesh,26.1380_81.0283.png
uttar_pradesh,26.1380_81.2283.png
uttar_pradesh,26.1380_81.3985.png
uttar_pradesh,26.1380_81.5897.png
uttar_pradesh,26.1380_81.7249.png
uttar_pradesh,26.1380_81.7283.png
uttar_pradesh,26.1380_81.8397.png
uttar_pradesh,26.1468_79.8073.png
uttar_pradesh,26.1468_79.8161.png
uttar_pradesh,26.1468_79.8249.png
uttar_pradesh,26.1468_79.8283.png
uttar_pradesh,26.1468_80.0161.png
uttar_pradesh,26.1468_80.0249.png
uttar_pradesh,26.1468_80.1161.png
uttar_pradesh,26.1468_80.1397.png
uttar_pradesh,26.1468_80.1573.png
uttar_pradesh,26.1468_80.1662.png
uttar_pradesh,26.1468_80.1750.png
uttar_pradesh,26.1468_80.1783.png
uttar_pradesh,26.1468_80.2249.png
uttar_pradesh,26.1468_80.2283.png
uttar_pradesh,26.1468_80.4749.png
uttar_pradesh,26.1468_80.4783.png
uttar_pradesh,26.1468_80.4897.png
uttar_pradesh,26.1468_80.5661.png
uttar_pradesh,26.1468_81.1073.png
uttar_pradesh,26.1468_81.1161.png
uttar_pradesh,26.1468_81.1750.png
uttar_pradesh,26.1468_81.1783.png
uttar_pradesh,26.1468_81.1985.png
uttar_pradesh,26.1468_81.2283.png
uttar_pradesh,26.1468_81.2397.png
uttar_pradesh,26.1468_81.3749.png
uttar_pradesh,26.1468_81.3783.png
uttar_pradesh,26.1468_81.6283.png
uttar_pradesh,26.1468_81.6750.png
uttar_pradesh,26.1468_81.6783.png
uttar_pradesh,26.1468_81.7073.png
uttar_pradesh,26.1468_81.7161.png
uttar_pradesh,26.1468_81.7897.png
uttar_pradesh,26.1468_81.9573.png
uttar_pradesh,26.1468_81.9661.png
uttar_pradesh,26.1556_79.7783.png
uttar_pradesh,26.1556_80.1161.png
uttar_pradesh,26.1556_80.1249.png
uttar_pradesh,26.1556_80.1283.png
uttar_pradesh,26.1556_80.1397.png
uttar_pradesh,26.1556_80.1485.png
uttar_pradesh,26.1556_80.3397.png
uttar_pradesh,26.1556_80.3485.png
uttar_pradesh,26.1556_80.4749.png
uttar_pradesh,26.1556_80.4783.png
uttar_pradesh,26.1556_80.4897.png
uttar_pradesh,26.1556_80.5073.png
uttar_pradesh,26.1556_80.6783.png
uttar_pradesh,26.1556_80.7073.png
uttar_pradesh,26.1556_80.7161.png
uttar_pradesh,26.1556_80.8397.png
uttar_pradesh,26.1556_81.1662.png
uttar_pradesh,26.1556_81.1750.png
uttar_pradesh,26.1556_81.1985.png
uttar_pradesh,26.1556_81.2073.png
uttar_pradesh,26.1556_81.5661.png
uttar_pradesh,26.1556_81.5749.png
uttar_pradesh,26.1556_81.5783.png
uttar_pradesh,26.1556_81.6283.png
uttar_pradesh,26.1556_81.7073.png
uttar_pradesh,26.1556_81.7161.png
uttar_pradesh,26.1556_81.7897.png
uttar_pradesh,26.1556_82.0897.png
uttar_pradesh,26.1556_82.1662.png
uttar_pradesh,26.1644_79.7749.png
uttar_pradesh,26.1644_79.7783.png
uttar_pradesh,26.1644_79.7985.png
uttar_pradesh,26.1644_79.8073.png
uttar_pradesh,26.1644_80.0897.png
uttar_pradesh,26.1644_80.0985.png
uttar_pradesh,26.1644_80.1283.png
uttar_pradesh,26.1644_80.1397.png
uttar_pradesh,26.1644_80.1485.png
uttar_pradesh,26.1644_80.1662.png
uttar_pradesh,26.1644_80.3397.png
uttar_pradesh,26.1644_80.3485.png
uttar_pradesh,26.1644_80.3661.png
uttar_pradesh,26.1644_80.3749.png
uttar_pradesh,26.1644_80.5073.png
uttar_pradesh,26.1644_80.6783.png
uttar_pradesh,26.1644_80.7073.png
uttar_pradesh,26.1644_80.8397.png
uttar_pradesh,26.1644_81.1662.png
uttar_pradesh,26.1644_81.1750.png
uttar_pradesh,26.1644_81.1783.png
uttar_pradesh,26.1644_81.2073.png
uttar_pradesh,26.1644_81.2161.png
uttar_pradesh,26.1644_81.2249.png
uttar_pradesh,26.1644_81.2283.png
uttar_pradesh,26.1644_81.3249.png
uttar_pradesh,26.1644_81.3283.png
uttar_pradesh,26.1644_81.3749.png
uttar_pradesh,26.1644_81.3783.png
uttar_pradesh,26.1644_81.6985.png
uttar_pradesh,26.1644_81.7073.png
uttar_pradesh,26.1644_81.7161.png
uttar_pradesh,26.1644_81.9897.png
uttar_pradesh,26.1644_81.9985.png
uttar_pradesh,26.1644_82.0897.png
uttar_pradesh,26.1644_82.1662.png
uttar_pradesh,26.1644_82.1750.png
uttar_pradesh,26.1644_82.1783.png
uttar_pradesh,26.1758_79.7749.png
uttar_pradesh,26.1758_79.7783.png
uttar_pradesh,26.1758_79.7897.png
uttar_pradesh,26.1758_79.8161.png
uttar_pradesh,26.1758_79.8249.png
uttar_pradesh,26.1758_79.9749.png
uttar_pradesh,26.1758_79.9783.png
uttar_pradesh,26.1758_80.0897.png
uttar_pradesh,26.1758_80.1249.png
uttar_pradesh,26.1758_80.1283.png
uttar_pradesh,26.1758_80.1397.png
uttar_pradesh,26.1758_80.4073.png
uttar_pradesh,26.1758_80.5485.png
uttar_pradesh,26.1758_80.5573.png
uttar_pradesh,26.1758_80.7985.png
uttar_pradesh,26.1758_80.8161.png
uttar_pradesh,26.1758_80.8249.png
uttar_pradesh,26.1758_80.8283.png
uttar_pradesh,26.1758_80.8397.png
uttar_pradesh,26.1758_80.9897.png
uttar_pradesh,26.1758_81.0397.png
uttar_pradesh,26.1758_81.1985.png
uttar_pradesh,26.1758_81.5161.png
uttar_pradesh,26.1758_81.5283.png
uttar_pradesh,26.1758_81.5661.png
uttar_pradesh,26.1758_81.5749.png
uttar_pradesh,26.1758_81.7073.png
uttar_pradesh,26.1758_81.7161.png
uttar_pradesh,26.1758_81.7249.png
uttar_pradesh,26.1758_82.1161.png
uttar_pradesh,26.1758_82.1283.png
uttar_pradesh,26.1758_82.1662.png
uttar_pradesh,26.1758_82.1783.png
uttar_pradesh,26.1758_82.1897.png
uttar_pradesh,26.1758_82.2073.png
uttar_pradesh,26.1791_79.7749.png
uttar_pradesh,26.1791_79.7783.png
uttar_pradesh,26.1791_79.9749.png
uttar_pradesh,26.1791_79.9783.png
uttar_pradesh,26.1791_80.0573.png
uttar_pradesh,26.1791_80.0661.png
uttar_pradesh,26.1791_80.0897.png
uttar_pradesh,26.1791_80.1249.png
uttar_pradesh,26.1791_80.1283.png
uttar_pradesh,26.1791_80.1397.png
uttar_pradesh,26.1791_80.4073.png
uttar_pradesh,26.1791_80.5485.png
uttar_pradesh,26.1791_80.5573.png
uttar_pradesh,26.1791_80.7985.png
uttar_pradesh,26.1791_80.8161.png
uttar_pradesh,26.1791_80.8249.png
uttar_pradesh,26.1791_80.8283.png
uttar_pradesh,26.1791_80.8397.png
uttar_pradesh,26.1791_80.9897.png
uttar_pradesh,26.1791_81.0397.png
uttar_pradesh,26.1791_81.0485.png
uttar_pradesh,26.1791_81.1485.png
uttar_pradesh,26.1791_81.1985.png
uttar_pradesh,26.1791_81.3397.png
uttar_pradesh,26.1791_81.5161.png
uttar_pradesh,26.1791_81.5283.png
uttar_pradesh,26.1791_81.5397.png
uttar_pradesh,26.1791_81.5661.png
uttar_pradesh,26.1791_81.5749.png
uttar_pradesh,26.1791_81.7073.png
uttar_pradesh,26.1791_81.7161.png
uttar_pradesh,26.1791_81.9485.png
uttar_pradesh,26.1791_81.9573.png
uttar_pradesh,26.1791_81.9661.png
uttar_pradesh,26.1791_82.1161.png
uttar_pradesh,26.1791_82.1283.png
uttar_pradesh,26.1791_82.1662.png
uttar_pradesh,26.1791_82.1897.png
uttar_pradesh,26.1791_82.2073.png
uttar_pradesh,26.1879_79.7661.png
uttar_pradesh,26.1879_79.7749.png
uttar_pradesh,26.1879_79.7783.png
uttar_pradesh,26.1879_79.7897.png
uttar_pradesh,26.1879_79.7985.png
uttar_pradesh,26.1879_79.8073.png
uttar_pradesh,26.1879_79.8161.png
uttar_pradesh,26.1879_79.8249.png
uttar_pradesh,26.1879_79.8283.png
uttar_pradesh,26.1879_80.2573.png
uttar_pradesh,26.1879_80.3897.png
uttar_pradesh,26.1879_80.3985.png
uttar_pradesh,26.1879_80.4985.png
uttar_pradesh,26.1879_80.5485.png
uttar_pradesh,26.1879_80.5573.png
uttar_pradesh,26.1879_80.7161.png
uttar_pradesh,26.1879_80.8283.png
uttar_pradesh,26.1879_81.0485.png
uttar_pradesh,26.1879_81.0783.png
uttar_pradesh,26.1879_81.1485.png
uttar_pradesh,26.1879_81.1662.png
uttar_pradesh,26.1879_81.1750.png
uttar_pradesh,26.1879_81.1783.png
uttar_pradesh,26.1879_81.3397.png
uttar_pradesh,26.1879_81.3749.png
uttar_pradesh,26.1879_81.3783.png
uttar_pradesh,26.1879_81.5397.png
uttar_pradesh,26.1879_81.7661.png
uttar_pradesh,26.1879_81.8485.png
uttar_pradesh,26.1879_81.8573.png
uttar_pradesh,26.1879_81.9397.png
uttar_pradesh,26.1879_81.9485.png
uttar_pradesh,26.1879_81.9573.png
uttar_pradesh,26.1879_81.9661.png
uttar_pradesh,26.1879_82.1249.png
uttar_pradesh,26.1879_82.1283.png
uttar_pradesh,26.1879_82.1486.png
uttar_pradesh,26.1879_82.1662.png
uttar_pradesh,26.1879_82.1750.png
uttar_pradesh,26.1879_82.1783.png
uttar_pradesh,26.1967_79.7985.png
uttar_pradesh,26.1967_79.8161.png
uttar_pradesh,26.1967_79.8249.png
uttar_pradesh,26.1967_79.8283.png
uttar_pradesh,26.1967_79.8397.png
uttar_pradesh,26.1967_80.2573.png
uttar_pradesh,26.1967_80.2749.png
uttar_pradesh,26.1967_80.2783.png
uttar_pradesh,26.1967_80.3897.png
uttar_pradesh,26.1967_80.3985.png
uttar_pradesh,26.1967_80.4985.png
uttar_pradesh,26.1967_80.7161.png
uttar_pradesh,26.1967_80.7249.png
uttar_pradesh,26.1967_81.0783.png
uttar_pradesh,26.1967_81.1249.png
uttar_pradesh,26.1967_81.1283.png
uttar_pradesh,26.1967_81.1574.png
uttar_pradesh,26.1967_81.1662.png
uttar_pradesh,26.1967_81.1750.png
uttar_pradesh,26.1967_81.1783.png
uttar_pradesh,26.1967_81.3661.png
uttar_pradesh,26.1967_81.3749.png
uttar_pradesh,26.1967_81.4749.png
uttar_pradesh,26.1967_81.4783.png
uttar_pradesh,26.1967_81.7661.png
uttar_pradesh,26.1967_81.8485.png
uttar_pradesh,26.1967_81.9485.png
uttar_pradesh,26.1967_82.1161.png
uttar_pradesh,26.1967_82.1249.png
uttar_pradesh,26.1967_82.1283.png
uttar_pradesh,26.1967_82.1486.png
uttar_pradesh,26.1967_82.1662.png
uttar_pradesh,26.1967_82.1750.png
uttar_pradesh,26.2055_79.7897.png
uttar_pradesh,26.2055_79.7985.png
uttar_pradesh,26.2055_79.8073.png
uttar_pradesh,26.2055_79.8161.png
uttar_pradesh,26.2055_79.8249.png
uttar_pradesh,26.2055_79.8283.png
uttar_pradesh,26.2055_80.2749.png
uttar_pradesh,26.2055_80.2783.png
uttar_pradesh,26.2055_80.2897.png
uttar_pradesh,26.2055_80.9397.png
uttar_pradesh,26.2055_81.1249.png
uttar_pradesh,26.2055_81.1283.png
uttar_pradesh,26.2055_81.2897.png
uttar_pradesh,26.2055_81.3661.png
uttar_pradesh,26.2055_81.3783.png
uttar_pradesh,26.2055_81.7749.png
uttar_pradesh,26.2055_81.7783.png
uttar_pradesh,26.2055_82.0161.png
uttar_pradesh,26.2055_82.0249.png
uttar_pradesh,26.2055_82.1249.png
uttar_pradesh,26.2055_82.1486.png
uttar_pradesh,26.2055_82.1662.png
uttar_pradesh,26.2143_79.7897.png
uttar_pradesh,26.2143_79.7985.png
uttar_pradesh,26.2143_79.8161.png
uttar_pradesh,26.2143_80.0073.png
uttar_pradesh,26.2143_80.2897.png
uttar_pradesh,26.2143_80.2985.png
uttar_pradesh,26.2143_80.6662.png
uttar_pradesh,26.2143_80.6750.png
uttar_pradesh,26.2143_80.7573.png
uttar_pradesh,26.2143_81.2897.png
uttar_pradesh,26.2143_81.3661.png
uttar_pradesh,26.2143_81.5985.png
uttar_pradesh,26.2143_81.6073.png
uttar_pradesh,26.2143_81.9250.png
uttar_pradesh,26.2143_81.9283.png
uttar_pradesh,26.2143_82.1249.png
uttar_pradesh,26.2257_79.7661.png
uttar_pradesh,26.2257_79.7749.png
uttar_pradesh,26.2257_79.7783.png
uttar_pradesh,26.2257_79.7897.png
uttar_pradesh,26.2257_80.1161.png
uttar_pradesh,26.2257_80.1249.png
uttar_pradesh,26.2257_80.1283.png
uttar_pradesh,26.2257_80.2749.png
uttar_pradesh,26.2257_80.2783.png
uttar_pradesh,26.2257_80.2897.png
uttar_pradesh,26.2257_80.2985.png
uttar_pradesh,26.2257_80.5073.png
uttar_pradesh,26.2257_80.6750.png
uttar_pradesh,26.2257_80.6783.png
uttar_pradesh,26.2257_80.9985.png
uttar_pradesh,26.2257_81.0073.png
uttar_pradesh,26.2257_81.1397.png
uttar_pradesh,26.2257_81.3397.png
uttar_pradesh,26.2257_81.5161.png
uttar_pradesh,26.2257_81.5283.png
uttar_pradesh,26.2257_81.8073.png
uttar_pradesh,26.2257_81.8485.png
uttar_pradesh,26.2257_81.8573.png
uttar_pradesh,26.2257_81.9661.png
uttar_pradesh,26.2257_82.0485.png
uttar_pradesh,26.2257_82.2161.png
uttar_pradesh,26.2257_82.2249.png
uttar_pradesh,26.2257_82.2397.png
uttar_pradesh,26.2291_79.7661.png
uttar_pradesh,26.2291_79.7749.png
uttar_pradesh,26.2291_79.7783.png
uttar_pradesh,26.2291_79.7897.png
uttar_pradesh,26.2291_80.0397.png
uttar_pradesh,26.2291_80.0485.png
uttar_pradesh,26.2291_80.1161.png
uttar_pradesh,26.2291_80.2749.png
uttar_pradesh,26.2291_80.2783.png
uttar_pradesh,26.2291_80.4250.png
uttar_pradesh,26.2291_80.4283.png
uttar_pradesh,26.2291_80.5073.png
uttar_pradesh,26.2291_80.8897.png
uttar_pradesh,26.2291_80.8985.png
uttar_pradesh,26.2291_80.9985.png
uttar_pradesh,26.2291_81.0073.png
uttar_pradesh,26.2291_81.0783.png
uttar_pradesh,26.2291_81.1283.png
uttar_pradesh,26.2291_81.1397.png
uttar_pradesh,26.2291_81.2985.png
uttar_pradesh,26.2291_81.3073.png
uttar_pradesh,26.2291_81.3161.png
uttar_pradesh,26.2291_81.3249.png
uttar_pradesh,26.2291_81.3283.png
uttar_pradesh,26.2291_81.3397.png
uttar_pradesh,26.2291_81.5161.png
uttar_pradesh,26.2291_81.5249.png
uttar_pradesh,26.2291_81.5283.png
uttar_pradesh,26.2291_81.8073.png
uttar_pradesh,26.2291_81.9661.png
uttar_pradesh,26.2291_82.0485.png
uttar_pradesh,26.2291_82.0573.png
uttar_pradesh,26.2291_82.2161.png
uttar_pradesh,26.2291_82.2249.png
uttar_pradesh,26.2291_82.2397.png
uttar_pradesh,26.2291_82.2573.png
uttar_pradesh,26.2379_79.7661.png
uttar_pradesh,26.2379_79.7749.png
uttar_pradesh,26.2379_79.7783.png
uttar_pradesh,26.2379_80.4250.png
uttar_pradesh,26.2379_80.4283.png
uttar_pradesh,26.2379_80.6750.png
uttar_pradesh,26.2379_80.6783.png
uttar_pradesh,26.2379_80.8985.png
uttar_pradesh,26.2379_80.9985.png
uttar_pradesh,26.2379_81.0073.png
uttar_pradesh,26.2379_81.0783.png
uttar_pradesh,26.2379_81.0985.png
uttar_pradesh,26.2379_81.3161.png
uttar_pradesh,26.2379_81.3249.png
uttar_pradesh,26.2379_81.5749.png
uttar_pradesh,26.2379_81.5783.png
uttar_pradesh,26.2379_81.7485.png
uttar_pradesh,26.2379_81.7573.png
uttar_pradesh,26.2379_81.7985.png
uttar_pradesh,26.2379_81.8073.png
uttar_pradesh,26.2379_82.0161.png
uttar_pradesh,26.2379_82.0485.png
uttar_pradesh,26.2379_82.2397.png
uttar_pradesh,26.2379_82.2485.png
uttar_pradesh,26.2379_82.2573.png
uttar_pradesh,26.2468_79.7661.png
uttar_pradesh,26.2468_79.7749.png
uttar_pradesh,26.2468_79.8161.png
uttar_pradesh,26.2468_79.8249.png
uttar_pradesh,26.2468_79.8573.png
uttar_pradesh,26.2468_80.6750.png
uttar_pradesh,26.2468_80.6783.png
uttar_pradesh,26.2468_80.8661.png
uttar_pradesh,26.2468_80.8749.png
uttar_pradesh,26.2468_80.9073.png
uttar_pradesh,26.2468_80.9749.png
uttar_pradesh,26.2468_80.9897.png
uttar_pradesh,26.2468_80.9985.png
uttar_pradesh,26.2468_81.0073.png
uttar_pradesh,26.2468_81.0161.png
uttar_pradesh,26.2468_81.0249.png
uttar_pradesh,26.2468_81.0283.png
uttar_pradesh,26.2468_81.4985.png
uttar_pradesh,26.2468_81.5073.png
uttar_pradesh,26.2468_81.5161.png
uttar_pradesh,26.2468_81.5749.png
uttar_pradesh,26.2468_81.5783.png
uttar_pradesh,26.2468_81.7661.png
uttar_pradesh,26.2468_82.0161.png
uttar_pradesh,26.2468_82.0249.png
uttar_pradesh,26.2468_82.1249.png
uttar_pradesh,26.2468_82.1283.png
uttar_pradesh,26.2468_82.1897.png
uttar_pradesh,26.2468_82.1985.png
uttar_pradesh,26.2468_82.2397.png
uttar_pradesh,26.2468_82.2573.png
uttar_pradesh,26.2556_79.7073.png
uttar_pradesh,26.2556_79.7485.png
uttar_pradesh,26.2556_79.7573.png
uttar_pradesh,26.2556_79.7661.png
uttar_pradesh,26.2556_79.7749.png
uttar_pradesh,26.2556_79.7783.png
uttar_pradesh,26.2556_79.8573.png
uttar_pradesh,26.2556_79.8661.png
uttar_pradesh,26.2556_80.0397.png
uttar_pradesh,26.2556_80.6750.png
uttar_pradesh,26.2556_80.6783.png
uttar_pradesh,26.2556_80.9162.png
uttar_pradesh,26.2556_80.9250.png
uttar_pradesh,26.2556_80.9283.png
uttar_pradesh,26.2556_80.9749.png
uttar_pradesh,26.2556_81.1249.png
uttar_pradesh,26.2556_81.1283.png
uttar_pradesh,26.2556_81.5073.png
uttar_pradesh,26.2556_81.5161.png
uttar_pradesh,26.2556_81.5749.png
uttar_pradesh,26.2556_81.5783.png
uttar_pradesh,26.2556_81.7397.png
uttar_pradesh,26.2556_81.7485.png
uttar_pradesh,26.2556_81.7573.png
uttar_pradesh,26.2556_81.7661.png
uttar_pradesh,26.2556_82.1750.png
uttar_pradesh,26.2556_82.1783.png
uttar_pradesh,26.2556_82.1897.png
uttar_pradesh,26.2556_82.1985.png
uttar_pradesh,26.2556_82.2161.png
uttar_pradesh,26.2644_79.7073.png
uttar_pradesh,26.2644_79.7485.png
uttar_pradesh,26.2644_79.7783.png
uttar_pradesh,26.2644_80.7897.png
uttar_pradesh,26.2644_80.7985.png
uttar_pradesh,26.2644_81.0249.png
uttar_pradesh,26.2644_81.0283.png
uttar_pradesh,26.2644_81.0573.png
uttar_pradesh,26.2644_81.0661.png
uttar_pradesh,26.2644_81.0749.png
uttar_pradesh,26.2644_81.0783.png
uttar_pradesh,26.2644_81.1283.png
uttar_pradesh,26.2644_81.5749.png
uttar_pradesh,26.2644_81.7397.png
uttar_pradesh,26.2644_82.0161.png
uttar_pradesh,26.2644_82.0249.png
uttar_pradesh,26.2644_82.1662.png
uttar_pradesh,26.2644_82.1750.png
uttar_pradesh,26.2644_82.1783.png
uttar_pradesh,26.2644_82.1897.png
uttar_pradesh,26.2758_79.6397.png
uttar_pradesh,26.2758_79.6485.png
uttar_pradesh,26.2758_79.6985.png
uttar_pradesh,26.2758_79.7073.png
uttar_pradesh,26.2758_79.7249.png
uttar_pradesh,26.2758_79.7283.png
uttar_pradesh,26.2758_79.7397.png
uttar_pradesh,26.2758_79.7485.png
uttar_pradesh,26.2758_79.7661.png
uttar_pradesh,26.2758_79.7749.png
uttar_pradesh,26.2758_79.8749.png
uttar_pradesh,26.2758_79.8783.png
uttar_pradesh,26.2758_79.9161.png
uttar_pradesh,26.2758_80.3249.png
uttar_pradesh,26.2758_80.3283.png
uttar_pradesh,26.2758_80.4897.png
uttar_pradesh,26.2758_80.7397.png
uttar_pradesh,26.2758_80.7897.png
uttar_pradesh,26.2758_80.8283.png
uttar_pradesh,26.2758_80.9397.png
uttar_pradesh,26.2758_81.0161.png
uttar_pradesh,26.2758_81.0749.png
uttar_pradesh,26.2758_81.0783.png
uttar_pradesh,26.2758_81.2161.png
uttar_pradesh,26.2758_81.4074.png
uttar_pradesh,26.2758_81.4397.png
uttar_pradesh,26.2758_81.4661.png
uttar_pradesh,26.2758_81.4985.png
uttar_pradesh,26.2758_81.6985.png
uttar_pradesh,26.2758_81.8397.png
uttar_pradesh,26.2758_81.9661.png
uttar_pradesh,26.2758_81.9749.png
uttar_pradesh,26.2758_81.9783.png
uttar_pradesh,26.2791_79.6397.png
uttar_pradesh,26.2791_79.6485.png
uttar_pradesh,26.2791_79.7249.png
uttar_pradesh,26.2791_79.7283.png
uttar_pradesh,26.2791_79.7397.png
uttar_pradesh,26.2791_79.7485.png
uttar_pradesh,26.2791_79.7661.png
uttar_pradesh,26.2791_79.7749.png
uttar_pradesh,26.2791_79.8749.png
uttar_pradesh,26.2791_79.8783.png
uttar_pradesh,26.2791_79.9161.png
uttar_pradesh,26.2791_80.4897.png
uttar_pradesh,26.2791_80.7397.png
uttar_pradesh,26.2791_80.7897.png
uttar_pradesh,26.2791_80.8283.png
uttar_pradesh,26.2791_80.9397.png
uttar_pradesh,26.2791_81.0161.png
uttar_pradesh,26.2791_81.0661.png
uttar_pradesh,26.2791_81.0749.png
uttar_pradesh,26.2791_81.0783.png
uttar_pradesh,26.2791_81.2161.png
uttar_pradesh,26.2791_81.3073.png
uttar_pradesh,26.2791_81.4074.png
uttar_pradesh,26.2791_81.4397.png
uttar_pradesh,26.2791_81.4661.png
uttar_pradesh,26.2791_81.4985.png
uttar_pradesh,26.2791_81.6985.png
uttar_pradesh,26.2791_81.8397.png
uttar_pradesh,26.2791_81.9661.png
uttar_pradesh,26.2879_79.6249.png
uttar_pradesh,26.2879_79.6283.png
uttar_pradesh,26.2879_79.7985.png
uttar_pradesh,26.2879_79.8073.png
uttar_pradesh,26.2879_80.2573.png
uttar_pradesh,26.2879_80.9283.png
uttar_pradesh,26.2879_80.9397.png
uttar_pradesh,26.2879_81.0161.png
uttar_pradesh,26.2879_81.0249.png
uttar_pradesh,26.2879_81.0661.png
uttar_pradesh,26.2879_81.1897.png
uttar_pradesh,26.2879_81.3073.png
uttar_pradesh,26.2879_81.4485.png
uttar_pradesh,26.2879_81.4661.png
uttar_pradesh,26.2879_81.4749.png
uttar_pradesh,26.2879_81.4783.png
uttar_pradesh,26.2879_82.1662.png
uttar_pradesh,26.2879_82.1750.png
uttar_pradesh,26.2879_82.1783.png
uttar_pradesh,26.2967_80.0661.png
uttar_pradesh,26.2967_80.2661.png
uttar_pradesh,26.2967_80.2749.png
uttar_pradesh,26.2967_80.4897.png
uttar_pradesh,26.2967_80.5073.png
uttar_pradesh,26.2967_80.6397.png
uttar_pradesh,26.2967_80.6485.png
uttar_pradesh,26.2967_80.9283.png
uttar_pradesh,26.2967_80.9397.png
uttar_pradesh,26.2967_81.1897.png
uttar_pradesh,26.2967_81.3249.png
uttar_pradesh,26.2967_81.3283.png
uttar_pradesh,26.2967_81.4485.png
uttar_pradesh,26.2967_81.9074.png
uttar_pradesh,26.2967_81.9162.png
uttar_pradesh,26.2967_81.9573.png
uttar_pradesh,26.3055_80.0661.png
uttar_pradesh,26.3055_80.0749.png
uttar_pradesh,26.3055_80.0783.png
uttar_pradesh,26.3055_80.1750.png
uttar_pradesh,26.3055_80.1783.png
uttar_pradesh,26.3055_80.2661.png
uttar_pradesh,26.3055_80.2749.png
uttar_pradesh,26.3055_80.4897.png
uttar_pradesh,26.3055_80.4985.png
uttar_pradesh,26.3055_80.5249.png
uttar_pradesh,26.3055_80.5283.png
uttar_pradesh,26.3055_80.9783.png
uttar_pradesh,26.3055_80.9985.png
uttar_pradesh,26.3055_81.0073.png
uttar_pradesh,26.3055_81.0249.png
uttar_pradesh,26.3055_81.0283.png
uttar_pradesh,26.3055_81.9485.png
uttar_pradesh,26.3055_81.9573.png
uttar_pradesh,26.3055_82.0249.png
uttar_pradesh,26.3055_82.0283.png
uttar_pradesh,26.3055_82.0985.png
uttar_pradesh,26.3143_80.1750.png
uttar_pradesh,26.3143_80.1783.png
uttar_pradesh,26.3143_80.3749.png
uttar_pradesh,26.3143_80.3783.png
uttar_pradesh,26.3143_80.4749.png
uttar_pradesh,26.3143_80.4783.png
uttar_pradesh,26.3143_80.9783.png
uttar_pradesh,26.3143_80.9985.png
uttar_pradesh,26.3143_81.0249.png
uttar_pradesh,26.3143_81.0283.png
uttar_pradesh,26.3143_81.9074.png
uttar_pradesh,26.3143_81.9162.png
uttar_pradesh,26.3143_82.0249.png
uttar_pradesh,26.3143_82.0283.png
uttar_pradesh,26.3143_82.0985.png
uttar_pradesh,26.3143_82.1073.png
uttar_pradesh,26.3143_82.2749.png
uttar_pradesh,26.3143_82.2783.png
uttar_pradesh,26.3257_79.6661.png
uttar_pradesh,26.3257_79.7249.png
uttar_pradesh,26.3257_79.7283.png
uttar_pradesh,26.3257_79.9485.png
uttar_pradesh,26.3257_79.9573.png
uttar_pradesh,26.3257_80.2749.png
uttar_pradesh,26.3257_80.2783.png
uttar_pradesh,26.3257_80.3161.png
uttar_pradesh,26.3257_80.3485.png
uttar_pradesh,26.3257_80.4749.png
uttar_pradesh,26.3257_80.4783.png
uttar_pradesh,26.3257_80.6397.png
uttar_pradesh,26.3257_80.6485.png
uttar_pradesh,26.3257_80.7749.png
uttar_pradesh,26.3257_80.7783.png
uttar_pradesh,26.3257_80.8573.png
uttar_pradesh,26.3257_80.9749.png
uttar_pradesh,26.3257_80.9783.png
uttar_pradesh,26.3257_81.7249.png
uttar_pradesh,26.3257_81.7283.png
uttar_pradesh,26.3257_82.0161.png
uttar_pradesh,26.3257_82.0249.png
uttar_pradesh,26.3257_82.0283.png
uttar_pradesh,26.3257_82.1161.png
uttar_pradesh,26.3291_79.6573.png
uttar_pradesh,26.3291_79.6661.png
uttar_pradesh,26.3291_79.9485.png
uttar_pradesh,26.3291_79.9573.png
uttar_pradesh,26.3291_80.2749.png
uttar_pradesh,26.3291_80.2783.png
uttar_pradesh,26.3291_80.2897.png
uttar_pradesh,26.3291_80.2985.png
uttar_pradesh,26.3291_80.3161.png
uttar_pradesh,26.3291_80.3485.png
uttar_pradesh,26.3291_80.4485.png
uttar_pradesh,26.3291_80.4573.png
uttar_pradesh,26.3291_80.6397.png
uttar_pradesh,26.3291_80.6485.png
uttar_pradesh,26.3291_80.7749.png
uttar_pradesh,26.3291_80.7783.png
uttar_pradesh,26.3291_80.7985.png
uttar_pradesh,26.3291_80.8573.png
uttar_pradesh,26.3291_80.9749.png
uttar_pradesh,26.3291_80.9783.png
uttar_pradesh,26.3291_81.1750.png
uttar_pradesh,26.3291_81.2661.png
uttar_pradesh,26.3291_81.2749.png
uttar_pradesh,26.3291_81.2783.png
uttar_pradesh,26.3291_81.7249.png
uttar_pradesh,26.3291_81.7283.png
uttar_pradesh,26.3291_82.0249.png
uttar_pradesh,26.3291_82.0283.png
uttar_pradesh,26.3291_82.1161.png
uttar_pradesh,26.3379_79.5897.png
uttar_pradesh,26.3379_79.5985.png
uttar_pradesh,26.3379_79.6485.png
uttar_pradesh,26.3379_79.7249.png
uttar_pradesh,26.3379_79.7283.png
uttar_pradesh,26.3379_80.2397.png
uttar_pradesh,26.3379_80.2749.png
uttar_pradesh,26.3379_80.2783.png
uttar_pradesh,26.3379_80.2897.png
uttar_pradesh,26.3379_80.2985.png
uttar_pradesh,26.3379_80.3073.png
uttar_pradesh,26.3379_80.3397.png
uttar_pradesh,26.3379_80.3485.png
uttar_pradesh,26.3379_80.4661.png
uttar_pradesh,26.3379_80.4749.png
uttar_pradesh,26.3379_80.4783.png
uttar_pradesh,26.3379_80.7749.png
uttar_pradesh,26.3379_80.7783.png
uttar_pradesh,26.3379_80.7985.png
uttar_pradesh,26.3379_80.8749.png
uttar_pradesh,26.3379_80.8783.png
uttar_pradesh,26.3379_81.1750.png
uttar_pradesh,26.3379_81.2661.png
uttar_pradesh,26.3379_81.2749.png
uttar_pradesh,26.3379_81.8897.png
uttar_pradesh,26.3379_82.0249.png
uttar_pradesh,26.3379_82.1397.png
uttar_pradesh,26.3467_79.6397.png
uttar_pradesh,26.3467_79.6485.png
uttar_pradesh,26.3467_79.6750.png
uttar_pradesh,26.3467_79.6783.png
uttar_pradesh,26.3467_79.8397.png
uttar_pradesh,26.3467_79.8485.png
uttar_pradesh,26.3467_80.2397.png
uttar_pradesh,26.3467_80.2783.png
uttar_pradesh,26.3467_80.3283.png
uttar_pradesh,26.3467_80.3897.png
uttar_pradesh,26.3467_80.4485.png
uttar_pradesh,26.3467_80.4573.png
uttar_pradesh,26.3467_80.4661.png
uttar_pradesh,26.3467_80.7749.png
uttar_pradesh,26.3467_80.7783.png
uttar_pradesh,26.3467_80.7897.png
uttar_pradesh,26.3467_81.8749.png
uttar_pradesh,26.3467_81.8783.png
uttar_pradesh,26.3467_81.8897.png
uttar_pradesh,26.3467_81.9397.png
uttar_pradesh,26.3467_82.0283.png
uttar_pradesh,26.3467_82.1283.png
uttar_pradesh,26.3555_79.6397.png
uttar_pradesh,26.3555_79.6485.png
uttar_pradesh,26.3555_79.7073.png
uttar_pradesh,26.3555_79.7161.png
uttar_pradesh,26.3555_79.7749.png
uttar_pradesh,26.3555_79.7783.png
uttar_pradesh,26.3555_80.2985.png
uttar_pradesh,26.3555_80.3073.png
uttar_pradesh,26.3555_80.3161.png
uttar_pradesh,26.3555_80.3249.png
uttar_pradesh,26.3555_80.3283.png
uttar_pradesh,26.3555_80.3749.png
uttar_pradesh,26.3555_80.3783.png
uttar_pradesh,26.3555_80.3897.png
uttar_pradesh,26.3555_80.5783.png
uttar_pradesh,26.3555_80.7897.png
uttar_pradesh,26.3555_81.8661.png
uttar_pradesh,26.3555_81.8749.png
uttar_pradesh,26.3555_81.9250.png
uttar_pradesh,26.3555_81.9283.png
uttar_pradesh,26.3555_81.9397.png
uttar_pradesh,26.3555_82.0161.png
uttar_pradesh,26.3555_82.0249.png
uttar_pradesh,26.3555_82.1283.png
uttar_pradesh,26.3643_79.4161.png
uttar_pradesh,26.3643_79.4250.png
uttar_pradesh,26.3643_79.4283.png
uttar_pradesh,26.3643_79.6750.png
uttar_pradesh,26.3643_79.6783.png
uttar_pradesh,26.3643_79.7073.png
uttar_pradesh,26.3643_79.7161.png
uttar_pradesh,26.3643_80.2897.png
uttar_pradesh,26.3643_80.2985.png
uttar_pradesh,26.3643_80.3073.png
uttar_pradesh,26.3643_80.3249.png
uttar_pradesh,26.3643_80.3283.png
uttar_pradesh,26.3643_80.4661.png
uttar_pradesh,26.3643_80.4749.png
uttar_pradesh,26.3643_80.5783.png
uttar_pradesh,26.3643_81.0897.png
uttar_pradesh,26.3643_81.0985.png
uttar_pradesh,26.3643_81.8897.png
uttar_pradesh,26.3643_81.8986.png
uttar_pradesh,26.3643_82.0161.png
uttar_pradesh,26.3643_82.0249.png
uttar_pradesh,26.3643_82.1662.png
uttar_pradesh,26.3643_82.1750.png
uttar_pradesh,26.3757_79.2073.png
uttar_pradesh,26.3757_79.2161.png
uttar_pradesh,26.3757_79.7249.png
uttar_pradesh,26.3757_79.7283.png
uttar_pradesh,26.3757_79.7749.png
uttar_pradesh,26.3757_79.8897.png
uttar_pradesh,26.3757_79.8985.png
uttar_pradesh,26.3757_80.1783.png
uttar_pradesh,26.3757_80.2897.png
uttar_pradesh,26.3757_80.3283.png
uttar_pradesh,26.3757_80.6073.png
uttar_pradesh,26.3757_80.6161.png
uttar_pradesh,26.3757_80.9897.png
uttar_pradesh,26.3757_81.6574.png
uttar_pradesh,26.3757_81.8573.png
uttar_pradesh,26.3757_81.9485.png
uttar_pradesh,26.3757_81.9573.png
uttar_pradesh,26.3757_82.0985.png
uttar_pradesh,26.3757_82.2897.png
uttar_pradesh,26.3757_82.3485.png
uttar_pradesh,26.3791_79.2073.png
uttar_pradesh,26.3791_79.2161.png
uttar_pradesh,26.3791_79.7249.png
uttar_pradesh,26.3791_79.7283.png
uttar_pradesh,26.3791_79.7749.png
uttar_pradesh,26.3791_79.8897.png
uttar_pradesh,26.3791_79.8985.png
uttar_pradesh,26.3791_80.1750.png
uttar_pradesh,26.3791_80.1783.png
uttar_pradesh,26.3791_80.2897.png
uttar_pradesh,26.3791_80.3283.png
uttar_pradesh,26.3791_80.6073.png
uttar_pradesh,26.3791_80.6161.png
uttar_pradesh,26.3791_80.9897.png
uttar_pradesh,26.3791_81.6574.png
uttar_pradesh,26.3791_81.6750.png
uttar_pradesh,26.3791_81.7749.png
uttar_pradesh,26.3791_81.7783.png
uttar_pradesh,26.3791_81.8573.png
uttar_pradesh,26.3791_81.9485.png
uttar_pradesh,26.3791_82.0985.png
uttar_pradesh,26.3791_82.2897.png
uttar_pradesh,26.3791_82.3485.png
uttar_pradesh,26.3879_79.5749.png
uttar_pradesh,26.3879_79.5783.png
uttar_pradesh,26.3879_79.7661.png
uttar_pradesh,26.3879_79.7749.png
uttar_pradesh,26.3879_79.7783.png
uttar_pradesh,26.3879_80.7249.png
uttar_pradesh,26.3879_80.7283.png
uttar_pradesh,26.3879_81.0573.png
uttar_pradesh,26.3879_81.0661.png
uttar_pradesh,26.3879_81.0749.png
uttar_pradesh,26.3879_81.0783.png
uttar_pradesh,26.3879_81.1249.png
uttar_pradesh,26.3879_81.1283.png
uttar_pradesh,26.3879_81.5985.png
uttar_pradesh,26.3879_81.6161.png
uttar_pradesh,26.3879_81.6249.png
uttar_pradesh,26.3879_81.6283.png
uttar_pradesh,26.3879_81.6750.png
uttar_pradesh,26.3879_81.6783.png
uttar_pradesh,26.3879_81.7661.png
uttar_pradesh,26.3879_81.7749.png
uttar_pradesh,26.3879_81.7783.png
uttar_pradesh,26.3879_81.9250.png
uttar_pradesh,26.3879_81.9283.png
uttar_pradesh,26.3879_81.9485.png
uttar_pradesh,26.3879_81.9573.png
uttar_pradesh,26.3967_79.5749.png
uttar_pradesh,26.3967_79.5783.png
uttar_pradesh,26.3967_80.1573.png
uttar_pradesh,26.3967_80.7249.png
uttar_pradesh,26.3967_80.7283.png
uttar_pradesh,26.3967_81.0573.png
uttar_pradesh,26.3967_81.0661.png
uttar_pradesh,26.3967_81.1249.png
uttar_pradesh,26.3967_81.1283.png
uttar_pradesh,26.3967_81.2573.png
uttar_pradesh,26.3967_81.2897.png
uttar_pradesh,26.3967_81.2985.png
uttar_pradesh,26.3967_81.5485.png
uttar_pradesh,26.3967_81.5749.png
uttar_pradesh,26.3967_81.5783.png
uttar_pradesh,26.3967_81.5985.png
uttar_pradesh,26.3967_81.6249.png
uttar_pradesh,26.3967_81.6283.png
uttar_pradesh,26.3967_81.7573.png
uttar_pradesh,26.3967_81.7661.png
uttar_pradesh,26.3967_81.7749.png
uttar_pradesh,26.3967_81.7783.png
uttar_pradesh,26.3967_81.7985.png
uttar_pradesh,26.3967_81.8161.png
uttar_pradesh,26.3967_81.8249.png
uttar_pradesh,26.3967_82.3161.png
uttar_pradesh,26.4055_79.5661.png
uttar_pradesh,26.4055_79.5749.png
uttar_pradesh,26.4055_79.5783.png
uttar_pradesh,26.4055_79.8749.png
uttar_pradesh,26.4055_79.8783.png
uttar_pradesh,26.4055_80.1249.png
uttar_pradesh,26.4055_80.1283.png
uttar_pradesh,26.4055_80.1573.png
uttar_pradesh,26.4055_81.0661.png
uttar_pradesh,26.4055_81.0749.png
uttar_pradesh,26.4055_81.0783.png
uttar_pradesh,26.4055_81.4985.png
uttar_pradesh,26.4055_81.5485.png
uttar_pradesh,26.4055_81.5573.png
uttar_pradesh,26.4055_81.5661.png
uttar_pradesh,26.4055_81.5897.png
uttar_pradesh,26.4055_81.5985.png
uttar_pradesh,26.4055_81.6249.png
uttar_pradesh,26.4055_81.6283.png
uttar_pradesh,26.4055_81.6662.png
uttar_pradesh,26.4055_81.6750.png
uttar_pradesh,26.4055_81.6985.png
uttar_pradesh,26.4055_81.7073.png
uttar_pradesh,26.4055_81.7661.png
uttar_pradesh,26.4055_81.7749.png
uttar_pradesh,26.4055_81.7783.png
uttar_pradesh,26.4055_81.7985.png
uttar_pradesh,26.4055_81.8161.png
uttar_pradesh,26.4055_81.8249.png
uttar_pradesh,26.4055_81.8897.png
uttar_pradesh,26.4055_82.2073.png
uttar_pradesh,26.4055_82.2161.png
uttar_pradesh,26.4055_82.2397.png
uttar_pradesh,26.4055_82.2485.png
uttar_pradesh,26.4055_82.3161.png
uttar_pradesh,26.4143_79.5573.png
uttar_pradesh,26.4143_79.5661.png
uttar_pradesh,26.4143_79.5749.png
uttar_pradesh,26.4143_79.5783.png
uttar_pradesh,26.4143_80.1485.png
uttar_pradesh,26.4143_80.1573.png
uttar_pradesh,26.4143_81.4661.png
uttar_pradesh,26.4143_81.4749.png
uttar_pradesh,26.4143_81.4897.png
uttar_pradesh,26.4143_81.4985.png
uttar_pradesh,26.4143_81.5249.png
uttar_pradesh,26.4143_81.5283.png
uttar_pradesh,26.4143_81.5661.png
uttar_pradesh,26.4143_81.7249.png
uttar_pradesh,26.4143_81.7283.png
uttar_pradesh,26.4143_81.7397.png
uttar_pradesh,26.4143_81.7485.png
uttar_pradesh,26.4143_81.8897.png
uttar_pradesh,26.4143_81.9250.png
uttar_pradesh,26.4143_81.9283.png
uttar_pradesh,26.4143_82.2073.png
uttar_pradesh,26.4143_82.2161.png
uttar_pradesh,26.4257_79.5485.png
uttar_pradesh,26.4257_79.5573.png
uttar_pradesh,26.4257_79.6750.png
uttar_pradesh,26.4257_79.6783.png
uttar_pradesh,26.4257_79.8573.png
uttar_pradesh,26.4257_79.8661.png
uttar_pradesh,26.4257_79.9397.png
uttar_pradesh,26.4257_80.5573.png
uttar_pradesh,26.4257_80.5661.png
uttar_pradesh,26.4257_80.8661.png
uttar_pradesh,26.4257_80.9485.png
uttar_pradesh,26.4257_81.0573.png
uttar_pradesh,26.4257_81.4573.png
uttar_pradesh,26.4257_81.4749.png
uttar_pradesh,26.4257_81.4783.png
uttar_pradesh,26.4257_81.4985.png
uttar_pradesh,26.4257_81.5283.png
uttar_pradesh,26.4257_81.5749.png
uttar_pradesh,26.4257_81.5783.png
uttar_pradesh,26.4257_81.5897.png
uttar_pradesh,26.4257_81.7485.png
uttar_pradesh,26.4257_81.7573.png
uttar_pradesh,26.4257_81.7661.png
uttar_pradesh,26.4257_81.8485.png
uttar_pradesh,26.4257_81.8573.png
uttar_pradesh,26.4257_81.8661.png
uttar_pradesh,26.4257_81.8749.png
uttar_pradesh,26.4257_81.8783.png
uttar_pradesh,26.4257_81.8897.png
uttar_pradesh,26.4257_81.9162.png
uttar_pradesh,26.4257_81.9250.png
uttar_pradesh,26.4257_81.9283.png
uttar_pradesh,26.4257_81.9897.png
uttar_pradesh,26.4257_82.0249.png
uttar_pradesh,26.4257_82.0283.png
uttar_pradesh,26.4257_82.0573.png
uttar_pradesh,26.4257_82.0661.png
uttar_pradesh,26.4257_82.0749.png
uttar_pradesh,26.4257_82.0783.png
uttar_pradesh,26.4257_82.1574.png
uttar_pradesh,26.4257_82.1662.png
uttar_pradesh,26.4291_79.5573.png
uttar_pradesh,26.4291_79.6750.png
uttar_pradesh,26.4291_79.6783.png
uttar_pradesh,26.4291_79.8573.png
uttar_pradesh,26.4291_79.8661.png
uttar_pradesh,26.4291_79.9397.png
uttar_pradesh,26.4291_80.1397.png
uttar_pradesh,26.4291_80.1485.png
uttar_pradesh,26.4291_80.1573.png
uttar_pradesh,26.4291_80.5485.png
uttar_pradesh,26.4291_80.5573.png
uttar_pradesh,26.4291_80.5661.png
uttar_pradesh,26.4291_80.8661.png
uttar_pradesh,26.4291_80.9485.png
uttar_pradesh,26.4291_80.9897.png
uttar_pradesh,26.4291_81.0573.png
uttar_pradesh,26.4291_81.4573.png
uttar_pradesh,26.4291_81.4985.png
uttar_pradesh,26.4291_81.5283.png
uttar_pradesh,26.4291_81.5749.png
uttar_pradesh,26.4291_81.5783.png
uttar_pradesh,26.4291_81.5897.png
uttar_pradesh,26.4291_81.6662.png
uttar_pradesh,26.4291_81.7485.png
uttar_pradesh,26.4291_81.7573.png
uttar_pradesh,26.4291_81.7661.png
uttar_pradesh,26.4291_81.8485.png
uttar_pradesh,26.4291_81.8573.png
uttar_pradesh,26.4291_81.8661.png
uttar_pradesh,26.4291_81.8897.png
uttar_pradesh,26.4291_81.9162.png
uttar_pradesh,26.4291_81.9250.png
uttar_pradesh,26.4291_81.9283.png
uttar_pradesh,26.4291_81.9897.png
uttar_pradesh,26.4291_82.0249.png
uttar_pradesh,26.4291_82.0283.png
uttar_pradesh,26.4291_82.0573.png
uttar_pradesh,26.4291_82.0661.png
uttar_pradesh,26.4291_82.0749.png
uttar_pradesh,26.4291_82.1574.png
uttar_pradesh,26.4291_82.1662.png
uttar_pradesh,26.4379_79.5397.png
uttar_pradesh,26.4379_80.1397.png
uttar_pradesh,26.4379_80.1485.png
uttar_pradesh,26.4379_80.5073.png
uttar_pradesh,26.4379_80.5161.png
uttar_pradesh,26.4379_80.5485.png
uttar_pradesh,26.4379_80.5573.png
uttar_pradesh,26.4379_80.7283.png
uttar_pradesh,26.4379_80.7485.png
uttar_pradesh,26.4379_80.7573.png
uttar_pradesh,26.4379_80.8897.png
uttar_pradesh,26.4379_80.8985.png
uttar_pradesh,26.4379_80.9897.png
uttar_pradesh,26.4379_81.0485.png
uttar_pradesh,26.4379_81.0573.png
uttar_pradesh,26.4379_81.6662.png
uttar_pradesh,26.4379_81.7249.png
uttar_pradesh,26.4379_81.7283.png
uttar_pradesh,26.4379_81.7661.png
uttar_pradesh,26.4379_81.8573.png
uttar_pradesh,26.4379_81.8661.png
uttar_pradesh,26.4467_79.5161.png
uttar_pradesh,26.4467_79.5249.png
uttar_pradesh,26.4467_79.5283.png
uttar_pradesh,26.4467_79.5397.png
uttar_pradesh,26.4467_79.9250.png
uttar_pradesh,26.4467_79.9283.png
uttar_pradesh,26.4467_80.1750.png
uttar_pradesh,26.4467_80.2161.png
uttar_pradesh,26.4467_80.2249.png
uttar_pradesh,26.4467_80.2283.png
uttar_pradesh,26.4467_80.5485.png
uttar_pradesh,26.4467_80.5573.png
uttar_pradesh,26.4467_80.7283.png
uttar_pradesh,26.4467_80.8985.png
uttar_pradesh,26.4467_80.9162.png
uttar_pradesh,26.4467_81.0249.png
uttar_pradesh,26.4467_81.0283.png
uttar_pradesh,26.4467_81.0485.png
uttar_pradesh,26.4467_81.1397.png
uttar_pradesh,26.4467_81.1485.png
uttar_pradesh,26.4467_81.2897.png
uttar_pradesh,26.4467_81.2985.png
uttar_pradesh,26.4467_81.3161.png
uttar_pradesh,26.4467_81.3249.png
uttar_pradesh,26.4467_81.5749.png
uttar_pradesh,26.4467_81.5783.png
uttar_pradesh,26.4467_81.6662.png
uttar_pradesh,26.4467_81.6750.png
uttar_pradesh,26.4467_81.7249.png
uttar_pradesh,26.4467_81.7485.png
uttar_pradesh,26.4467_81.7573.png
uttar_pradesh,26.4467_81.8573.png
uttar_pradesh,26.4467_81.8661.png
uttar_pradesh,26.4467_81.8749.png
uttar_pradesh,26.4467_81.8783.png
uttar_pradesh,26.4467_82.2749.png
uttar_pradesh,26.4467_82.2783.png
uttar_pradesh,26.4467_82.3249.png
uttar_pradesh,26.4467_82.3283.png
uttar_pradesh,26.4467_82.3573.png
uttar_pradesh,26.4555_79.5249.png
uttar_pradesh,26.4555_79.5283.png
uttar_pradesh,26.4555_79.9250.png
uttar_pradesh,26.4555_79.9283.png
uttar_pradesh,26.4555_80.1750.png
uttar_pradesh,26.4555_80.4897.png
uttar_pradesh,26.4555_80.5249.png
uttar_pradesh,26.4555_80.9162.png
uttar_pradesh,26.4555_80.9749.png
uttar_pradesh,26.4555_80.9783.png
uttar_pradesh,26.4555_81.0485.png
uttar_pradesh,26.4555_81.1397.png
uttar_pradesh,26.4555_81.2749.png
uttar_pradesh,26.4555_81.2783.png
uttar_pradesh,26.4555_81.2897.png
uttar_pradesh,26.4555_81.2985.png
uttar_pradesh,26.4555_81.5749.png
uttar_pradesh,26.4555_81.5783.png
uttar_pradesh,26.4555_81.8573.png
uttar_pradesh,26.4555_81.8661.png
uttar_pradesh,26.4555_81.8749.png
uttar_pradesh,26.4555_81.8783.png
uttar_pradesh,26.4643_79.7397.png
uttar_pradesh,26.4643_79.7485.png
uttar_pradesh,26.4643_80.4897.png
uttar_pradesh,26.4643_80.5249.png
uttar_pradesh,26.4643_80.5283.png
uttar_pradesh,26.4643_80.9749.png
uttar_pradesh,26.4643_80.9783.png
uttar_pradesh,26.4643_81.6397.png
uttar_pradesh,26.4643_81.6485.png
uttar_pradesh,26.4643_81.8073.png
uttar_pradesh,26.4643_81.8161.png
uttar_pradesh,26.4643_81.8249.png
uttar_pradesh,26.4643_81.8283.png
uttar_pradesh,26.4643_82.2485.png
uttar_pradesh,26.4643_82.2573.png
uttar_pradesh,26.4757_79.8073.png
uttar_pradesh,26.4757_80.1397.png
uttar_pradesh,26.4757_80.5073.png
uttar_pradesh,26.4757_80.5161.png
uttar_pradesh,26.4757_81.0249.png
uttar_pradesh,26.4757_81.0283.png
uttar_pradesh,26.4757_81.3985.png
uttar_pradesh,26.4757_81.4074.png
uttar_pradesh,26.4757_81.4783.png
uttar_pradesh,26.4757_81.4897.png
uttar_pradesh,26.4757_82.3661.png
uttar_pradesh,26.4757_82.3749.png
uttar_pradesh,26.4757_82.3783.png
uttar_pradesh,26.4791_79.8073.png
uttar_pradesh,26.4791_80.1397.png
uttar_pradesh,26.4791_80.5073.png
uttar_pradesh,26.4791_80.5161.png
uttar_pradesh,26.4791_80.7749.png
uttar_pradesh,26.4791_80.7783.png
uttar_pradesh,26.4791_81.0073.png
uttar_pradesh,26.4791_81.0397.png
uttar_pradesh,26.4791_81.3985.png
uttar_pradesh,26.4791_81.4074.png
uttar_pradesh,26.4791_81.4783.png
uttar_pradesh,26.4791_81.4897.png
uttar_pradesh,26.4791_81.7249.png
uttar_pradesh,26.4791_81.7283.png
uttar_pradesh,26.4791_82.3661.png
uttar_pradesh,26.4791_82.3749.png
uttar_pradesh,26.4791_82.3783.png
uttar_pradesh,26.4879_79.4073.png
uttar_pradesh,26.4879_79.4161.png
uttar_pradesh,26.4879_79.5161.png
uttar_pradesh,26.4879_79.5249.png
uttar_pradesh,26.4879_79.5783.png
uttar_pradesh,26.4879_79.6985.png
uttar_pradesh,26.4879_80.6750.png
uttar_pradesh,26.4879_80.6783.png
uttar_pradesh,26.4879_80.7073.png
uttar_pradesh,26.4879_80.7161.png
uttar_pradesh,26.4879_80.7749.png
uttar_pradesh,26.4879_80.7783.png
uttar_pradesh,26.4879_80.8661.png
uttar_pradesh,26.4879_80.8749.png
uttar_pradesh,26.4879_80.9749.png
uttar_pradesh,26.4879_80.9783.png
uttar_pradesh,26.4879_81.0073.png
uttar_pradesh,26.4879_81.0397.png
uttar_pradesh,26.4879_81.2985.png
uttar_pradesh,26.4879_81.4897.png
uttar_pradesh,26.4879_81.6397.png
uttar_pradesh,26.4879_81.6574.png
uttar_pradesh,26.4879_82.0985.png
uttar_pradesh,26.4879_82.1073.png
uttar_pradesh,26.4879_82.3485.png
uttar_pradesh,26.4879_82.3573.png
uttar_pradesh,26.4968_79.3985.png
uttar_pradesh,26.4968_79.4283.png
uttar_pradesh,26.4968_79.4397.png
uttar_pradesh,26.4968_79.4485.png
uttar_pradesh,26.4968_79.4897.png
uttar_pradesh,26.4968_79.4985.png
uttar_pradesh,26.4968_79.5161.png
uttar_pradesh,26.4968_79.5249.png
uttar_pradesh,26.4968_79.6985.png
uttar_pradesh,26.4968_80.1662.png
uttar_pradesh,26.4968_80.1897.png
uttar_pradesh,26.4968_80.1985.png
uttar_pradesh,26.4968_80.6073.png
uttar_pradesh,26.4968_80.6161.png
uttar_pradesh,26.4968_80.6750.png
uttar_pradesh,26.4968_80.6783.png
uttar_pradesh,26.4968_80.7073.png
uttar_pradesh,26.4968_80.8661.png
uttar_pradesh,26.4968_80.8749.png
uttar_pradesh,26.4968_81.0249.png
uttar_pradesh,26.4968_81.0283.png
uttar_pradesh,26.4968_81.2985.png
uttar_pradesh,26.4968_81.4749.png
uttar_pradesh,26.4968_81.4783.png
uttar_pradesh,26.4968_81.6397.png
uttar_pradesh,26.4968_81.6574.png
uttar_pradesh,26.5056_79.3985.png
uttar_pradesh,26.5056_79.8249.png
uttar_pradesh,26.5056_79.8283.png
uttar_pradesh,26.5056_80.1573.png
uttar_pradesh,26.5056_80.1662.png
uttar_pradesh,26.5056_80.4573.png
uttar_pradesh,26.5056_80.4661.png
uttar_pradesh,26.5056_80.9749.png
uttar_pradesh,26.5056_80.9783.png
uttar_pradesh,26.5056_81.0249.png
uttar_pradesh,26.5056_81.0283.png
uttar_pradesh,26.5056_81.4749.png
uttar_pradesh,26.5056_81.5897.png
uttar_pradesh,26.5056_81.6662.png
uttar_pradesh,26.5056_81.6750.png
uttar_pradesh,26.5056_81.7897.png
uttar_pradesh,26.5056_82.0073.png
uttar_pradesh,26.5056_82.0161.png
uttar_pradesh,26.5056_82.2985.png
uttar_pradesh,26.5056_82.3073.png
uttar_pradesh,26.5144_79.3249.png
uttar_pradesh,26.5144_79.3283.png
uttar_pradesh,26.5144_79.7985.png
uttar_pradesh,26.5144_79.8073.png
uttar_pradesh,26.5144_80.1897.png
uttar_pradesh,26.5144_80.1985.png
uttar_pradesh,26.5144_80.4397.png
uttar_pradesh,26.5144_80.4485.png
uttar_pradesh,26.5144_80.4573.png
uttar_pradesh,26.5144_80.8485.png
uttar_pradesh,26.5144_81.0161.png
uttar_pradesh,26.5144_81.0249.png
uttar_pradesh,26.5144_81.0283.png
uttar_pradesh,26.5144_81.5897.png
uttar_pradesh,26.5144_81.6662.png
uttar_pradesh,26.5144_81.6750.png
uttar_pradesh,26.5144_81.7749.png
uttar_pradesh,26.5144_81.7783.png
uttar_pradesh,26.5144_81.7897.png
uttar_pradesh,26.5144_81.8249.png
uttar_pradesh,26.5144_81.8283.png
uttar_pradesh,26.5144_82.2897.png
uttar_pradesh,26.5144_82.2985.png
uttar_pradesh,26.5144_82.3073.png
uttar_pradesh,26.5258_79.3783.png
uttar_pradesh,26.5258_79.4897.png
uttar_pradesh,26.5258_79.8783.png
uttar_pradesh,26.5258_80.0397.png
uttar_pradesh,26.5258_80.1283.png
uttar_pradesh,26.5258_80.1783.png
uttar_pradesh,26.5258_80.2161.png
uttar_pradesh,26.5258_80.2249.png
uttar_pradesh,26.5258_80.4250.png
uttar_pradesh,26.5258_80.7749.png
uttar_pradesh,26.5258_80.7783.png
uttar_pradesh,26.5258_80.9397.png
uttar_pradesh,26.5258_81.0249.png
uttar_pradesh,26.5258_81.0283.png
uttar_pradesh,26.5258_81.2897.png
uttar_pradesh,26.5258_81.7985.png
uttar_pradesh,26.5258_81.8073.png
uttar_pradesh,26.5258_81.8161.png
uttar_pradesh,26.5258_81.8283.png
uttar_pradesh,26.5258_82.1985.png
uttar_pradesh,26.5258_82.2985.png
uttar_pradesh,26.5258_82.3073.png
uttar_pradesh,26.5291_79.3783.png
uttar_pradesh,26.5291_79.4897.png
uttar_pradesh,26.5291_79.7161.png
uttar_pradesh,26.5291_79.8749.png
uttar_pradesh,26.5291_79.8783.png
uttar_pradesh,26.5291_80.0397.png
uttar_pradesh,26.5291_80.1283.png
uttar_pradesh,26.5291_80.1783.png
uttar_pradesh,26.5291_80.2161.png
uttar_pradesh,26.5291_80.2249.png
uttar_pradesh,26.5291_80.4250.png
uttar_pradesh,26.5291_80.9397.png
uttar_pradesh,26.5291_80.9485.png
uttar_pradesh,26.5291_80.9573.png
uttar_pradesh,26.5291_81.0161.png
uttar_pradesh,26.5291_81.2397.png
uttar_pradesh,26.5291_81.2485.png
uttar_pradesh,26.5291_81.2897.png
uttar_pradesh,26.5291_81.7897.png
uttar_pradesh,26.5291_81.7985.png
uttar_pradesh,26.5291_81.8073.png
uttar_pradesh,26.5291_81.8161.png
uttar_pradesh,26.5291_82.1985.png
uttar_pradesh,26.5291_82.2749.png
uttar_pradesh,26.5291_82.2783.png
uttar_pradesh,26.5379_79.3985.png
uttar_pradesh,26.5379_79.4073.png
uttar_pradesh,26.5379_79.7161.png
uttar_pradesh,26.5379_79.8749.png
uttar_pradesh,26.5379_79.8783.png
uttar_pradesh,26.5379_80.9485.png
uttar_pradesh,26.5379_80.9573.png
uttar_pradesh,26.5379_81.0161.png
uttar_pradesh,26.5379_81.0573.png
uttar_pradesh,26.5379_81.0661.png
uttar_pradesh,26.5379_81.6662.png
uttar_pradesh,26.5379_81.8073.png
uttar_pradesh,26.5379_82.0749.png
uttar_pradesh,26.5379_82.2749.png
uttar_pradesh,26.5379_82.2783.png
uttar_pradesh,26.5467_79.3073.png
uttar_pradesh,26.5467_79.3249.png
uttar_pradesh,26.5467_79.3283.png
uttar_pradesh,26.5467_79.3485.png
uttar_pradesh,26.5467_79.3985.png
uttar_pradesh,26.5467_79.4749.png
uttar_pradesh,26.5467_79.4783.png
uttar_pradesh,26.5467_79.8573.png
uttar_pradesh,26.5467_79.8661.png
uttar_pradesh,26.5467_80.4162.png
uttar_pradesh,26.5467_80.4250.png
uttar_pradesh,26.5467_80.4283.png
uttar_pradesh,26.5467_80.9250.png
uttar_pradesh,26.5467_80.9397.png
uttar_pradesh,26.5467_80.9485.png
uttar_pradesh,26.5467_81.2749.png
uttar_pradesh,26.5467_81.2783.png
uttar_pradesh,26.5467_81.6662.png
uttar_pradesh,26.5467_82.0249.png
uttar_pradesh,26.5467_82.0283.png
uttar_pradesh,26.5467_82.0573.png
uttar_pradesh,26.5467_82.0749.png
uttar_pradesh,26.5555_79.4161.png
uttar_pradesh,26.5555_79.4749.png
uttar_pradesh,26.5555_79.4783.png
uttar_pradesh,26.5555_79.8749.png
uttar_pradesh,26.5555_79.8783.png
uttar_pradesh,26.5555_79.8985.png
uttar_pradesh,26.5555_79.9073.png
uttar_pradesh,26.5555_80.2249.png
uttar_pradesh,26.5555_80.2283.png
uttar_pradesh,26.5555_80.3749.png
uttar_pradesh,26.5555_80.3783.png
uttar_pradesh,26.5555_80.3897.png
uttar_pradesh,26.5555_80.3985.png
uttar_pradesh,26.5555_80.4073.png
uttar_pradesh,26.5555_80.4162.png
uttar_pradesh,26.5555_80.4250.png
uttar_pradesh,26.5555_80.4283.png
uttar_pradesh,26.5555_80.8897.png
uttar_pradesh,26.5555_80.8985.png
uttar_pradesh,26.5555_80.9250.png
uttar_pradesh,26.5555_81.6249.png
uttar_pradesh,26.5555_81.6283.png
uttar_pradesh,26.5555_81.6662.png
uttar_pradesh,26.5555_81.6750.png
uttar_pradesh,26.5555_82.0249.png
uttar_pradesh,26.5555_82.0283.png
uttar_pradesh,26.5555_82.0573.png
uttar_pradesh,26.5555_82.1574.png
uttar_pradesh,26.5555_82.2485.png
uttar_pradesh,26.5643_79.4161.png
uttar_pradesh,26.5643_79.8749.png
uttar_pradesh,26.5643_79.8783.png
uttar_pradesh,26.5643_80.2249.png
uttar_pradesh,26.5643_80.2283.png
uttar_pradesh,26.5643_80.3897.png
uttar_pradesh,26.5643_80.3985.png
uttar_pradesh,26.5643_80.8897.png
uttar_pradesh,26.5643_81.6249.png
uttar_pradesh,26.5643_81.6283.png
uttar_pradesh,26.5643_81.7073.png
uttar_pradesh,26.5643_81.7161.png
uttar_pradesh,26.5643_82.1161.png
uttar_pradesh,26.5643_82.1249.png
uttar_pradesh,26.5643_82.1574.png
uttar_pradesh,26.5643_82.2073.png
uttar_pradesh,26.5643_82.2161.png
uttar_pradesh,26.5643_82.2485.png
uttar_pradesh,26.5757_79.2573.png
uttar_pradesh,26.5757_79.3073.png
uttar_pradesh,26.5757_79.4397.png
uttar_pradesh,26.5757_79.7249.png
uttar_pradesh,26.5757_79.7283.png
uttar_pradesh,26.5757_79.7397.png
uttar_pradesh,26.5757_80.0249.png
uttar_pradesh,26.5757_80.0283.png
uttar_pradesh,26.5757_80.5573.png
uttar_pradesh,26.5757_80.6073.png
uttar_pradesh,26.5757_80.8573.png
uttar_pradesh,26.5757_80.9573.png
uttar_pradesh,26.5757_80.9897.png
uttar_pradesh,26.5757_80.9985.png
uttar_pradesh,26.5757_81.0283.png
uttar_pradesh,26.5757_81.4485.png
uttar_pradesh,26.5757_81.5783.png
uttar_pradesh,26.5757_81.6249.png
uttar_pradesh,26.5757_81.6283.png
uttar_pradesh,26.5757_81.7249.png
uttar_pradesh,26.5757_81.7283.png
uttar_pradesh,26.5757_81.9485.png
uttar_pradesh,26.5757_81.9573.png
uttar_pradesh,26.5757_82.0397.png
uttar_pradesh,26.5757_82.0661.png
uttar_pradesh,26.5757_82.1486.png
uttar_pradesh,26.5757_82.1662.png
uttar_pradesh,26.5791_79.2573.png
uttar_pradesh,26.5791_79.2985.png
uttar_pradesh,26.5791_79.3073.png
uttar_pradesh,26.5791_79.4397.png
uttar_pradesh,26.5791_79.4485.png
uttar_pradesh,26.5791_79.7397.png
uttar_pradesh,26.5791_79.7485.png
uttar_pradesh,26.5791_79.7573.png
uttar_pradesh,26.5791_80.5573.png
uttar_pradesh,26.5791_80.6073.png
uttar_pradesh,26.5791_80.8573.png
uttar_pradesh,26.5791_80.9573.png
uttar_pradesh,26.5791_80.9897.png
uttar_pradesh,26.5791_80.9985.png
uttar_pradesh,26.5791_81.0283.png
uttar_pradesh,26.5791_81.4485.png
uttar_pradesh,26.5791_81.5661.png
uttar_pradesh,26.5791_81.5783.png
uttar_pradesh,26.5791_81.6249.png
uttar_pradesh,26.5791_81.6283.png
uttar_pradesh,26.5791_81.7249.png
uttar_pradesh,26.5791_81.7283.png
uttar_pradesh,26.5791_82.0397.png
uttar_pradesh,26.5791_82.0661.png
uttar_pradesh,26.5791_82.1486.png
uttar_pradesh,26.5791_82.1662.png
uttar_pradesh,26.5879_79.2661.png
uttar_pradesh,26.5879_79.2749.png
uttar_pradesh,26.5879_79.2783.png
uttar_pradesh,26.5879_79.2897.png
uttar_pradesh,26.5879_79.2985.png
uttar_pradesh,26.5879_79.3897.png
uttar_pradesh,26.5879_79.3985.png
uttar_pradesh,26.5879_79.4397.png
uttar_pradesh,26.5879_79.4485.png
uttar_pradesh,26.5879_80.2249.png
uttar_pradesh,26.5879_80.2283.png
uttar_pradesh,26.5879_80.9573.png
uttar_pradesh,26.5879_80.9985.png
uttar_pradesh,26.5879_81.4485.png
uttar_pradesh,26.5879_81.4573.png
uttar_pradesh,26.5879_81.5661.png
uttar_pradesh,26.5879_81.7749.png
uttar_pradesh,26.5879_82.1249.png
uttar_pradesh,26.5879_82.1283.png
uttar_pradesh,26.5879_82.3249.png
uttar_pradesh,26.5879_82.3283.png
uttar_pradesh,26.5967_79.2573.png
uttar_pradesh,26.5967_79.2661.png
uttar_pradesh,26.5967_79.2749.png
uttar_pradesh,26.5967_79.2783.png
uttar_pradesh,26.5967_79.3749.png
uttar_pradesh,26.5967_79.3783.png
uttar_pradesh,26.5967_79.9397.png
uttar_pradesh,26.5967_80.2073.png
uttar_pradesh,26.5967_80.4485.png
uttar_pradesh,26.5967_80.4573.png
uttar_pradesh,26.5967_80.9573.png
uttar_pradesh,26.5967_80.9985.png
uttar_pradesh,26.5967_81.0073.png
uttar_pradesh,26.5967_81.0161.png
uttar_pradesh,26.5967_81.0573.png
uttar_pradesh,26.5967_81.0661.png
uttar_pradesh,26.5967_81.5985.png
uttar_pradesh,26.5967_81.7749.png
uttar_pradesh,26.5967_82.3073.png
uttar_pradesh,26.5967_82.3249.png
uttar_pradesh,26.5967_82.3283.png
uttar_pradesh,26.6055_79.2249.png
uttar_pradesh,26.6055_79.2283.png
uttar_pradesh,26.6055_79.2661.png
uttar_pradesh,26.6055_79.3783.png
uttar_pradesh,26.6055_79.4073.png
uttar_pradesh,26.6055_79.4161.png
uttar_pradesh,26.6055_79.9397.png
uttar_pradesh,26.6055_80.2073.png
uttar_pradesh,26.6055_80.4485.png
uttar_pradesh,26.6055_80.4573.png
uttar_pradesh,26.6055_80.6073.png
uttar_pradesh,26.6055_80.6161.png
uttar_pradesh,26.6055_80.8249.png
uttar_pradesh,26.6055_80.9573.png
uttar_pradesh,26.6055_81.0397.png
uttar_pradesh,26.6055_81.0485.png
uttar_pradesh,26.6055_81.0573.png
uttar_pradesh,26.6055_81.0661.png
uttar_pradesh,26.6055_81.1750.png
uttar_pradesh,26.6055_81.1783.png
uttar_pradesh,26.6055_81.4074.png
uttar_pradesh,26.6055_81.4162.png
uttar_pradesh,26.6055_81.5985.png
uttar_pradesh,26.6055_81.6073.png
uttar_pradesh,26.6055_81.6897.png
uttar_pradesh,26.6055_81.8397.png
uttar_pradesh,26.6055_81.8485.png
uttar_pradesh,26.6055_81.8749.png
uttar_pradesh,26.6055_81.8783.png
uttar_pradesh,26.6055_81.9749.png
uttar_pradesh,26.6055_81.9783.png
uttar_pradesh,26.6055_82.0573.png
uttar_pradesh,26.6055_82.0661.png
uttar_pradesh,26.6055_82.2249.png
uttar_pradesh,26.6055_82.2283.png
uttar_pradesh,26.6143_80.2073.png
uttar_pradesh,26.6143_80.4485.png
uttar_pradesh,26.6143_80.4573.png
uttar_pradesh,26.6143_80.6161.png
uttar_pradesh,26.6143_80.8249.png
uttar_pradesh,26.6143_80.8283.png
uttar_pradesh,26.6143_80.9397.png
uttar_pradesh,26.6143_80.9749.png
uttar_pradesh,26.6143_80.9783.png
uttar_pradesh,26.6143_81.0485.png
uttar_pradesh,26.6143_81.1750.png
uttar_pradesh,26.6143_81.1783.png
uttar_pradesh,26.6143_81.4074.png
uttar_pradesh,26.6143_81.5661.png
uttar_pradesh,26.6143_81.5749.png
uttar_pradesh,26.6143_81.5783.png
uttar_pradesh,26.6143_81.5985.png
uttar_pradesh,26.6143_81.6073.png
uttar_pradesh,26.6143_81.6897.png
uttar_pradesh,26.6143_81.7749.png
uttar_pradesh,26.6143_81.7783.png
uttar_pradesh,26.6143_81.8397.png
uttar_pradesh,26.6143_81.8485.png
uttar_pradesh,26.6143_81.8749.png
uttar_pradesh,26.6143_81.8783.png
uttar_pradesh,26.6143_82.1073.png
uttar_pradesh,26.6143_82.1161.png
uttar_pradesh,26.6143_82.2249.png
uttar_pradesh,26.6143_82.2283.png
uttar_pradesh,26.6258_79.1161.png
uttar_pradesh,26.6258_79.1249.png
uttar_pradesh,26.6258_79.1283.png
uttar_pradesh,26.6258_79.2249.png
uttar_pradesh,26.6258_79.2283.png
uttar_pradesh,26.6258_80.1750.png
uttar_pradesh,26.6258_80.1783.png
uttar_pradesh,26.6258_80.1985.png
uttar_pradesh,26.6258_80.2073.png
uttar_pradesh,26.6258_80.2161.png
uttar_pradesh,26.6258_80.4485.png
uttar_pradesh,26.6258_80.4573.png
uttar_pradesh,26.6258_80.6249.png
uttar_pradesh,26.6258_80.6283.png
uttar_pradesh,26.6258_80.6485.png
uttar_pradesh,26.6258_80.6573.png
uttar_pradesh,26.6258_80.8485.png
uttar_pradesh,26.6258_80.9661.png
uttar_pradesh,26.6258_80.9749.png
uttar_pradesh,26.6258_81.0985.png
uttar_pradesh,26.6258_81.1485.png
uttar_pradesh,26.6258_81.1574.png
uttar_pradesh,26.6258_81.3985.png
uttar_pradesh,26.6258_81.4074.png
uttar_pradesh,26.6258_81.4250.png
uttar_pradesh,26.6258_81.4283.png
uttar_pradesh,26.6258_81.5897.png
uttar_pradesh,26.6258_81.5985.png
uttar_pradesh,26.6258_82.1073.png
uttar_pradesh,26.6291_79.1161.png
uttar_pradesh,26.6291_79.2161.png
uttar_pradesh,26.6291_79.2249.png
uttar_pradesh,26.6291_79.2283.png
uttar_pradesh,26.6291_80.1985.png
uttar_pradesh,26.6291_80.2073.png
uttar_pradesh,26.6291_80.2161.png
uttar_pradesh,26.6291_80.4573.png
uttar_pradesh,26.6291_80.4661.png
uttar_pradesh,26.6291_80.6249.png
uttar_pradesh,26.6291_80.6283.png
uttar_pradesh,26.6291_80.8485.png
uttar_pradesh,26.6291_80.8985.png
uttar_pradesh,26.6291_80.9661.png
uttar_pradesh,26.6291_80.9749.png
uttar_pradesh,26.6291_81.0985.png
uttar_pradesh,26.6291_81.1574.png
uttar_pradesh,26.6291_81.2985.png
uttar_pradesh,26.6291_81.3073.png
uttar_pradesh,26.6291_81.3985.png
uttar_pradesh,26.6291_81.4074.png
uttar_pradesh,26.6291_81.4250.png
uttar_pradesh,26.6291_81.4283.png
uttar_pradesh,26.6291_81.5897.png
uttar_pradesh,26.6291_81.5985.png
uttar_pradesh,26.6291_81.9661.png
uttar_pradesh,26.6291_82.0749.png
uttar_pradesh,26.6291_82.1073.png
uttar_pradesh,26.6379_79.1985.png
uttar_pradesh,26.6379_79.2073.png
uttar_pradesh,26.6379_79.2161.png
uttar_pradesh,26.6379_79.2249.png
uttar_pradesh,26.6379_79.6750.png
uttar_pradesh,26.6379_79.6783.png
uttar_pradesh,26.6379_80.4573.png
uttar_pradesh,26.6379_80.6161.png
uttar_pradesh,26.6379_80.6249.png
uttar_pradesh,26.6379_80.6283.png
uttar_pradesh,26.6379_80.8485.png
uttar_pradesh,26.6379_80.8573.png
uttar_pradesh,26.6379_81.1574.png
uttar_pradesh,26.6379_81.2985.png
uttar_pradesh,26.6379_81.3073.png
uttar_pradesh,26.6379_81.3749.png
uttar_pradesh,26.6379_81.3783.png
uttar_pradesh,26.6379_81.9573.png
uttar_pradesh,26.6379_81.9661.png
uttar_pradesh,26.6379_82.0161.png
uttar_pradesh,26.6379_82.0661.png
uttar_pradesh,26.6379_82.0749.png
uttar_pradesh,26.6467_79.0985.png
uttar_pradesh,26.6467_79.1161.png
uttar_pradesh,26.6467_79.1249.png
uttar_pradesh,26.6467_79.1397.png
uttar_pradesh,26.6467_79.3783.png
uttar_pradesh,26.6467_79.6750.png
uttar_pradesh,26.6467_79.6783.png
uttar_pradesh,26.6467_79.7073.png
uttar_pradesh,26.6467_79.7161.png
uttar_pradesh,26.6467_80.4573.png
uttar_pradesh,26.6467_80.6161.png
uttar_pradesh,26.6467_80.8485.png
uttar_pradesh,26.6467_80.8573.png
uttar_pradesh,26.6467_81.3485.png
uttar_pradesh,26.6467_81.3573.png
uttar_pradesh,26.6467_81.3749.png
uttar_pradesh,26.6467_81.3783.png
uttar_pradesh,26.6467_81.5249.png
uttar_pradesh,26.6467_81.5283.png
uttar_pradesh,26.6467_81.5397.png
uttar_pradesh,26.6467_81.6574.png
uttar_pradesh,26.6467_81.6662.png
uttar_pradesh,26.6467_81.7249.png
uttar_pradesh,26.6467_81.7283.png
uttar_pradesh,26.6467_81.9573.png
uttar_pradesh,26.6467_81.9661.png
uttar_pradesh,26.6467_82.0161.png
uttar_pradesh,26.6467_82.0283.png
uttar_pradesh,26.6467_82.0661.png
uttar_pradesh,26.6467_82.1249.png
uttar_pradesh,26.6467_82.1283.png
uttar_pradesh,26.6467_82.3573.png
uttar_pradesh,26.6555_79.0985.png
uttar_pradesh,26.6555_79.1249.png
uttar_pradesh,26.6555_79.1283.png
uttar_pradesh,26.6555_79.1397.png
uttar_pradesh,26.6555_79.1897.png
uttar_pradesh,26.6555_79.1985.png
uttar_pradesh,26.6555_79.2749.png
uttar_pradesh,26.6555_79.2783.png
uttar_pradesh,26.6555_79.3783.png
uttar_pradesh,26.6555_79.6485.png
uttar_pradesh,26.6555_79.6573.png
uttar_pradesh,26.6555_79.6661.png
uttar_pradesh,26.6555_79.7073.png
uttar_pradesh,26.6555_79.7161.png
uttar_pradesh,26.6555_79.7749.png
uttar_pradesh,26.6555_79.7783.png
uttar_pradesh,26.6555_80.5985.png
uttar_pradesh,26.6555_80.7749.png
uttar_pradesh,26.6555_80.7783.png
uttar_pradesh,26.6555_81.3485.png
uttar_pradesh,26.6555_81.3573.png
uttar_pradesh,26.6555_81.3661.png
uttar_pradesh,26.6555_81.3749.png
uttar_pradesh,26.6555_81.3783.png
uttar_pradesh,26.6555_81.6249.png
uttar_pradesh,26.6555_81.6283.png
uttar_pradesh,26.6555_81.9573.png
uttar_pradesh,26.6555_81.9661.png
uttar_pradesh,26.6555_81.9749.png
uttar_pradesh,26.6555_81.9783.png
uttar_pradesh,26.6555_82.0397.png
uttar_pradesh,26.6555_82.3573.png
uttar_pradesh,26.6555_82.3661.png
uttar_pradesh,26.6555_82.3749.png
uttar_pradesh,26.6555_82.3783.png
uttar_pradesh,26.6643_79.0749.png
uttar_pradesh,26.6643_79.0783.png
uttar_pradesh,26.6643_79.1161.png
uttar_pradesh,26.6643_79.1249.png
uttar_pradesh,26.6643_79.1283.png
uttar_pradesh,26.6643_79.1897.png
uttar_pradesh,26.6643_79.2749.png
uttar_pradesh,26.6643_79.2783.png
uttar_pradesh,26.6643_79.6249.png
uttar_pradesh,26.6643_79.6283.png
uttar_pradesh,26.6643_79.6485.png
uttar_pradesh,26.6643_79.6573.png
uttar_pradesh,26.6643_80.5985.png
uttar_pradesh,26.6643_80.8249.png
uttar_pradesh,26.6643_80.8283.png
uttar_pradesh,26.6643_81.2573.png
uttar_pradesh,26.6643_81.2661.png
uttar_pradesh,26.6643_81.2749.png
uttar_pradesh,26.6643_81.2783.png
uttar_pradesh,26.6643_81.7161.png
uttar_pradesh,26.6643_81.7249.png
uttar_pradesh,26.6643_81.7283.png
uttar_pradesh,26.6643_82.0397.png
uttar_pradesh,26.6757_79.0897.png
uttar_pradesh,26.6757_79.1073.png
uttar_pradesh,26.6757_79.1161.png
uttar_pradesh,26.6757_79.5749.png
uttar_pradesh,26.6757_79.5783.png
uttar_pradesh,26.6757_80.1897.png
uttar_pradesh,26.6757_80.5897.png
uttar_pradesh,26.6757_80.7783.png
uttar_pradesh,26.6757_80.7897.png
uttar_pradesh,26.6757_80.7985.png
uttar_pradesh,26.6757_80.8073.png
uttar_pradesh,26.6757_80.8161.png
uttar_pradesh,26.6757_80.8249.png
uttar_pradesh,26.6757_80.8283.png
uttar_pradesh,26.6757_80.8397.png
uttar_pradesh,26.6757_80.9485.png
uttar_pradesh,26.6757_81.0283.png
uttar_pradesh,26.6757_81.0397.png
uttar_pradesh,26.6757_81.0485.png
uttar_pradesh,26.6757_81.2783.png
uttar_pradesh,26.6757_81.3073.png
uttar_pradesh,26.6757_81.3161.png
uttar_pradesh,26.6757_81.4074.png
uttar_pradesh,26.6757_81.4162.png
uttar_pradesh,26.6757_81.6397.png
uttar_pradesh,26.6757_81.8783.png
uttar_pradesh,26.6757_82.1249.png
uttar_pradesh,26.6757_82.1283.png
uttar_pradesh,26.6757_82.1897.png
uttar_pradesh,26.6791_79.0897.png
uttar_pradesh,26.6791_79.1073.png
uttar_pradesh,26.6791_79.1161.png
uttar_pradesh,26.6791_79.1897.png
uttar_pradesh,26.6791_79.5661.png
uttar_pradesh,26.6791_79.5749.png
uttar_pradesh,26.6791_79.5783.png
uttar_pradesh,26.6791_79.6283.png
uttar_pradesh,26.6791_79.6397.png
uttar_pradesh,26.6791_80.1897.png
uttar_pradesh,26.6791_80.5897.png
uttar_pradesh,26.6791_80.7783.png
uttar_pradesh,26.6791_80.7985.png
uttar_pradesh,26.6791_80.8073.png
uttar_pradesh,26.6791_80.8161.png
uttar_pradesh,26.6791_80.8249.png
uttar_pradesh,26.6791_80.8283.png
uttar_pradesh,26.6791_80.8397.png
uttar_pradesh,26.6791_80.8485.png
uttar_pradesh,26.6791_80.9485.png
uttar_pradesh,26.6791_81.0283.png
uttar_pradesh,26.6791_81.0661.png
uttar_pradesh,26.6791_81.2783.png
uttar_pradesh,26.6791_81.3073.png
uttar_pradesh,26.6791_81.3161.png
uttar_pradesh,26.6791_81.4074.png
uttar_pradesh,26.6791_81.4162.png
uttar_pradesh,26.6791_81.4397.png
uttar_pradesh,26.6791_81.6397.png
uttar_pradesh,26.6791_81.6662.png
uttar_pradesh,26.6791_81.8397.png
uttar_pradesh,26.6791_81.8783.png
uttar_pradesh,26.6791_82.0661.png
uttar_pradesh,26.6791_82.1897.png
uttar_pradesh,26.6879_79.0897.png
uttar_pradesh,26.6879_79.1897.png
uttar_pradesh,26.6879_79.3485.png
uttar_pradesh,26.6879_79.5661.png
uttar_pradesh,26.6879_79.6283.png
uttar_pradesh,26.6879_79.6397.png
uttar_pradesh,26.6879_80.6897.png
uttar_pradesh,26.6879_80.6985.png
uttar_pradesh,26.6879_80.7897.png
uttar_pradesh,26.6879_80.8397.png
uttar_pradesh,26.6879_80.8485.png
uttar_pradesh,26.6879_80.8573.png
uttar_pradesh,26.6879_80.8661.png
uttar_pradesh,26.6879_81.0573.png
uttar_pradesh,26.6879_81.0661.png
uttar_pradesh,26.6879_81.0749.png
uttar_pradesh,26.6879_81.0783.png
uttar_pradesh,26.6879_81.1249.png
uttar_pradesh,26.6879_81.1283.png
uttar_pradesh,26.6879_81.3161.png
uttar_pradesh,26.6879_81.3485.png
uttar_pradesh,26.6879_81.4162.png
uttar_pradesh,26.6879_81.4397.png
uttar_pradesh,26.6879_81.6662.png
uttar_pradesh,26.6879_81.7661.png
uttar_pradesh,26.6879_81.7749.png
uttar_pradesh,26.6879_81.8485.png
uttar_pradesh,26.6879_82.0661.png
uttar_pradesh,26.6879_82.2783.png
uttar_pradesh,26.6967_79.0573.png
uttar_pradesh,26.6967_79.0897.png
uttar_pradesh,26.6967_79.4573.png
uttar_pradesh,26.6967_79.5661.png
uttar_pradesh,26.6967_79.5749.png
uttar_pradesh,26.6967_80.4897.png
uttar_pradesh,26.6967_80.4985.png
uttar_pradesh,26.6967_80.5161.png
uttar_pradesh,26.6967_80.8397.png
uttar_pradesh,26.6967_80.8485.png
uttar_pradesh,26.6967_80.8573.png
uttar_pradesh,26.6967_80.9397.png
uttar_pradesh,26.6967_81.0661.png
uttar_pradesh,26.6967_81.1662.png
uttar_pradesh,26.6967_81.1897.png
uttar_pradesh,26.6967_81.3397.png
uttar_pradesh,26.6967_81.3485.png
uttar_pradesh,26.6967_81.3783.png
uttar_pradesh,26.6967_81.4162.png
uttar_pradesh,26.6967_81.4250.png
uttar_pradesh,26.6967_81.4485.png
uttar_pradesh,26.6967_81.4897.png
uttar_pradesh,26.6967_81.4985.png
uttar_pradesh,26.6967_81.5073.png
uttar_pradesh,26.6967_81.5161.png
uttar_pradesh,26.6967_81.6249.png
uttar_pradesh,26.6967_81.6283.png
uttar_pradesh,26.6967_81.7661.png
uttar_pradesh,26.6967_81.8485.png
uttar_pradesh,26.6967_81.8573.png
uttar_pradesh,26.6967_81.9074.png
uttar_pradesh,26.6967_81.9162.png
uttar_pradesh,26.7055_79.0485.png
uttar_pradesh,26.7055_79.0573.png
uttar_pradesh,26.7055_79.0661.png
uttar_pradesh,26.7055_79.0749.png
uttar_pradesh,26.7055_79.2073.png
uttar_pradesh,26.7055_79.2161.png
uttar_pradesh,26.7055_79.2573.png
uttar_pradesh,26.7055_79.4250.png
uttar_pradesh,26.7055_79.4283.png
uttar_pradesh,26.7055_79.4573.png
uttar_pradesh,26.7055_80.5161.png
uttar_pradesh,26.7055_80.9250.png
uttar_pradesh,26.7055_80.9283.png
uttar_pradesh,26.7055_80.9397.png
uttar_pradesh,26.7055_81.0661.png
uttar_pradesh,26.7055_81.1574.png
uttar_pradesh,26.7055_81.1662.png
uttar_pradesh,26.7055_81.1750.png
uttar_pradesh,26.7055_81.1783.png
uttar_pradesh,26.7055_81.1897.png
uttar_pradesh,26.7055_81.1985.png
uttar_pradesh,26.7055_81.2073.png
uttar_pradesh,26.7055_81.2161.png
uttar_pradesh,26.7055_81.2249.png
uttar_pradesh,26.7055_81.3573.png
uttar_pradesh,26.7055_81.3783.png
uttar_pradesh,26.7055_81.4250.png
uttar_pradesh,26.7055_81.4283.png
uttar_pradesh,26.7055_81.4485.png
uttar_pradesh,26.7055_81.7661.png
uttar_pradesh,26.7055_81.9485.png
uttar_pradesh,26.7055_81.9749.png
uttar_pradesh,26.7055_81.9783.png
uttar_pradesh,26.7055_81.9897.png
uttar_pradesh,26.7143_79.0661.png
uttar_pradesh,26.7143_79.0749.png
uttar_pradesh,26.7143_79.1985.png
uttar_pradesh,26.7143_79.2073.png
uttar_pradesh,26.7143_79.2161.png
uttar_pradesh,26.7143_79.2573.png
uttar_pradesh,26.7143_79.4250.png
uttar_pradesh,26.7143_79.4283.png
uttar_pradesh,26.7143_80.9573.png
uttar_pradesh,26.7143_80.9661.png
uttar_pradesh,26.7143_81.0661.png
uttar_pradesh,26.7143_81.1485.png
uttar_pradesh,26.7143_81.1574.png
uttar_pradesh,26.7143_81.1662.png
uttar_pradesh,26.7143_81.1750.png
uttar_pradesh,26.7143_81.1783.png
uttar_pradesh,26.7143_81.1897.png
uttar_pradesh,26.7143_81.1985.png
uttar_pradesh,26.7143_81.2073.png
uttar_pradesh,26.7143_81.2161.png
uttar_pradesh,26.7143_81.2249.png
uttar_pradesh,26.7143_81.2283.png
uttar_pradesh,26.7143_81.3073.png
uttar_pradesh,26.7143_81.3161.png
uttar_pradesh,26.7143_81.3573.png
uttar_pradesh,26.7143_81.4485.png
uttar_pradesh,26.7143_81.6249.png
uttar_pradesh,26.7143_81.6283.png
uttar_pradesh,26.7143_81.8749.png
uttar_pradesh,26.7143_81.8783.png
uttar_pradesh,26.7143_81.9485.png
uttar_pradesh,26.7143_81.9749.png
uttar_pradesh,26.7143_81.9783.png
uttar_pradesh,26.7143_81.9897.png
uttar_pradesh,26.7257_78.9573.png
uttar_pradesh,26.7257_78.9661.png
uttar_pradesh,26.7257_79.0573.png
uttar_pradesh,26.7257_79.0661.png
uttar_pradesh,26.7257_79.1249.png
uttar_pradesh,26.7257_79.1283.png
uttar_pradesh,26.7257_79.2073.png
uttar_pradesh,26.7257_79.2661.png
uttar_pradesh,26.7257_79.2897.png
uttar_pradesh,26.7257_79.2985.png
uttar_pradesh,26.7257_79.6985.png
uttar_pradesh,26.7257_79.7073.png
uttar_pradesh,26.7257_80.9073.png
uttar_pradesh,26.7257_80.9162.png
uttar_pradesh,26.7257_80.9485.png
uttar_pradesh,26.7257_80.9573.png
uttar_pradesh,26.7257_81.1073.png
uttar_pradesh,26.7257_81.1397.png
uttar_pradesh,26.7257_81.1485.png
uttar_pradesh,26.7257_81.1574.png
uttar_pradesh,26.7257_81.1662.png
uttar_pradesh,26.7257_81.2249.png
uttar_pradesh,26.7257_81.2283.png
uttar_pradesh,26.7257_81.2397.png
uttar_pradesh,26.7257_81.2485.png
uttar_pradesh,26.7257_81.4749.png
uttar_pradesh,26.7257_81.4783.png
uttar_pradesh,26.7257_81.4985.png
uttar_pradesh,26.7257_81.5783.png
uttar_pradesh,26.7257_81.6485.png
uttar_pradesh,26.7257_81.6574.png
uttar_pradesh,26.7257_81.8986.png
uttar_pradesh,26.7257_81.9074.png
uttar_pradesh,26.7257_81.9162.png
uttar_pradesh,26.7257_81.9661.png
uttar_pradesh,26.7257_81.9749.png
uttar_pradesh,26.7257_81.9897.png
uttar_pradesh,26.7257_81.9985.png
uttar_pradesh,26.7257_82.1161.png
uttar_pradesh,26.7257_82.1985.png
uttar_pradesh,26.7257_82.2073.png
uttar_pradesh,26.7291_78.9573.png
uttar_pradesh,26.7291_78.9661.png
uttar_pradesh,26.7291_79.0485.png
uttar_pradesh,26.7291_79.0573.png
uttar_pradesh,26.7291_79.0661.png
uttar_pradesh,26.7291_79.1249.png
uttar_pradesh,26.7291_79.1283.png
uttar_pradesh,26.7291_79.2073.png
uttar_pradesh,26.7291_79.2661.png
uttar_pradesh,26.7291_79.2897.png
uttar_pradesh,26.7291_79.2985.png
uttar_pradesh,26.7291_79.3897.png
uttar_pradesh,26.7291_79.6985.png
uttar_pradesh,26.7291_79.7073.png
uttar_pradesh,26.7291_80.9073.png
uttar_pradesh,26.7291_80.9162.png
uttar_pradesh,26.7291_80.9485.png
uttar_pradesh,26.7291_80.9573.png
uttar_pradesh,26.7291_81.1073.png
uttar_pradesh,26.7291_81.1397.png
uttar_pradesh,26.7291_81.1485.png
uttar_pradesh,26.7291_81.1574.png
uttar_pradesh,26.7291_81.1662.png
uttar_pradesh,26.7291_81.2249.png
uttar_pradesh,26.7291_81.2283.png
uttar_pradesh,26.7291_81.2397.png
uttar_pradesh,26.7291_81.2485.png
uttar_pradesh,26.7291_81.4749.png
uttar_pradesh,26.7291_81.4783.png
uttar_pradesh,26.7291_81.4985.png
uttar_pradesh,26.7291_81.5783.png
uttar_pradesh,26.7291_81.6161.png
uttar_pradesh,26.7291_81.6485.png
uttar_pradesh,26.7291_81.6574.png
uttar_pradesh,26.7291_81.8986.png
uttar_pradesh,26.7291_81.9074.png
uttar_pradesh,26.7291_81.9897.png
uttar_pradesh,26.7291_81.9985.png
uttar_pradesh,26.7291_82.0985.png
uttar_pradesh,26.7291_82.1161.png
uttar_pradesh,26.7291_82.1985.png
uttar_pradesh,26.7291_82.2073.png
uttar_pradesh,26.7291_82.2161.png
uttar_pradesh,26.7380_79.0397.png
uttar_pradesh,26.7380_79.0485.png
uttar_pradesh,26.7380_79.0661.png
uttar_pradesh,26.7380_79.3897.png
uttar_pradesh,26.7380_81.0397.png
uttar_pradesh,26.7380_81.1485.png
uttar_pradesh,26.7380_81.1574.png
uttar_pradesh,26.7380_81.1662.png
uttar_pradesh,26.7380_81.1750.png
uttar_pradesh,26.7380_81.1783.png
uttar_pradesh,26.7380_81.3073.png
uttar_pradesh,26.7380_81.3161.png
uttar_pradesh,26.7380_81.5661.png
uttar_pradesh,26.7380_81.5749.png
uttar_pradesh,26.7380_81.5783.png
uttar_pradesh,26.7380_81.6161.png
uttar_pradesh,26.7380_81.7749.png
uttar_pradesh,26.7380_81.7783.png
uttar_pradesh,26.7380_82.0985.png
uttar_pradesh,26.7380_82.2073.png
uttar_pradesh,26.7380_82.2161.png
uttar_pradesh,26.7468_79.0397.png
uttar_pradesh,26.7468_79.0485.png
uttar_pradesh,26.7468_79.0573.png
uttar_pradesh,26.7468_79.0661.png
uttar_pradesh,26.7468_79.0749.png
uttar_pradesh,26.7468_79.0783.png
uttar_pradesh,26.7468_79.2897.png
uttar_pradesh,26.7468_81.0249.png
uttar_pradesh,26.7468_81.0283.png
uttar_pradesh,26.7468_81.0397.png
uttar_pradesh,26.7468_81.1485.png
uttar_pradesh,26.7468_81.1662.png
uttar_pradesh,26.7468_81.3073.png
uttar_pradesh,26.7468_81.3161.png
uttar_pradesh,26.7468_81.5749.png
uttar_pradesh,26.7468_81.5783.png
uttar_pradesh,26.7468_81.6662.png
uttar_pradesh,26.7468_81.7073.png
uttar_pradesh,26.7468_82.1750.png
uttar_pradesh,26.7468_82.1783.png
uttar_pradesh,26.7468_82.1897.png
uttar_pradesh,26.7468_82.1985.png
uttar_pradesh,26.7468_82.2073.png
uttar_pradesh,26.7468_82.2161.png
uttar_pradesh,26.7468_82.2249.png
uttar_pradesh,26.7468_82.2283.png
uttar_pradesh,26.7468_82.4249.png
uttar_pradesh,26.7468_82.4283.png
uttar_pradesh,26.7468_82.4397.png
uttar_pradesh,26.7556_79.0397.png
uttar_pradesh,26.7556_79.0485.png
uttar_pradesh,26.7556_79.0573.png
uttar_pradesh,26.7556_79.0661.png
uttar_pradesh,26.7556_79.0749.png
uttar_pradesh,26.7556_79.0783.png
uttar_pradesh,26.7556_79.0985.png
uttar_pradesh,26.7556_79.2897.png
uttar_pradesh,26.7556_80.0897.png
uttar_pradesh,26.7556_80.7397.png
uttar_pradesh,26.7556_80.7485.png
uttar_pradesh,26.7556_81.0073.png
uttar_pradesh,26.7556_81.0161.png
uttar_pradesh,26.7556_81.2249.png
uttar_pradesh,26.7556_81.2283.png
uttar_pradesh,26.7556_81.3749.png
uttar_pradesh,26.7556_81.3783.png
uttar_pradesh,26.7556_81.6662.png
uttar_pradesh,26.7556_81.7073.png
uttar_pradesh,26.7556_82.0897.png
uttar_pradesh,26.7556_82.0985.png
uttar_pradesh,26.7556_82.1750.png
uttar_pradesh,26.7556_82.1783.png
uttar_pradesh,26.7556_82.1897.png
uttar_pradesh,26.7556_82.1985.png
uttar_pradesh,26.7556_82.2073.png
uttar_pradesh,26.7556_82.4249.png
uttar_pradesh,26.7556_82.4283.png
uttar_pradesh,26.7556_82.4397.png
uttar_pradesh,26.7644_79.0485.png
uttar_pradesh,26.7644_79.0573.png
uttar_pradesh,26.7644_79.0749.png
uttar_pradesh,26.7644_80.0897.png
uttar_pradesh,26.7644_81.0073.png
uttar_pradesh,26.7644_81.0161.png
uttar_pradesh,26.7644_81.2485.png
uttar_pradesh,26.7644_81.2573.png
uttar_pradesh,26.7644_81.3783.png
uttar_pradesh,26.7644_81.4749.png
uttar_pradesh,26.7644_81.4783.png
uttar_pradesh,26.7644_81.4985.png
uttar_pradesh,26.7644_81.5073.png
uttar_pradesh,26.7644_81.5985.png
uttar_pradesh,26.7644_81.6073.png
uttar_pradesh,26.7644_82.0485.png
uttar_pradesh,26.7644_82.0897.png
uttar_pradesh,26.7644_82.0985.png
uttar_pradesh,26.7644_82.1985.png
uttar_pradesh,26.7644_82.2073.png
uttar_pradesh,26.7758_79.0397.png
uttar_pradesh,26.7758_79.0485.png
uttar_pradesh,26.7758_79.2249.png
uttar_pradesh,26.7758_79.4749.png
uttar_pradesh,26.7758_79.4783.png
uttar_pradesh,26.7758_79.5283.png
uttar_pradesh,26.7758_79.7249.png
uttar_pradesh,26.7758_81.1073.png
uttar_pradesh,26.7758_81.1161.png
uttar_pradesh,26.7758_81.1397.png
uttar_pradesh,26.7758_81.1662.png
uttar_pradesh,26.7758_81.1750.png
uttar_pradesh,26.7758_81.1783.png
uttar_pradesh,26.7758_81.2397.png
uttar_pradesh,26.7758_81.2485.png
uttar_pradesh,26.7758_81.2573.png
uttar_pradesh,26.7758_81.2661.png
uttar_pradesh,26.7758_81.4250.png
uttar_pradesh,26.7758_81.4283.png
uttar_pradesh,26.7758_81.5161.png
uttar_pradesh,26.7758_81.5897.png
uttar_pradesh,26.7758_81.7485.png
uttar_pradesh,26.7758_81.7783.png
uttar_pradesh,26.7758_81.7897.png
uttar_pradesh,26.7791_79.0397.png
uttar_pradesh,26.7791_79.0485.png
uttar_pradesh,26.7791_79.2249.png
uttar_pradesh,26.7791_79.4749.png
uttar_pradesh,26.7791_79.4783.png
uttar_pradesh,26.7791_79.5283.png
uttar_pradesh,26.7791_79.7249.png
uttar_pradesh,26.7791_81.1073.png
uttar_pradesh,26.7791_81.1161.png
uttar_pradesh,26.7791_81.1249.png
uttar_pradesh,26.7791_81.1283.png
uttar_pradesh,26.7791_81.1397.png
uttar_pradesh,26.7791_81.1662.png
uttar_pradesh,26.7791_81.1750.png
uttar_pradesh,26.7791_81.1783.png
uttar_pradesh,26.7791_81.2397.png
uttar_pradesh,26.7791_81.2485.png
uttar_pradesh,26.7791_81.2573.png
uttar_pradesh,26.7791_81.2661.png
uttar_pradesh,26.7791_81.2749.png
uttar_pradesh,26.7791_81.2783.png
uttar_pradesh,26.7791_81.4250.png
uttar_pradesh,26.7791_81.4283.png
uttar_pradesh,26.7791_81.5161.png
uttar_pradesh,26.7791_81.5897.png
uttar_pradesh,26.7791_81.6397.png
uttar_pradesh,26.7791_81.7485.png
uttar_pradesh,26.7791_81.7749.png
uttar_pradesh,26.7791_81.7783.png
uttar_pradesh,26.7791_81.7897.png
uttar_pradesh,26.7879_78.9749.png
uttar_pradesh,26.7879_78.9783.png
uttar_pradesh,26.7879_78.9897.png
uttar_pradesh,26.7879_81.0485.png
uttar_pradesh,26.7879_81.0573.png
uttar_pradesh,26.7879_81.1397.png
uttar_pradesh,26.7879_81.2749.png
uttar_pradesh,26.7879_81.2783.png
uttar_pradesh,26.7879_81.3573.png
uttar_pradesh,26.7879_81.3661.png
uttar_pradesh,26.7879_81.5249.png
uttar_pradesh,26.7879_81.5283.png
uttar_pradesh,26.7879_81.6073.png
uttar_pradesh,26.7879_81.6397.png
uttar_pradesh,26.7879_81.7397.png
uttar_pradesh,26.7879_81.7749.png
uttar_pradesh,26.7879_81.7783.png
uttar_pradesh,26.7967_78.9573.png
uttar_pradesh,26.7967_78.9661.png
uttar_pradesh,26.7967_78.9749.png
uttar_pradesh,26.7967_78.9783.png
uttar_pradesh,26.7967_78.9897.png
uttar_pradesh,26.7967_81.0485.png
uttar_pradesh,26.7967_81.0573.png
uttar_pradesh,26.7967_81.1750.png
uttar_pradesh,26.7967_81.1783.png
uttar_pradesh,26.7967_81.2397.png
uttar_pradesh,26.7967_81.7397.png
uttar_pradesh,26.7967_81.7485.png
uttar_pradesh,26.7967_81.7573.png
uttar_pradesh,26.7967_81.7661.png
uttar_pradesh,26.7967_82.3249.png
uttar_pradesh,26.7967_82.3283.png
uttar_pradesh,26.8055_78.9161.png
uttar_pradesh,26.8055_78.9249.png
uttar_pradesh,26.8055_78.9283.png
uttar_pradesh,26.8055_78.9397.png
uttar_pradesh,26.8055_78.9485.png
uttar_pradesh,26.8055_78.9573.png
uttar_pradesh,26.8055_79.4073.png
uttar_pradesh,26.8055_79.4161.png
uttar_pradesh,26.8055_79.5283.png
uttar_pradesh,26.8055_81.0573.png
uttar_pradesh,26.8055_81.1750.png
uttar_pradesh,26.8055_81.1783.png
uttar_pradesh,26.8055_81.2397.png
uttar_pradesh,26.8055_81.4749.png
uttar_pradesh,26.8055_81.4783.png
uttar_pradesh,26.8055_81.7397.png
uttar_pradesh,26.8055_81.7485.png
uttar_pradesh,26.8055_82.3249.png
uttar_pradesh,26.8055_82.3283.png
uttar_pradesh,26.8055_82.4073.png
uttar_pradesh,26.8143_78.9161.png
uttar_pradesh,26.8143_78.9249.png
uttar_pradesh,26.8143_78.9283.png
uttar_pradesh,26.8143_78.9397.png
uttar_pradesh,26.8143_79.5249.png
uttar_pradesh,26.8143_79.5283.png
uttar_pradesh,26.8143_79.5397.png
uttar_pradesh,26.8143_79.5485.png
uttar_pradesh,26.8143_79.5573.png
uttar_pradesh,26.8143_80.2661.png
uttar_pradesh,26.8143_80.2749.png
uttar_pradesh,26.8143_81.1750.png
uttar_pradesh,26.8143_81.1783.png
uttar_pradesh,26.8143_81.3397.png
uttar_pradesh,26.8143_82.4073.png
uttar_pradesh,26.8257_78.8783.png
uttar_pradesh,26.8257_78.8985.png
uttar_pradesh,26.8257_78.9073.png
uttar_pradesh,26.8257_78.9161.png
uttar_pradesh,26.8257_79.2485.png
uttar_pradesh,26.8257_79.4985.png
uttar_pradesh,26.8257_79.6573.png
uttar_pradesh,26.8257_79.6661.png
uttar_pradesh,26.8257_80.0573.png
uttar_pradesh,26.8257_80.2073.png
uttar_pradesh,26.8257_80.2249.png
uttar_pradesh,26.8257_80.2283.png
uttar_pradesh,26.8257_81.1662.png
uttar_pradesh,26.8257_81.1985.png
uttar_pradesh,26.8257_81.5249.png
uttar_pradesh,26.8257_82.2985.png
uttar_pradesh,26.8257_82.3073.png
uttar_pradesh,26.8291_78.8783.png
uttar_pradesh,26.8291_78.8985.png
uttar_pradesh,26.8291_78.9161.png
uttar_pradesh,26.8291_79.2485.png
uttar_pradesh,26.8291_79.4985.png
uttar_pradesh,26.8291_79.6573.png
uttar_pradesh,26.8291_79.6661.png
uttar_pradesh,26.8291_80.0573.png
uttar_pradesh,26.8291_80.0749.png
uttar_pradesh,26.8291_80.0783.png
uttar_pradesh,26.8291_80.2073.png
uttar_pradesh,26.8291_80.2249.png
uttar_pradesh,26.8291_80.2283.png
uttar_pradesh,26.8291_81.1662.png
uttar_pradesh,26.8291_81.1985.png
uttar_pradesh,26.8291_81.4397.png
uttar_pradesh,26.8291_81.4485.png
uttar_pradesh,26.8291_81.5249.png
uttar_pradesh,26.8291_81.7485.png
uttar_pradesh,26.8291_82.2985.png
uttar_pradesh,26.8291_82.3073.png
uttar_pradesh,26.8379_79.0749.png
uttar_pradesh,26.8379_79.0783.png
uttar_pradesh,26.8379_80.0573.png
uttar_pradesh,26.8379_80.0749.png
uttar_pradesh,26.8379_80.0783.png
uttar_pradesh,26.8379_80.2573.png
uttar_pradesh,26.8379_81.1397.png
uttar_pradesh,26.8379_81.1485.png
uttar_pradesh,26.8379_81.1662.png
uttar_pradesh,26.8379_81.4397.png
uttar_pradesh,26.8379_81.4485.png
uttar_pradesh,26.8379_81.7485.png
uttar_pradesh,26.8379_81.9749.png
uttar_pradesh,26.8379_81.9783.png
uttar_pradesh,26.8467_78.8749.png
uttar_pradesh,26.8467_78.8783.png
uttar_pradesh,26.8467_80.2573.png
uttar_pradesh,26.8467_80.3283.png
uttar_pradesh,26.8467_80.3397.png
uttar_pradesh,26.8467_81.1397.png
uttar_pradesh,26.8467_81.1485.png
uttar_pradesh,26.8467_81.1662.png
uttar_pradesh,26.8467_81.2397.png
uttar_pradesh,26.8467_81.4397.png
uttar_pradesh,26.8467_81.4485.png
uttar_pradesh,26.8467_81.4749.png
uttar_pradesh,26.8467_81.4783.png
uttar_pradesh,26.8467_81.5661.png
uttar_pradesh,26.8467_82.3249.png
uttar_pradesh,26.8467_82.3283.png
uttar_pradesh,26.8555_78.9249.png
uttar_pradesh,26.8555_79.0985.png
uttar_pradesh,26.8555_79.1073.png
uttar_pradesh,26.8555_79.8073.png
uttar_pradesh,26.8555_79.8161.png
uttar_pradesh,26.8555_80.3249.png
uttar_pradesh,26.8555_80.3283.png
uttar_pradesh,26.8555_80.3397.png
uttar_pradesh,26.8555_80.8661.png
uttar_pradesh,26.8555_81.1283.png
uttar_pradesh,26.8555_81.1485.png
uttar_pradesh,26.8555_81.1574.png
uttar_pradesh,26.8555_81.1897.png
uttar_pradesh,26.8555_81.2161.png
uttar_pradesh,26.8555_81.2397.png
uttar_pradesh,26.8555_81.4162.png
uttar_pradesh,26.8555_81.4250.png
uttar_pradesh,26.8555_81.5397.png
uttar_pradesh,26.8555_81.5485.png
uttar_pradesh,26.8555_81.5661.png
uttar_pradesh,26.8555_81.5749.png
uttar_pradesh,26.8555_81.5783.png
uttar_pradesh,26.8555_81.5897.png
uttar_pradesh,26.8555_81.9985.png
uttar_pradesh,26.8643_78.9249.png
uttar_pradesh,26.8643_78.9283.png
uttar_pradesh,26.8643_79.0985.png
uttar_pradesh,26.8643_79.1073.png
uttar_pradesh,26.8643_80.3397.png
uttar_pradesh,26.8643_80.8661.png
uttar_pradesh,26.8643_80.8749.png
uttar_pradesh,26.8643_81.1073.png
uttar_pradesh,26.8643_81.1161.png
uttar_pradesh,26.8643_81.1249.png
uttar_pradesh,26.8643_81.1283.png
uttar_pradesh,26.8643_81.1397.png
uttar_pradesh,26.8643_81.1485.png
uttar_pradesh,26.8643_81.1574.png
uttar_pradesh,26.8643_81.1750.png
uttar_pradesh,26.8643_81.1783.png
uttar_pradesh,26.8643_81.1897.png
uttar_pradesh,26.8643_81.2161.png
uttar_pradesh,26.8643_81.2249.png
uttar_pradesh,26.8643_81.2283.png
uttar_pradesh,26.8643_81.4250.png
uttar_pradesh,26.8643_81.4283.png
uttar_pradesh,26.8643_81.5397.png
uttar_pradesh,26.8643_81.5485.png
uttar_pradesh,26.8643_81.5897.png
uttar_pradesh,26.8643_81.9985.png
uttar_pradesh,26.8758_78.9161.png
uttar_pradesh,26.8758_79.3661.png
uttar_pradesh,26.8758_80.2985.png
uttar_pradesh,26.8758_81.1161.png
uttar_pradesh,26.8758_81.1249.png
uttar_pradesh,26.8758_81.1283.png
uttar_pradesh,26.8758_81.1397.png
uttar_pradesh,26.8758_81.1485.png
uttar_pradesh,26.8758_81.1750.png
uttar_pradesh,26.8758_81.1783.png
uttar_pradesh,26.8758_81.1897.png
uttar_pradesh,26.8758_81.2161.png
uttar_pradesh,26.8758_81.2249.png
uttar_pradesh,26.8758_81.2283.png
uttar_pradesh,26.8758_81.5073.png
uttar_pradesh,26.8758_81.6662.png
uttar_pradesh,26.8758_81.8749.png
uttar_pradesh,26.8758_81.8783.png
uttar_pradesh,26.8758_81.8897.png
uttar_pradesh,26.8758_81.9162.png
uttar_pradesh,26.8758_82.3397.png
uttar_pradesh,26.8758_82.4073.png
uttar_pradesh,26.8758_82.4161.png
uttar_pradesh,26.8758_82.4249.png
uttar_pradesh,26.8758_82.4283.png
uttar_pradesh,26.8791_78.9161.png
uttar_pradesh,26.8791_78.9749.png
uttar_pradesh,26.8791_78.9783.png
uttar_pradesh,26.8791_79.3661.png
uttar_pradesh,26.8791_79.4397.png
uttar_pradesh,26.8791_80.2749.png
uttar_pradesh,26.8791_80.2783.png
uttar_pradesh,26.8791_80.2985.png
uttar_pradesh,26.8791_81.0985.png
uttar_pradesh,26.8791_81.1073.png
uttar_pradesh,26.8791_81.1161.png
uttar_pradesh,26.8791_81.1249.png
uttar_pradesh,26.8791_81.1283.png
uttar_pradesh,26.8791_81.1397.png
uttar_pradesh,26.8791_81.1485.png
uttar_pradesh,26.8791_81.1750.png
uttar_pradesh,26.8791_81.1783.png
uttar_pradesh,26.8791_81.1897.png
uttar_pradesh,26.8791_81.2283.png
uttar_pradesh,26.8791_81.5073.png
uttar_pradesh,26.8791_81.5897.png
uttar_pradesh,26.8791_81.6662.png
uttar_pradesh,26.8791_81.8749.png
uttar_pradesh,26.8791_81.8783.png
uttar_pradesh,26.8791_81.8897.png
uttar_pradesh,26.8791_81.9162.png
uttar_pradesh,26.8791_82.3397.png
uttar_pradesh,26.8791_82.4073.png
uttar_pradesh,26.8791_82.4161.png
uttar_pradesh,26.8791_82.4249.png
uttar_pradesh,26.8791_82.4283.png
uttar_pradesh,26.8879_79.0397.png
uttar_pradesh,26.8879_79.3283.png
uttar_pradesh,26.8879_79.3397.png
uttar_pradesh,26.8879_79.4397.png
uttar_pradesh,26.8879_80.2249.png
uttar_pradesh,26.8879_80.2283.png
uttar_pradesh,26.8879_80.2749.png
uttar_pradesh,26.8879_80.2783.png
uttar_pradesh,26.8879_80.2985.png
uttar_pradesh,26.8879_81.0985.png
uttar_pradesh,26.8879_81.1073.png
uttar_pradesh,26.8879_81.1662.png
uttar_pradesh,26.8879_81.1750.png
uttar_pradesh,26.8879_81.1783.png
uttar_pradesh,26.8879_81.1897.png
uttar_pradesh,26.8879_81.2249.png
uttar_pradesh,26.8879_81.2283.png
uttar_pradesh,26.8879_81.4250.png
uttar_pradesh,26.8879_81.4283.png
uttar_pradesh,26.8879_81.5897.png
uttar_pradesh,26.8879_81.9074.png
uttar_pradesh,26.8879_81.9162.png
uttar_pradesh,26.8879_82.4161.png
uttar_pradesh,26.8967_79.0397.png
uttar_pradesh,26.8967_79.3397.png
uttar_pradesh,26.8967_79.3485.png
uttar_pradesh,26.8967_81.0283.png
uttar_pradesh,26.8967_81.1161.png
uttar_pradesh,26.8967_81.1249.png
uttar_pradesh,26.8967_81.3573.png
uttar_pradesh,26.8967_81.4250.png
uttar_pradesh,26.8967_81.4283.png
uttar_pradesh,26.8967_81.8573.png
uttar_pradesh,26.8967_81.8661.png
uttar_pradesh,26.8967_81.9074.png
uttar_pradesh,26.8967_81.9162.png
uttar_pradesh,26.8967_81.9250.png
uttar_pradesh,26.8967_82.3661.png
uttar_pradesh,26.8967_82.3749.png
uttar_pradesh,26.8967_82.3985.png
uttar_pradesh,26.8967_82.4073.png
uttar_pradesh,26.8967_82.4161.png
uttar_pradesh,26.8967_82.4249.png
uttar_pradesh,26.8967_82.4283.png
uttar_pradesh,26.9055_78.8661.png
uttar_pradesh,26.9055_78.8749.png
uttar_pradesh,26.9055_79.3397.png
uttar_pradesh,26.9055_79.7897.png
uttar_pradesh,26.9055_79.8749.png
uttar_pradesh,26.9055_80.2073.png
uttar_pradesh,26.9055_80.2161.png
uttar_pradesh,26.9055_80.2249.png
uttar_pradesh,26.9055_80.2283.png
uttar_pradesh,26.9055_80.2397.png
uttar_pradesh,26.9055_80.2485.png
uttar_pradesh,26.9055_80.2573.png
uttar_pradesh,26.9055_80.3661.png
uttar_pradesh,26.9055_81.0283.png
uttar_pradesh,26.9055_81.3397.png
uttar_pradesh,26.9055_81.3485.png
uttar_pradesh,26.9055_81.3573.png
uttar_pradesh,26.9055_81.8573.png
uttar_pradesh,26.9055_81.8661.png
uttar_pradesh,26.9055_81.9074.png
uttar_pradesh,26.9055_81.9250.png
uttar_pradesh,26.9055_82.3661.png
uttar_pradesh,26.9055_82.3749.png
uttar_pradesh,26.9055_82.3985.png
uttar_pradesh,26.9055_82.4073.png
uttar_pradesh,26.9055_82.4161.png
uttar_pradesh,26.9055_82.4249.png
uttar_pradesh,26.9055_82.4283.png
uttar_pradesh,26.9143_78.8985.png
uttar_pradesh,26.9143_78.9073.png
uttar_pradesh,26.9143_79.7897.png
uttar_pradesh,26.9143_79.8749.png
uttar_pradesh,26.9143_79.9073.png
uttar_pradesh,26.9143_79.9161.png
uttar_pradesh,26.9143_80.2397.png
uttar_pradesh,26.9143_80.2485.png
uttar_pradesh,26.9143_80.3661.png
uttar_pradesh,26.9143_80.4485.png
uttar_pradesh,26.9143_80.4573.png
uttar_pradesh,26.9143_81.0249.png
uttar_pradesh,26.9143_81.0283.png
uttar_pradesh,26.9143_81.0397.png
uttar_pradesh,26.9143_81.2249.png
uttar_pradesh,26.9143_81.8986.png
uttar_pradesh,26.9143_82.1750.png
uttar_pradesh,26.9143_82.1783.png
uttar_pradesh,26.9143_82.3749.png
uttar_pradesh,26.9143_82.3783.png
uttar_pradesh,26.9143_82.4161.png
uttar_pradesh,26.9143_82.4249.png
uttar_pradesh,26.9257_78.8073.png
uttar_pradesh,26.9257_78.8485.png
uttar_pradesh,26.9257_78.8573.png
uttar_pradesh,26.9257_79.2985.png
uttar_pradesh,26.9257_79.4749.png
uttar_pradesh,26.9257_79.4783.png
uttar_pradesh,26.9257_79.7397.png
uttar_pradesh,26.9257_79.7485.png
uttar_pradesh,26.9257_79.9985.png
uttar_pradesh,26.9257_80.2073.png
uttar_pradesh,26.9257_80.4397.png
uttar_pradesh,26.9257_80.9661.png
uttar_pradesh,26.9257_81.0161.png
uttar_pradesh,26.9257_81.0397.png
uttar_pradesh,26.9257_81.0485.png
uttar_pradesh,26.9257_81.0573.png
uttar_pradesh,26.9257_81.0661.png
uttar_pradesh,26.9257_81.3661.png
uttar_pradesh,26.9257_81.3749.png
uttar_pradesh,26.9257_81.3783.png
uttar_pradesh,26.9257_81.4250.png
uttar_pradesh,26.9257_81.4283.png
uttar_pradesh,26.9257_81.5397.png
uttar_pradesh,26.9257_81.8161.png
uttar_pradesh,26.9257_81.8249.png
uttar_pradesh,26.9257_81.8283.png
uttar_pradesh,26.9257_82.1985.png
uttar_pradesh,26.9257_82.2161.png
uttar_pradesh,26.9257_82.2897.png
uttar_pradesh,26.9257_82.3397.png
uttar_pradesh,26.9257_82.3573.png
uttar_pradesh,26.9257_82.4073.png
uttar_pradesh,26.9291_78.8073.png
uttar_pradesh,26.9291_78.8485.png
uttar_pradesh,26.9291_78.8573.png
uttar_pradesh,26.9291_79.2985.png
uttar_pradesh,26.9291_79.3249.png
uttar_pradesh,26.9291_79.3283.png
uttar_pradesh,26.9291_79.4749.png
uttar_pradesh,26.9291_79.4783.png
uttar_pradesh,26.9291_79.7397.png
uttar_pradesh,26.9291_79.7485.png
uttar_pradesh,26.9291_79.8985.png
uttar_pradesh,26.9291_79.9073.png
uttar_pradesh,26.9291_79.9985.png
uttar_pradesh,26.9291_80.2073.png
uttar_pradesh,26.9291_80.4397.png
uttar_pradesh,26.9291_80.9661.png
uttar_pradesh,26.9291_81.0161.png
uttar_pradesh,26.9291_81.0397.png
uttar_pradesh,26.9291_81.0485.png
uttar_pradesh,26.9291_81.0573.png
uttar_pradesh,26.9291_81.0661.png
uttar_pradesh,26.9291_81.4250.png
uttar_pradesh,26.9291_81.4283.png
uttar_pradesh,26.9291_81.5397.png
uttar_pradesh,26.9291_81.5749.png
uttar_pradesh,26.9291_81.5783.png
uttar_pradesh,26.9291_81.8161.png
uttar_pradesh,26.9291_81.8249.png
uttar_pradesh,26.9291_81.8283.png
uttar_pradesh,26.9291_81.8749.png
uttar_pradesh,26.9291_81.8783.png
uttar_pradesh,26.9291_82.1985.png
uttar_pradesh,26.9291_82.2161.png
uttar_pradesh,26.9291_82.2897.png
uttar_pradesh,26.9291_82.3073.png
uttar_pradesh,26.9291_82.3397.png
uttar_pradesh,26.9291_82.3573.png
uttar_pradesh,26.9291_82.3985.png
uttar_pradesh,26.9291_82.4073.png
uttar_pradesh,26.9379_78.8485.png
uttar_pradesh,26.9379_78.8573.png
uttar_pradesh,26.9379_79.3249.png
uttar_pradesh,26.9379_79.3283.png
uttar_pradesh,26.9379_79.5661.png
uttar_pradesh,26.9379_79.5749.png
uttar_pradesh,26.9379_80.2749.png
uttar_pradesh,26.9379_80.2783.png
uttar_pradesh,26.9379_80.9749.png
uttar_pradesh,26.9379_81.0249.png
uttar_pradesh,26.9379_81.0283.png
uttar_pradesh,26.9379_81.0485.png
uttar_pradesh,26.9379_81.0573.png
uttar_pradesh,26.9379_81.0661.png
uttar_pradesh,26.9379_81.1574.png
uttar_pradesh,26.9379_81.1662.png
uttar_pradesh,26.9379_81.2073.png
uttar_pradesh,26.9379_81.3397.png
uttar_pradesh,26.9379_82.1985.png
uttar_pradesh,26.9379_82.2897.png
uttar_pradesh,26.9379_82.2985.png
uttar_pradesh,26.9379_82.3073.png
uttar_pradesh,26.9379_82.3573.png
uttar_pradesh,26.9379_82.3661.png
uttar_pradesh,26.9379_82.3749.png
uttar_pradesh,26.9379_82.3783.png
uttar_pradesh,26.9467_79.0661.png
uttar_pradesh,26.9467_79.0749.png
uttar_pradesh,26.9467_79.4573.png
uttar_pradesh,26.9467_79.6661.png
uttar_pradesh,26.9467_79.6750.png
uttar_pradesh,26.9467_79.6783.png
uttar_pradesh,26.9467_79.9985.png
uttar_pradesh,26.9467_80.0073.png
uttar_pradesh,26.9467_80.4661.png
uttar_pradesh,26.9467_80.4749.png
uttar_pradesh,26.9467_80.8749.png
uttar_pradesh,26.9467_80.8783.png
uttar_pradesh,26.9467_80.8985.png
uttar_pradesh,26.9467_81.0249.png
uttar_pradesh,26.9467_81.0283.png
uttar_pradesh,26.9467_81.0397.png
uttar_pradesh,26.9467_81.0485.png
uttar_pradesh,26.9467_81.0573.png
uttar_pradesh,26.9467_81.1662.png
uttar_pradesh,26.9467_81.2073.png
uttar_pradesh,26.9467_81.3397.png
uttar_pradesh,26.9467_81.5897.png
uttar_pradesh,26.9467_81.8661.png
uttar_pradesh,26.9467_81.8749.png
uttar_pradesh,26.9467_81.9250.png
uttar_pradesh,26.9467_81.9283.png
uttar_pradesh,26.9467_82.1985.png
uttar_pradesh,26.9555_78.8161.png
uttar_pradesh,26.9555_78.8249.png
uttar_pradesh,26.9555_78.8283.png
uttar_pradesh,26.9555_79.6485.png
uttar_pradesh,26.9555_79.9985.png
uttar_pradesh,26.9555_80.4661.png
uttar_pradesh,26.9555_80.4749.png
uttar_pradesh,26.9555_80.8661.png
uttar_pradesh,26.9555_80.8749.png
uttar_pradesh,26.9555_80.8783.png
uttar_pradesh,26.9555_80.8985.png
uttar_pradesh,26.9555_80.9073.png
uttar_pradesh,26.9555_80.9162.png
uttar_pradesh,26.9555_81.0249.png
uttar_pradesh,26.9555_81.0283.png
uttar_pradesh,26.9555_81.0397.png
uttar_pradesh,26.9555_81.0573.png
uttar_pradesh,26.9555_81.8661.png
uttar_pradesh,26.9555_81.8749.png
uttar_pradesh,26.9555_81.9397.png
uttar_pradesh,26.9555_81.9485.png
uttar_pradesh,26.9555_82.3897.png
uttar_pradesh,26.9643_78.8161.png
uttar_pradesh,26.9643_78.8283.png
uttar_pradesh,26.9643_79.5573.png
uttar_pradesh,26.9643_79.5661.png
uttar_pradesh,26.9643_79.6485.png
uttar_pradesh,26.9643_79.9985.png
uttar_pradesh,26.9643_80.8661.png
uttar_pradesh,26.9643_80.8749.png
uttar_pradesh,26.9643_80.8783.png
uttar_pradesh,26.9643_80.8897.png
uttar_pradesh,26.9643_80.8985.png
uttar_pradesh,26.9643_80.9073.png
uttar_pradesh,26.9643_80.9162.png
uttar_pradesh,26.9643_81.2249.png
uttar_pradesh,26.9643_81.2283.png
uttar_pradesh,26.9643_81.3985.png
uttar_pradesh,26.9643_81.4074.png
uttar_pradesh,26.9643_81.8397.png
uttar_pradesh,26.9643_81.8485.png
uttar_pradesh,26.9643_81.9397.png
uttar_pradesh,26.9643_81.9485.png
uttar_pradesh,26.9643_82.3161.png
uttar_pradesh,26.9643_82.3249.png
uttar_pradesh,26.9643_82.3283.png
uttar_pradesh,26.9643_82.3897.png
uttar_pradesh,26.9757_78.7749.png
uttar_pradesh,26.9757_78.7783.png
uttar_pradesh,26.9757_79.2661.png
uttar_pradesh,26.9757_79.7397.png
uttar_pradesh,26.9757_79.9397.png
uttar_pradesh,26.9757_79.9661.png
uttar_pradesh,26.9757_79.9749.png
uttar_pradesh,26.9757_79.9783.png
uttar_pradesh,26.9757_80.3161.png
uttar_pradesh,26.9757_80.3249.png
uttar_pradesh,26.9757_81.0397.png
uttar_pradesh,26.9757_81.0485.png
uttar_pradesh,26.9757_81.0897.png
uttar_pradesh,26.9757_81.1897.png
uttar_pradesh,26.9757_81.3985.png
uttar_pradesh,26.9757_81.4074.png
uttar_pradesh,26.9757_81.5161.png
uttar_pradesh,26.9757_81.8073.png
uttar_pradesh,26.9757_81.8161.png
uttar_pradesh,26.9757_81.8749.png
uttar_pradesh,26.9757_81.8783.png
uttar_pradesh,26.9757_81.9162.png
uttar_pradesh,26.9757_81.9485.png
uttar_pradesh,26.9757_82.1161.png
uttar_pradesh,26.9757_82.3161.png
uttar_pradesh,26.9757_82.3249.png
uttar_pradesh,26.9757_82.3283.png
uttar_pradesh,26.9791_78.7749.png
uttar_pradesh,26.9791_78.7783.png
uttar_pradesh,26.9791_78.7897.png
uttar_pradesh,26.9791_79.2661.png
uttar_pradesh,26.9791_79.2749.png
uttar_pradesh,26.9791_79.3897.png
uttar_pradesh,26.9791_79.3985.png
uttar_pradesh,26.9791_79.7397.png
uttar_pradesh,26.9791_79.9397.png
uttar_pradesh,26.9791_79.9661.png
uttar_pradesh,26.9791_80.3161.png
uttar_pradesh,26.9791_80.3249.png
uttar_pradesh,26.9791_81.0397.png
uttar_pradesh,26.9791_81.0485.png
uttar_pradesh,26.9791_81.0897.png
uttar_pradesh,26.9791_81.1161.png
uttar_pradesh,26.9791_81.1249.png
uttar_pradesh,26.9791_81.1283.png
uttar_pradesh,26.9791_81.1897.png
uttar_pradesh,26.9791_81.3749.png
uttar_pradesh,26.9791_81.3783.png
uttar_pradesh,26.9791_81.5161.png
uttar_pradesh,26.9791_81.8749.png
uttar_pradesh,26.9791_81.8783.png
uttar_pradesh,26.9791_81.9162.png
uttar_pradesh,26.9791_81.9485.png
uttar_pradesh,26.9791_82.1161.png
uttar_pradesh,26.9791_82.3161.png
uttar_pradesh,26.9791_82.3249.png
uttar_pradesh,26.9791_82.3283.png
uttar_pradesh,26.9791_82.4573.png
uttar_pradesh,26.9880_78.7749.png
uttar_pradesh,26.9880_78.7783.png
uttar_pradesh,26.9880_78.7897.png
uttar_pradesh,26.9880_78.8573.png
uttar_pradesh,26.9880_78.8897.png
uttar_pradesh,26.9880_79.2573.png
uttar_pradesh,26.9880_79.2661.png
uttar_pradesh,26.9880_79.2749.png
uttar_pradesh,26.9880_79.3161.png
uttar_pradesh,26.9880_79.3283.png
uttar_pradesh,26.9880_79.3897.png
uttar_pradesh,26.9880_79.3985.png
uttar_pradesh,26.9880_79.6661.png
uttar_pradesh,26.9880_79.6750.png
uttar_pradesh,26.9880_80.5073.png
uttar_pradesh,26.9880_81.0897.png
uttar_pradesh,26.9880_81.1073.png
uttar_pradesh,26.9880_81.1161.png
uttar_pradesh,26.9880_81.1249.png
uttar_pradesh,26.9880_81.1283.png
uttar_pradesh,26.9880_81.3749.png
uttar_pradesh,26.9880_81.3783.png
uttar_pradesh,26.9880_82.1161.png
uttar_pradesh,26.9880_82.1249.png
uttar_pradesh,26.9880_82.1283.png
uttar_pradesh,26.9880_82.3161.png
uttar_pradesh,26.9880_82.3249.png
uttar_pradesh,26.9880_82.3283.png
uttar_pradesh,26.9880_82.4573.png
uttar_pradesh,26.9968_78.7749.png
uttar_pradesh,26.9968_78.7783.png
uttar_pradesh,26.9968_78.7897.png
uttar_pradesh,26.9968_78.8573.png
uttar_pradesh,26.9968_78.8897.png
uttar_pradesh,26.9968_79.2573.png
uttar_pradesh,26.9968_79.2661.png
uttar_pradesh,26.9968_79.3161.png
uttar_pradesh,26.9968_79.3283.png
uttar_pradesh,26.9968_79.6661.png
uttar_pradesh,26.9968_79.6750.png
uttar_pradesh,26.9968_79.6783.png
uttar_pradesh,26.9968_79.8661.png
uttar_pradesh,26.9968_80.2749.png
uttar_pradesh,26.9968_80.2783.png
uttar_pradesh,26.9968_80.3573.png
uttar_pradesh,26.9968_80.3661.png
uttar_pradesh,26.9968_80.5073.png
uttar_pradesh,26.9968_80.9250.png
uttar_pradesh,26.9968_80.9283.png
uttar_pradesh,26.9968_81.1249.png
uttar_pradesh,26.9968_81.1283.png
uttar_pradesh,26.9968_81.1397.png
uttar_pradesh,26.9968_81.1485.png
uttar_pradesh,26.9968_82.1161.png
uttar_pradesh,26.9968_82.3073.png
uttar_pradesh,26.9968_82.3161.png
uttar_pradesh,26.9968_82.3249.png
uttar_pradesh,26.9968_82.3283.png
uttar_pradesh,26.9968_82.3749.png
uttar_pradesh,26.9968_82.3783.png
uttar_pradesh,27.0056_78.8749.png
uttar_pradesh,27.0056_78.8783.png
uttar_pradesh,27.0056_78.9573.png
uttar_pradesh,27.0056_78.9661.png
uttar_pradesh,27.0056_78.9749.png
uttar_pradesh,27.0056_79.2573.png
uttar_pradesh,27.0056_79.7985.png
uttar_pradesh,27.0056_79.8073.png
uttar_pradesh,27.0056_79.8661.png
uttar_pradesh,27.0056_79.8985.png
uttar_pradesh,27.0056_79.9573.png
uttar_pradesh,27.0056_79.9661.png
uttar_pradesh,27.0056_79.9749.png
uttar_pradesh,27.0056_79.9783.png
uttar_pradesh,27.0056_80.1573.png
uttar_pradesh,27.0056_80.1662.png
uttar_pradesh,27.0056_80.3573.png
uttar_pradesh,27.0056_80.3661.png
uttar_pradesh,27.0056_80.3897.png
uttar_pradesh,27.0056_81.4573.png
uttar_pradesh,27.0056_81.7661.png
uttar_pradesh,27.0056_81.8249.png
uttar_pradesh,27.0056_81.8283.png
uttar_pradesh,27.0056_81.8986.png
uttar_pradesh,27.0056_81.9074.png
uttar_pradesh,27.0056_82.0897.png
uttar_pradesh,27.0056_82.1161.png
uttar_pradesh,27.0056_82.1249.png
uttar_pradesh,27.0056_82.3073.png
uttar_pradesh,27.0056_82.3161.png
uttar_pradesh,27.0056_82.3249.png
uttar_pradesh,27.0056_82.3283.png
uttar_pradesh,27.0144_79.4573.png
uttar_pradesh,27.0144_79.4661.png
uttar_pradesh,27.0144_79.5485.png
uttar_pradesh,27.0144_79.5573.png
uttar_pradesh,27.0144_79.8073.png
uttar_pradesh,27.0144_79.8985.png
uttar_pradesh,27.0144_80.3897.png
uttar_pradesh,27.0144_81.7661.png
uttar_pradesh,27.0144_82.0897.png
uttar_pradesh,27.0144_82.1161.png
uttar_pradesh,27.0144_82.1249.png
uttar_pradesh,27.0144_82.3485.png
uttar_pradesh,27.0144_82.3573.png
uttar_pradesh,27.0258_78.8397.png
uttar_pradesh,27.0258_79.4985.png
uttar_pradesh,27.0258_79.5073.png
uttar_pradesh,27.0258_79.7397.png
uttar_pradesh,27.0258_79.7485.png
uttar_pradesh,27.0258_79.8985.png
uttar_pradesh,27.0258_79.9073.png
uttar_pradesh,27.0258_80.1573.png
uttar_pradesh,27.0258_80.3749.png
uttar_pradesh,27.0258_80.3783.png
uttar_pradesh,27.0258_80.3897.png
uttar_pradesh,27.0258_80.4985.png
uttar_pradesh,27.0258_80.5073.png
uttar_pradesh,27.0258_80.8985.png
uttar_pradesh,27.0258_80.9073.png
uttar_pradesh,27.0258_80.9162.png
uttar_pradesh,27.0258_80.9250.png
uttar_pradesh,27.0258_81.4250.png
uttar_pradesh,27.0258_81.8073.png
uttar_pradesh,27.0258_81.8749.png
uttar_pradesh,27.0258_81.8783.png
uttar_pradesh,27.0258_82.2249.png
uttar_pradesh,27.0291_78.8397.png
uttar_pradesh,27.0291_79.4985.png
uttar_pradesh,27.0291_79.5073.png
uttar_pradesh,27.0291_79.7397.png
uttar_pradesh,27.0291_79.7485.png
uttar_pradesh,27.0291_79.8985.png
uttar_pradesh,27.0291_79.9073.png
uttar_pradesh,27.0291_80.1573.png
uttar_pradesh,27.0291_80.3897.png
uttar_pradesh,27.0291_80.4985.png
uttar_pradesh,27.0291_80.5073.png
uttar_pradesh,27.0291_80.5161.png
uttar_pradesh,27.0291_80.9073.png
uttar_pradesh,27.0291_80.9162.png
uttar_pradesh,27.0291_80.9250.png
uttar_pradesh,27.0291_80.9283.png
uttar_pradesh,27.0291_80.9397.png
uttar_pradesh,27.0291_80.9485.png
uttar_pradesh,27.0291_81.3397.png
uttar_pradesh,27.0291_81.3783.png
uttar_pradesh,27.0291_81.4074.png
uttar_pradesh,27.0291_81.4162.png
uttar_pradesh,27.0291_81.4250.png
uttar_pradesh,27.0291_81.8073.png
uttar_pradesh,27.0291_81.8749.png
uttar_pradesh,27.0291_81.8783.png
uttar_pradesh,27.0291_82.2249.png
uttar_pradesh,27.0379_78.8897.png
uttar_pradesh,27.0379_78.8985.png
uttar_pradesh,27.0379_79.4485.png
uttar_pradesh,27.0379_79.4573.png
uttar_pradesh,27.0379_79.7249.png
uttar_pradesh,27.0379_79.7283.png
uttar_pradesh,27.0379_79.8661.png
uttar_pradesh,27.0379_79.8749.png
uttar_pradesh,27.0379_79.8783.png
uttar_pradesh,27.0379_79.8985.png
uttar_pradesh,27.0379_80.4485.png
uttar_pradesh,27.0379_80.4573.png
uttar_pradesh,27.0379_80.4661.png
uttar_pradesh,27.0379_80.5161.png
uttar_pradesh,27.0379_80.9250.png
uttar_pradesh,27.0379_80.9283.png
uttar_pradesh,27.0379_80.9397.png
uttar_pradesh,27.0379_81.0249.png
uttar_pradesh,27.0379_81.0283.png
uttar_pradesh,27.0379_81.3397.png
uttar_pradesh,27.0379_81.7573.png
uttar_pradesh,27.0379_81.7661.png
uttar_pradesh,27.0379_82.2573.png
uttar_pradesh,27.0379_82.2661.png
uttar_pradesh,27.0379_82.3749.png
uttar_pradesh,27.0379_82.3783.png
uttar_pradesh,27.0467_79.2897.png
uttar_pradesh,27.0467_79.2985.png
uttar_pradesh,27.0467_79.4485.png
uttar_pradesh,27.0467_79.4573.png
uttar_pradesh,27.0467_79.4897.png
uttar_pradesh,27.0467_79.7249.png
uttar_pradesh,27.0467_79.7283.png
uttar_pradesh,27.0467_79.8749.png
uttar_pradesh,27.0467_79.8783.png
uttar_pradesh,27.0467_79.8897.png
uttar_pradesh,27.0467_79.8985.png
uttar_pradesh,27.0467_80.1161.png
uttar_pradesh,27.0467_80.1249.png
uttar_pradesh,27.0467_80.1573.png
uttar_pradesh,27.0467_80.1662.png
uttar_pradesh,27.0467_80.1750.png
uttar_pradesh,27.0467_80.1783.png
uttar_pradesh,27.0467_80.1985.png
uttar_pradesh,27.0467_80.4661.png
uttar_pradesh,27.0467_81.0249.png
uttar_pradesh,27.0467_81.0283.png
uttar_pradesh,27.0467_81.2283.png
uttar_pradesh,27.0467_81.4162.png
uttar_pradesh,27.0467_82.4283.png
uttar_pradesh,27.0555_78.8249.png
uttar_pradesh,27.0555_78.8283.png
uttar_pradesh,27.0555_79.2661.png
uttar_pradesh,27.0555_79.2749.png
uttar_pradesh,27.0555_79.4897.png
uttar_pradesh,27.0555_80.1897.png
uttar_pradesh,27.0555_80.1985.png
uttar_pradesh,27.0555_81.2283.png
uttar_pradesh,27.0555_81.3161.png
uttar_pradesh,27.0555_81.3249.png
uttar_pradesh,27.0555_81.3573.png
uttar_pradesh,27.0555_81.3661.png
uttar_pradesh,27.0555_81.7573.png
uttar_pradesh,27.0555_81.7661.png
uttar_pradesh,27.0555_82.1249.png
uttar_pradesh,27.0555_82.1283.png
uttar_pradesh,27.0555_82.3897.png
uttar_pradesh,27.0555_82.3985.png
uttar_pradesh,27.0555_82.4249.png
uttar_pradesh,27.0555_82.4283.png
uttar_pradesh,27.0555_82.4397.png
uttar_pradesh,27.0555_82.4485.png
uttar_pradesh,27.0643_78.8249.png
uttar_pradesh,27.0643_78.8283.png
uttar_pradesh,27.0643_79.8573.png
uttar_pradesh,27.0643_79.8661.png
uttar_pradesh,27.0643_81.3573.png
uttar_pradesh,27.0643_81.3661.png
uttar_pradesh,27.0643_81.7573.png
uttar_pradesh,27.0643_82.0161.png
uttar_pradesh,27.0643_82.0249.png
uttar_pradesh,27.0643_82.0283.png
uttar_pradesh,27.0643_82.3897.png
uttar_pradesh,27.0643_82.3985.png
uttar_pradesh,27.0643_82.4073.png
uttar_pradesh,27.0643_82.4161.png
uttar_pradesh,27.0643_82.4249.png
uttar_pradesh,27.0643_82.4283.png
uttar_pradesh,27.0757_79.0573.png
uttar_pradesh,27.0757_79.5783.png
uttar_pradesh,27.0757_79.5985.png
uttar_pradesh,27.0757_79.8161.png
uttar_pradesh,27.0757_80.1283.png
uttar_pradesh,27.0757_80.2249.png
uttar_pradesh,27.0757_80.2283.png
uttar_pradesh,27.0757_80.3073.png
uttar_pradesh,27.0757_80.3161.png
uttar_pradesh,27.0757_80.3573.png
uttar_pradesh,27.0757_80.3661.png
uttar_pradesh,27.0757_80.5249.png
uttar_pradesh,27.0757_80.5283.png
uttar_pradesh,27.0757_80.5397.png
uttar_pradesh,27.0757_80.6249.png
uttar_pradesh,27.0757_80.6283.png
uttar_pradesh,27.0757_81.3897.png
uttar_pradesh,27.0757_81.3985.png
uttar_pradesh,27.0757_82.0397.png
uttar_pradesh,27.0757_82.0485.png
uttar_pradesh,27.0757_82.4249.png
uttar_pradesh,27.0757_82.4283.png
uttar_pradesh,27.0791_78.8749.png
uttar_pradesh,27.0791_79.0573.png
uttar_pradesh,27.0791_79.1485.png
uttar_pradesh,27.0791_79.1573.png
uttar_pradesh,27.0791_79.5783.png
uttar_pradesh,27.0791_79.5985.png
uttar_pradesh,27.0791_79.7397.png
uttar_pradesh,27.0791_79.8161.png
uttar_pradesh,27.0791_80.1283.png
uttar_pradesh,27.0791_80.2249.png
uttar_pradesh,27.0791_80.2283.png
uttar_pradesh,27.0791_80.3073.png
uttar_pradesh,27.0791_80.3161.png
uttar_pradesh,27.0791_80.3573.png
uttar_pradesh,27.0791_80.3661.png
uttar_pradesh,27.0791_80.5161.png
uttar_pradesh,27.0791_80.5249.png
uttar_pradesh,27.0791_80.5283.png
uttar_pradesh,27.0791_81.0249.png
uttar_pradesh,27.0791_81.0283.png
uttar_pradesh,27.0791_81.3573.png
uttar_pradesh,27.0791_81.3661.png
uttar_pradesh,27.0791_81.3897.png
uttar_pradesh,27.0791_81.3985.png
uttar_pradesh,27.0791_81.9985.png
uttar_pradesh,27.0791_82.0283.png
uttar_pradesh,27.0791_82.0397.png
uttar_pradesh,27.0791_82.4249.png
uttar_pradesh,27.0791_82.4283.png
uttar_pradesh,27.0879_78.8249.png
uttar_pradesh,27.0879_78.8283.png
uttar_pradesh,27.0879_78.8661.png
uttar_pradesh,27.0879_78.8749.png
uttar_pradesh,27.0879_79.1485.png
uttar_pradesh,27.0879_79.1573.png
uttar_pradesh,27.0879_79.7485.png
uttar_pradesh,27.0879_79.7573.png
uttar_pradesh,27.0879_80.1750.png
uttar_pradesh,27.0879_80.1783.png
uttar_pradesh,27.0879_80.5073.png
uttar_pradesh,27.0879_80.5161.png
uttar_pradesh,27.0879_81.0249.png
uttar_pradesh,27.0879_81.0283.png
uttar_pradesh,27.0879_81.3985.png
uttar_pradesh,27.0879_81.9985.png
uttar_pradesh,27.0879_82.0161.png
uttar_pradesh,27.0879_82.0249.png
uttar_pradesh,27.0879_82.0283.png
uttar_pradesh,27.0879_82.2397.png
uttar_pradesh,27.0879_82.2661.png
uttar_pradesh,27.0879_82.2749.png
uttar_pradesh,27.0879_82.2783.png
uttar_pradesh,27.0967_78.7749.png
uttar_pradesh,27.0967_78.7783.png
uttar_pradesh,27.0967_78.8249.png
uttar_pradesh,27.0967_78.8283.png
uttar_pradesh,27.0967_79.2661.png
uttar_pradesh,27.0967_79.2749.png
uttar_pradesh,27.0967_79.2783.png
uttar_pradesh,27.0967_79.2897.png
uttar_pradesh,27.0967_79.5485.png
uttar_pradesh,27.0967_79.5573.png
uttar_pradesh,27.0967_79.7485.png
uttar_pradesh,27.0967_79.7573.png
uttar_pradesh,27.0967_79.7749.png
uttar_pradesh,27.0967_79.7783.png
uttar_pradesh,27.0967_80.1283.png
uttar_pradesh,27.0967_80.2073.png
uttar_pradesh,27.0967_80.4985.png
uttar_pradesh,27.0967_80.5073.png
uttar_pradesh,27.0967_80.5661.png
uttar_pradesh,27.0967_80.7573.png
uttar_pradesh,27.0967_81.0073.png
uttar_pradesh,27.0967_81.0161.png
uttar_pradesh,27.0967_81.1750.png
uttar_pradesh,27.0967_81.1783.png
uttar_pradesh,27.0967_81.9749.png
uttar_pradesh,27.0967_81.9783.png
uttar_pradesh,27.0967_82.2397.png
uttar_pradesh,27.0967_82.2661.png
uttar_pradesh,27.0967_82.2783.png
uttar_pradesh,27.1055_78.7897.png
uttar_pradesh,27.1055_79.2661.png
uttar_pradesh,27.1055_79.2749.png
uttar_pradesh,27.1055_79.2897.png
uttar_pradesh,27.1055_79.3397.png
uttar_pradesh,27.1055_79.4985.png
uttar_pradesh,27.1055_79.5073.png
uttar_pradesh,27.1055_79.7749.png
uttar_pradesh,27.1055_79.7783.png
uttar_pradesh,27.1055_80.1249.png
uttar_pradesh,27.1055_80.1283.png
uttar_pradesh,27.1055_80.2073.png
uttar_pradesh,27.1055_80.3073.png
uttar_pradesh,27.1055_80.5661.png
uttar_pradesh,27.1055_80.7161.png
uttar_pradesh,27.1055_80.7397.png
uttar_pradesh,27.1055_80.7485.png
uttar_pradesh,27.1055_80.7573.png
uttar_pradesh,27.1055_81.2249.png
uttar_pradesh,27.1055_81.2283.png
uttar_pradesh,27.1055_81.3249.png
uttar_pradesh,27.1055_81.3283.png
uttar_pradesh,27.1055_81.3749.png
uttar_pradesh,27.1055_81.3783.png
uttar_pradesh,27.1055_81.5573.png
uttar_pradesh,27.1055_81.5661.png
uttar_pradesh,27.1055_81.9573.png
uttar_pradesh,27.1055_81.9749.png
uttar_pradesh,27.1055_81.9783.png
uttar_pradesh,27.1055_82.2749.png
uttar_pradesh,27.1143_78.7897.png
uttar_pradesh,27.1143_78.7985.png
uttar_pradesh,27.1143_79.2783.png
uttar_pradesh,27.1143_79.2897.png
uttar_pradesh,27.1143_79.3397.png
uttar_pradesh,27.1143_79.3661.png
uttar_pradesh,27.1143_79.3749.png
uttar_pradesh,27.1143_79.7485.png
uttar_pradesh,27.1143_80.1161.png
uttar_pradesh,27.1143_80.1249.png
uttar_pradesh,27.1143_80.3073.png
uttar_pradesh,27.1143_80.5249.png
uttar_pradesh,27.1143_80.5283.png
uttar_pradesh,27.1143_80.7161.png
uttar_pradesh,27.1143_80.7397.png
uttar_pradesh,27.1143_80.7485.png
uttar_pradesh,27.1143_81.1750.png
uttar_pradesh,27.1143_81.1783.png
uttar_pradesh,27.1143_81.3249.png
uttar_pradesh,27.1143_81.3283.png
uttar_pradesh,27.1143_81.3573.png
uttar_pradesh,27.1143_81.3661.png
uttar_pradesh,27.1143_81.5573.png
uttar_pradesh,27.1143_81.5661.png
uttar_pradesh,27.1143_81.5749.png
uttar_pradesh,27.1143_81.7749.png
uttar_pradesh,27.1143_81.7783.png
uttar_pradesh,27.1143_81.8249.png
uttar_pradesh,27.1143_81.8283.png
uttar_pradesh,27.1143_81.9573.png
uttar_pradesh,27.1143_81.9783.png
uttar_pradesh,27.1143_81.9897.png
uttar_pradesh,27.1143_82.1249.png
uttar_pradesh,27.1143_82.1283.png
uttar_pradesh,27.1143_82.2749.png
uttar_pradesh,27.1258_78.8283.png
uttar_pradesh,27.1258_78.8485.png
uttar_pradesh,27.1258_79.5073.png
uttar_pradesh,27.1258_79.6661.png
uttar_pradesh,27.1258_79.6750.png
uttar_pradesh,27.1258_79.7249.png
uttar_pradesh,27.1258_79.7283.png
uttar_pradesh,27.1258_79.7397.png
uttar_pradesh,27.1258_79.7485.png
uttar_pradesh,27.1258_79.8897.png
uttar_pradesh,27.1258_79.8985.png
uttar_pradesh,27.1258_80.0397.png
uttar_pradesh,27.1258_80.0485.png
uttar_pradesh,27.1258_80.2573.png
uttar_pradesh,27.1258_80.7283.png
uttar_pradesh,27.1258_80.7397.png
uttar_pradesh,27.1258_80.7485.png
uttar_pradesh,27.1258_80.8573.png
uttar_pradesh,27.1258_80.8749.png
uttar_pradesh,27.1258_80.8783.png
uttar_pradesh,27.1258_80.9073.png
uttar_pradesh,27.1258_81.2073.png
uttar_pradesh,27.1258_81.2161.png
uttar_pradesh,27.1258_81.5661.png
uttar_pradesh,27.1258_81.7073.png
uttar_pradesh,27.1258_81.7161.png
uttar_pradesh,27.1258_81.7783.png
uttar_pradesh,27.1258_81.7897.png
uttar_pradesh,27.1258_82.0073.png
uttar_pradesh,27.1258_82.1574.png
uttar_pradesh,27.1291_78.8283.png
uttar_pradesh,27.1291_78.8485.png
uttar_pradesh,27.1291_79.5073.png
uttar_pradesh,27.1291_79.6661.png
uttar_pradesh,27.1291_79.6750.png
uttar_pradesh,27.1291_79.7249.png
uttar_pradesh,27.1291_79.7283.png
uttar_pradesh,27.1291_79.8897.png
uttar_pradesh,27.1291_79.8985.png
uttar_pradesh,27.1291_80.0485.png
uttar_pradesh,27.1291_80.1897.png
uttar_pradesh,27.1291_80.2573.png
uttar_pradesh,27.1291_80.7161.png
uttar_pradesh,27.1291_80.7249.png
uttar_pradesh,27.1291_80.7283.png
uttar_pradesh,27.1291_80.7397.png
uttar_pradesh,27.1291_80.7485.png
uttar_pradesh,27.1291_80.8573.png
uttar_pradesh,27.1291_80.9073.png
uttar_pradesh,27.1291_81.2073.png
uttar_pradesh,27.1291_81.2161.png
uttar_pradesh,27.1291_81.2249.png
uttar_pradesh,27.1291_81.2283.png
uttar_pradesh,27.1291_81.5485.png
uttar_pradesh,27.1291_81.5661.png
uttar_pradesh,27.1291_81.7073.png
uttar_pradesh,27.1291_81.7161.png
uttar_pradesh,27.1291_81.7249.png
uttar_pradesh,27.1291_81.7283.png
uttar_pradesh,27.1291_81.7783.png
uttar_pradesh,27.1291_81.7897.png
uttar_pradesh,27.1291_82.0073.png
uttar_pradesh,27.1291_82.1486.png
uttar_pradesh,27.1291_82.1574.png
uttar_pradesh,27.1379_78.8397.png
uttar_pradesh,27.1379_78.8485.png
uttar_pradesh,27.1379_79.2249.png
uttar_pradesh,27.1379_79.2283.png
uttar_pradesh,27.1379_79.3661.png
uttar_pradesh,27.1379_79.3749.png
uttar_pradesh,27.1379_79.5661.png
uttar_pradesh,27.1379_79.5749.png
uttar_pradesh,27.1379_79.5783.png
uttar_pradesh,27.1379_79.8897.png
uttar_pradesh,27.1379_80.1897.png
uttar_pradesh,27.1379_80.5985.png
uttar_pradesh,27.1379_80.6897.png
uttar_pradesh,27.1379_80.6985.png
uttar_pradesh,27.1379_80.7161.png
uttar_pradesh,27.1379_80.7249.png
uttar_pradesh,27.1379_80.7283.png
uttar_pradesh,27.1379_80.7397.png
uttar_pradesh,27.1379_80.8249.png
uttar_pradesh,27.1379_80.8283.png
uttar_pradesh,27.1379_80.8397.png
uttar_pradesh,27.1379_80.8485.png
uttar_pradesh,27.1379_81.2249.png
uttar_pradesh,27.1379_81.2283.png
uttar_pradesh,27.1379_81.3073.png
uttar_pradesh,27.1379_81.3397.png
uttar_pradesh,27.1379_81.5485.png
uttar_pradesh,27.1379_81.7749.png
uttar_pradesh,27.1379_81.7783.png
uttar_pradesh,27.1379_82.1486.png
uttar_pradesh,27.1379_82.2661.png
uttar_pradesh,27.1379_82.3485.png
uttar_pradesh,27.1379_82.3573.png
uttar_pradesh,27.1467_78.8397.png
uttar_pradesh,27.1467_79.5249.png
uttar_pradesh,27.1467_79.5283.png
uttar_pradesh,27.1467_79.7073.png
uttar_pradesh,27.1467_79.7161.png
uttar_pradesh,27.1467_80.5985.png
uttar_pradesh,27.1467_81.2897.png
uttar_pradesh,27.1467_81.2985.png
uttar_pradesh,27.1467_81.3073.png
uttar_pradesh,27.1467_81.3161.png
uttar_pradesh,27.1467_81.3249.png
uttar_pradesh,27.1467_81.3397.png
uttar_pradesh,27.1467_81.5397.png
uttar_pradesh,27.1467_81.6897.png
uttar_pradesh,27.1467_81.6985.png
uttar_pradesh,27.1467_81.7249.png
uttar_pradesh,27.1467_81.7283.png
uttar_pradesh,27.1467_82.2397.png
uttar_pradesh,27.1467_82.2661.png
uttar_pradesh,27.1467_82.3485.png
uttar_pradesh,27.1467_82.3573.png
uttar_pradesh,27.1555_79.4897.png
uttar_pradesh,27.1555_79.4985.png
uttar_pradesh,27.1555_80.7249.png
uttar_pradesh,27.1555_80.7283.png
uttar_pradesh,27.1555_81.5397.png
uttar_pradesh,27.1555_81.6897.png
uttar_pradesh,27.1555_81.6985.png
uttar_pradesh,27.1555_81.7249.png
uttar_pradesh,27.1555_81.7283.png
uttar_pradesh,27.1555_82.2397.png
uttar_pradesh,27.1555_82.3249.png
uttar_pradesh,27.1555_82.3283.png
uttar_pradesh,27.1555_82.4161.png
uttar_pradesh,27.1555_82.4249.png
uttar_pradesh,27.1555_82.4397.png
uttar_pradesh,27.1643_78.9073.png
uttar_pradesh,27.1643_78.9161.png
uttar_pradesh,27.1643_79.4749.png
uttar_pradesh,27.1643_79.4783.png
uttar_pradesh,27.1643_80.3485.png
uttar_pradesh,27.1643_80.3573.png
uttar_pradesh,27.1643_81.5485.png
uttar_pradesh,27.1643_81.5573.png
uttar_pradesh,27.1643_81.5985.png
uttar_pradesh,27.1643_81.6073.png
uttar_pradesh,27.1643_82.4397.png
uttar_pradesh,27.1757_78.9897.png
uttar_pradesh,27.1757_78.9985.png
uttar_pradesh,27.1757_79.6161.png
uttar_pradesh,27.1757_80.0573.png
uttar_pradesh,27.1757_80.3249.png
uttar_pradesh,27.1757_80.3283.png
uttar_pradesh,27.1757_80.3749.png
uttar_pradesh,27.1757_80.3783.png
uttar_pradesh,27.1757_80.6249.png
uttar_pradesh,27.1757_80.6283.png
uttar_pradesh,27.1757_80.8749.png
uttar_pradesh,27.1757_80.8783.png
uttar_pradesh,27.1757_81.2897.png
uttar_pradesh,27.1757_81.5485.png
uttar_pradesh,27.1757_81.5661.png
uttar_pradesh,27.1757_81.7073.png
uttar_pradesh,27.1757_81.7161.png
uttar_pradesh,27.1757_81.7249.png
uttar_pradesh,27.1757_81.7985.png
uttar_pradesh,27.1757_82.2073.png
uttar_pradesh,27.1757_82.2985.png
uttar_pradesh,27.1757_82.4073.png
uttar_pradesh,27.1757_82.4161.png
uttar_pradesh,27.1791_79.0661.png
uttar_pradesh,27.1791_79.4985.png
uttar_pradesh,27.1791_79.6161.png
uttar_pradesh,27.1791_80.0485.png
uttar_pradesh,27.1791_80.0573.png
uttar_pradesh,27.1791_80.3749.png
uttar_pradesh,27.1791_80.3783.png
uttar_pradesh,27.1791_80.4283.png
uttar_pradesh,27.1791_80.6249.png
uttar_pradesh,27.1791_80.6283.png
uttar_pradesh,27.1791_80.8749.png
uttar_pradesh,27.1791_80.8783.png
uttar_pradesh,27.1791_81.2897.png
uttar_pradesh,27.1791_81.2985.png
uttar_pradesh,27.1791_81.5485.png
uttar_pradesh,27.1791_81.5661.png
uttar_pradesh,27.1791_81.7073.png
uttar_pradesh,27.1791_81.7161.png
uttar_pradesh,27.1791_81.7985.png
uttar_pradesh,27.1791_81.9397.png
uttar_pradesh,27.1791_81.9485.png
uttar_pradesh,27.1791_82.1574.png
uttar_pradesh,27.1791_82.1662.png
uttar_pradesh,27.1791_82.2073.png
uttar_pradesh,27.1791_82.2985.png
uttar_pradesh,27.1791_82.3661.png
uttar_pradesh,27.1791_82.4073.png
uttar_pradesh,27.1791_82.4161.png
uttar_pradesh,27.1879_79.0661.png
uttar_pradesh,27.1879_79.3985.png
uttar_pradesh,27.1879_79.4073.png
uttar_pradesh,27.1879_79.4985.png
uttar_pradesh,27.1879_80.0485.png
uttar_pradesh,27.1879_80.2985.png
uttar_pradesh,27.1879_80.4283.png
uttar_pradesh,27.1879_80.8897.png
uttar_pradesh,27.1879_81.0485.png
uttar_pradesh,27.1879_81.0985.png
uttar_pradesh,27.1879_81.1073.png
uttar_pradesh,27.1879_81.2985.png
uttar_pradesh,27.1879_81.5661.png
uttar_pradesh,27.1879_81.9397.png
uttar_pradesh,27.1879_81.9485.png
uttar_pradesh,27.1879_81.9573.png
uttar_pradesh,27.1879_82.4073.png
uttar_pradesh,27.1967_78.8749.png
uttar_pradesh,27.1967_78.8783.png
uttar_pradesh,27.1967_78.9749.png
uttar_pradesh,27.1967_78.9783.png
uttar_pradesh,27.1967_79.3283.png
uttar_pradesh,27.1967_79.3397.png
uttar_pradesh,27.1967_79.5749.png
uttar_pradesh,27.1967_79.5783.png
uttar_pradesh,27.1967_80.2985.png
uttar_pradesh,27.1967_80.8249.png
uttar_pradesh,27.1967_80.8485.png
uttar_pradesh,27.1967_80.8897.png
uttar_pradesh,27.1967_81.0485.png
uttar_pradesh,27.1967_81.2985.png
uttar_pradesh,27.1967_81.5661.png
uttar_pradesh,27.1967_81.7249.png
uttar_pradesh,27.1967_81.7283.png
uttar_pradesh,27.1967_81.9074.png
uttar_pradesh,27.1967_81.9162.png
uttar_pradesh,27.1967_82.2985.png
uttar_pradesh,27.2055_79.0485.png
uttar_pradesh,27.2055_79.2985.png
uttar_pradesh,27.2055_79.3161.png
uttar_pradesh,27.2055_79.3397.png
uttar_pradesh,27.2055_79.5749.png
uttar_pradesh,27.2055_79.5783.png
uttar_pradesh,27.2055_80.5985.png
uttar_pradesh,27.2055_80.8249.png
uttar_pradesh,27.2055_81.0249.png
uttar_pradesh,27.2055_81.0283.png
uttar_pradesh,27.2055_81.5749.png
uttar_pradesh,27.2055_81.5783.png
uttar_pradesh,27.2055_81.6574.png
uttar_pradesh,27.2055_81.6662.png
uttar_pradesh,27.2055_81.8986.png
uttar_pradesh,27.2055_81.9074.png
uttar_pradesh,27.2055_82.1249.png
uttar_pradesh,27.2055_82.1283.png
uttar_pradesh,27.2055_82.2897.png
uttar_pradesh,27.2055_82.2985.png
uttar_pradesh,27.2143_78.8249.png
uttar_pradesh,27.2143_78.8283.png
uttar_pradesh,27.2143_79.0485.png
uttar_pradesh,27.2143_79.2985.png
uttar_pradesh,27.2143_79.3073.png
uttar_pradesh,27.2143_79.3161.png
uttar_pradesh,27.2143_80.0485.png
uttar_pradesh,27.2143_80.0573.png
uttar_pradesh,27.2143_80.2573.png
uttar_pradesh,27.2143_80.2661.png
uttar_pradesh,27.2143_80.2749.png
uttar_pradesh,27.2143_80.2783.png
uttar_pradesh,27.2143_80.5985.png
uttar_pradesh,27.2143_80.8397.png
uttar_pradesh,27.2143_80.9661.png
uttar_pradesh,27.2143_81.0249.png
uttar_pradesh,27.2143_81.0283.png
uttar_pradesh,27.2143_81.1249.png
uttar_pradesh,27.2143_81.1283.png
uttar_pradesh,27.2143_81.2249.png
uttar_pradesh,27.2143_81.2283.png
uttar_pradesh,27.2143_81.2573.png
uttar_pradesh,27.2143_81.2661.png
uttar_pradesh,27.2143_81.5397.png
uttar_pradesh,27.2143_81.5485.png
uttar_pradesh,27.2143_81.5661.png
uttar_pradesh,27.2143_81.6574.png
uttar_pradesh,27.2143_81.6662.png
uttar_pradesh,27.2143_81.6783.png
uttar_pradesh,27.2143_81.8986.png
uttar_pradesh,27.2143_81.9074.png
uttar_pradesh,27.2257_78.9661.png
uttar_pradesh,27.2257_79.1897.png
uttar_pradesh,27.2257_79.2573.png
uttar_pradesh,27.2257_79.2661.png
uttar_pradesh,27.2257_79.5161.png
uttar_pradesh,27.2257_79.5897.png
uttar_pradesh,27.2257_80.2073.png
uttar_pradesh,27.2257_80.2161.png
uttar_pradesh,27.2257_80.5397.png
uttar_pradesh,27.2257_80.5485.png
uttar_pradesh,27.2257_81.0985.png
uttar_pradesh,27.2257_81.1249.png
uttar_pradesh,27.2257_81.1283.png
uttar_pradesh,27.2257_81.8661.png
uttar_pradesh,27.2257_81.8749.png
uttar_pradesh,27.2257_81.8783.png
uttar_pradesh,27.2257_81.8897.png
uttar_pradesh,27.2257_81.9074.png
uttar_pradesh,27.2257_82.1161.png
uttar_pradesh,27.2257_82.1574.png
uttar_pradesh,27.2257_82.1985.png
uttar_pradesh,27.2257_82.2985.png
uttar_pradesh,27.2257_82.3073.png
uttar_pradesh,27.2257_82.3161.png
uttar_pradesh,27.2257_82.3249.png
uttar_pradesh,27.2257_82.3573.png
uttar_pradesh,27.2257_82.3897.png
uttar_pradesh,27.2257_82.4161.png
uttar_pradesh,27.2291_78.9661.png
uttar_pradesh,27.2291_79.0573.png
uttar_pradesh,27.2291_79.1897.png
uttar_pradesh,27.2291_79.2573.png
uttar_pradesh,27.2291_79.2661.png
uttar_pradesh,27.2291_79.4897.png
uttar_pradesh,27.2291_79.5161.png
uttar_pradesh,27.2291_79.5897.png
uttar_pradesh,27.2291_80.5397.png
uttar_pradesh,27.2291_80.5485.png
uttar_pradesh,27.2291_81.0985.png
uttar_pradesh,27.2291_81.1073.png
uttar_pradesh,27.2291_81.1249.png
uttar_pradesh,27.2291_81.1283.png
uttar_pradesh,27.2291_81.2397.png
uttar_pradesh,27.2291_81.8485.png
uttar_pradesh,27.2291_81.8661.png
uttar_pradesh,27.2291_81.8749.png
uttar_pradesh,27.2291_81.8783.png
uttar_pradesh,27.2291_81.9074.png
uttar_pradesh,27.2291_82.1161.png
uttar_pradesh,27.2291_82.1574.png
uttar_pradesh,27.2291_82.1985.png
uttar_pradesh,27.2291_82.2985.png
uttar_pradesh,27.2291_82.3073.png
uttar_pradesh,27.2291_82.3161.png
uttar_pradesh,27.2291_82.3249.png
uttar_pradesh,27.2291_82.3573.png
uttar_pradesh,27.2291_82.3897.png
uttar_pradesh,27.2291_82.4161.png
uttar_pradesh,27.2380_78.9573.png
uttar_pradesh,27.2380_78.9661.png
uttar_pradesh,27.2380_79.0573.png
uttar_pradesh,27.2380_79.1485.png
uttar_pradesh,27.2380_79.1573.png
uttar_pradesh,27.2380_79.2249.png
uttar_pradesh,27.2380_79.4897.png
uttar_pradesh,27.2380_79.5661.png
uttar_pradesh,27.2380_81.1073.png
uttar_pradesh,27.2380_81.1161.png
uttar_pradesh,27.2380_81.2397.png
uttar_pradesh,27.2380_81.5897.png
uttar_pradesh,27.2380_81.7897.png
uttar_pradesh,27.2380_81.7985.png
uttar_pradesh,27.2380_81.8073.png
uttar_pradesh,27.2380_82.1662.png
uttar_pradesh,27.2380_82.1750.png
uttar_pradesh,27.2380_82.2249.png
uttar_pradesh,27.2380_82.2283.png
uttar_pradesh,27.2380_82.3073.png
uttar_pradesh,27.2380_82.3161.png
uttar_pradesh,27.2468_78.9897.png
uttar_pradesh,27.2468_78.9985.png
uttar_pradesh,27.2468_79.0749.png
uttar_pradesh,27.2468_79.0783.png
uttar_pradesh,27.2468_79.1073.png
uttar_pradesh,27.2468_79.2249.png
uttar_pradesh,27.2468_79.2283.png
uttar_pradesh,27.2468_79.8249.png
uttar_pradesh,27.2468_79.8283.png
uttar_pradesh,27.2468_80.8161.png
uttar_pradesh,27.2468_81.0749.png
uttar_pradesh,27.2468_81.0783.png
uttar_pradesh,27.2468_81.2161.png
uttar_pradesh,27.2468_81.2249.png
uttar_pradesh,27.2468_81.2283.png
uttar_pradesh,27.2468_81.5897.png
uttar_pradesh,27.2468_81.7749.png
uttar_pradesh,27.2468_81.7783.png
uttar_pradesh,27.2468_81.7897.png
uttar_pradesh,27.2556_78.9783.png
uttar_pradesh,27.2556_79.0749.png
uttar_pradesh,27.2556_79.0783.png
uttar_pradesh,27.2556_79.1073.png
uttar_pradesh,27.2556_79.2073.png
uttar_pradesh,27.2556_79.2161.png
uttar_pradesh,27.2556_79.5485.png
uttar_pradesh,27.2556_79.5573.png
uttar_pradesh,27.2556_79.5749.png
uttar_pradesh,27.2556_79.5783.png
uttar_pradesh,27.2556_79.8161.png
uttar_pradesh,27.2556_80.4661.png
uttar_pradesh,27.2556_80.8161.png
uttar_pradesh,27.2556_81.1397.png
uttar_pradesh,27.2556_81.1485.png
uttar_pradesh,27.2556_81.2161.png
uttar_pradesh,27.2556_81.5985.png
uttar_pradesh,27.2556_81.6073.png
uttar_pradesh,27.2556_81.7897.png
uttar_pradesh,27.2556_82.2749.png
uttar_pradesh,27.2556_82.2783.png
uttar_pradesh,27.2644_78.9783.png
uttar_pradesh,27.2644_79.0249.png
uttar_pradesh,27.2644_79.0283.png
uttar_pradesh,27.2644_79.0749.png
uttar_pradesh,27.2644_79.0783.png
uttar_pradesh,27.2644_79.2073.png
uttar_pradesh,27.2644_79.2161.png
uttar_pradesh,27.2644_79.8073.png
uttar_pradesh,27.2644_79.8161.png
uttar_pradesh,27.2644_80.0749.png
uttar_pradesh,27.2644_80.0783.png
uttar_pradesh,27.2644_80.2249.png
uttar_pradesh,27.2644_80.2283.png
uttar_pradesh,27.2644_80.3397.png
uttar_pradesh,27.2644_80.3485.png
uttar_pradesh,27.2644_80.4661.png
uttar_pradesh,27.2644_81.5249.png
uttar_pradesh,27.2644_81.5283.png
uttar_pradesh,27.2644_81.5485.png
uttar_pradesh,27.2644_81.7897.png
uttar_pradesh,27.2644_81.8249.png
uttar_pradesh,27.2644_81.8283.png
uttar_pradesh,27.2758_79.4749.png
uttar_pradesh,27.2758_79.4783.png
uttar_pradesh,27.2758_79.5573.png
uttar_pradesh,27.2758_79.9397.png
uttar_pradesh,27.2758_79.9661.png
uttar_pradesh,27.2758_80.7749.png
uttar_pradesh,27.2758_80.7783.png
uttar_pradesh,27.2758_80.7897.png
uttar_pradesh,27.2758_80.8161.png
uttar_pradesh,27.2758_80.8249.png
uttar_pradesh,27.2758_80.8283.png
uttar_pradesh,27.2758_80.8485.png
uttar_pradesh,27.2758_80.8573.png
uttar_pradesh,27.2758_80.8783.png
uttar_pradesh,27.2758_80.8897.png
uttar_pradesh,27.2758_81.0573.png
uttar_pradesh,27.2758_81.1897.png
uttar_pradesh,27.2758_81.1985.png
uttar_pradesh,27.2758_81.9250.png
uttar_pradesh,27.2758_81.9283.png
uttar_pradesh,27.2758_82.1249.png
uttar_pradesh,27.2758_82.1283.png
uttar_pradesh,27.2758_82.2573.png
uttar_pradesh,27.2758_82.2661.png
uttar_pradesh,27.2758_82.2749.png
uttar_pradesh,27.2758_82.2783.png
uttar_pradesh,27.2791_78.8397.png
uttar_pradesh,27.2791_79.0985.png
uttar_pradesh,27.2791_79.4749.png
uttar_pradesh,27.2791_79.4783.png
uttar_pradesh,27.2791_79.5573.png
uttar_pradesh,27.2791_79.9397.png
uttar_pradesh,27.2791_79.9661.png
uttar_pradesh,27.2791_80.7749.png
uttar_pradesh,27.2791_80.7783.png
uttar_pradesh,27.2791_80.7897.png
uttar_pradesh,27.2791_80.8161.png
uttar_pradesh,27.2791_80.8249.png
uttar_pradesh,27.2791_80.8283.png
uttar_pradesh,27.2791_80.8485.png
uttar_pradesh,27.2791_80.8573.png
uttar_pradesh,27.2791_80.8783.png
uttar_pradesh,27.2791_80.8897.png
uttar_pradesh,27.2791_81.0573.png
uttar_pradesh,27.2791_81.1897.png
uttar_pradesh,27.2791_81.1985.png
uttar_pradesh,27.2791_81.5283.png
uttar_pradesh,27.2791_81.9250.png
uttar_pradesh,27.2791_81.9283.png
uttar_pradesh,27.2791_82.1249.png
uttar_pradesh,27.2791_82.1283.png
uttar_pradesh,27.2791_82.2485.png
uttar_pradesh,27.2791_82.2573.png
uttar_pradesh,27.2791_82.2661.png
uttar_pradesh,27.2879_78.8397.png
uttar_pradesh,27.2879_78.9397.png
uttar_pradesh,27.2879_78.9485.png
uttar_pradesh,27.2879_79.0985.png
uttar_pradesh,27.2879_79.2573.png
uttar_pradesh,27.2879_79.2661.png
uttar_pradesh,27.2879_79.3073.png
uttar_pradesh,27.2879_79.3161.png
uttar_pradesh,27.2879_79.4161.png
uttar_pradesh,27.2879_79.9661.png
uttar_pradesh,27.2879_79.9749.png
uttar_pradesh,27.2879_79.9783.png
uttar_pradesh,27.2879_80.0749.png
uttar_pradesh,27.2879_80.0783.png
uttar_pradesh,27.2879_80.0985.png
uttar_pradesh,27.2879_80.3749.png
uttar_pradesh,27.2879_80.3783.png
uttar_pradesh,27.2879_80.6073.png
uttar_pradesh,27.2879_80.6161.png
uttar_pradesh,27.2879_80.8749.png
uttar_pradesh,27.2879_80.8783.png
uttar_pradesh,27.2879_80.8897.png
uttar_pradesh,27.2879_81.0397.png
uttar_pradesh,27.2879_81.0573.png
uttar_pradesh,27.2879_81.0661.png
uttar_pradesh,27.2879_81.0897.png
uttar_pradesh,27.2879_81.1662.png
uttar_pradesh,27.2879_81.1750.png
uttar_pradesh,27.2879_81.1783.png
uttar_pradesh,27.2879_81.1897.png
uttar_pradesh,27.2879_81.5283.png
uttar_pradesh,27.2879_81.8397.png
uttar_pradesh,27.2879_81.8485.png
uttar_pradesh,27.2879_82.0485.png
uttar_pradesh,27.2879_82.0573.png
uttar_pradesh,27.2879_82.2485.png
uttar_pradesh,27.2967_79.1249.png
uttar_pradesh,27.2967_79.1283.png
uttar_pradesh,27.2967_79.4161.png
uttar_pradesh,27.2967_79.9073.png
uttar_pradesh,27.2967_79.9161.png
uttar_pradesh,27.2967_80.3161.png
uttar_pradesh,27.2967_81.0397.png
uttar_pradesh,27.2967_81.0897.png
uttar_pradesh,27.2967_81.1750.png
uttar_pradesh,27.2967_81.1783.png
uttar_pradesh,27.2967_82.1073.png
uttar_pradesh,27.3055_78.8661.png
uttar_pradesh,27.3055_79.0397.png
uttar_pradesh,27.3055_79.0485.png
uttar_pradesh,27.3055_79.8161.png
uttar_pradesh,27.3055_79.8249.png
uttar_pradesh,27.3055_79.8283.png
uttar_pradesh,27.3055_79.8749.png
uttar_pradesh,27.3055_79.8783.png
uttar_pradesh,27.3055_80.1897.png
uttar_pradesh,27.3055_80.1985.png
uttar_pradesh,27.3055_80.3161.png
uttar_pradesh,27.3055_80.6662.png
uttar_pradesh,27.3055_80.6750.png
uttar_pradesh,27.3055_80.7661.png
uttar_pradesh,27.3055_80.7749.png
uttar_pradesh,27.3055_81.1750.png
uttar_pradesh,27.3055_81.1783.png
uttar_pradesh,27.3055_82.1073.png
uttar_pradesh,27.3055_82.2573.png
uttar_pradesh,27.3055_82.2661.png
uttar_pradesh,27.3055_82.3749.png
uttar_pradesh,27.3055_82.3783.png
uttar_pradesh,27.3143_78.8661.png
uttar_pradesh,27.3143_79.1661.png
uttar_pradesh,27.3143_79.1749.png
uttar_pradesh,27.3143_79.2249.png
uttar_pradesh,27.3143_79.2283.png
uttar_pradesh,27.3143_79.8161.png
uttar_pradesh,27.3143_79.8249.png
uttar_pradesh,27.3143_79.8749.png
uttar_pradesh,27.3143_79.8783.png
uttar_pradesh,27.3143_80.4073.png
uttar_pradesh,27.3143_80.4162.png
uttar_pradesh,27.3143_80.6161.png
uttar_pradesh,27.3143_80.6249.png
uttar_pradesh,27.3143_80.6662.png
uttar_pradesh,27.3143_80.6750.png
uttar_pradesh,27.3143_80.6985.png
uttar_pradesh,27.3143_80.7073.png
uttar_pradesh,27.3143_80.7661.png
uttar_pradesh,27.3143_80.7749.png
uttar_pradesh,27.3143_81.1750.png
uttar_pradesh,27.3143_81.1783.png
uttar_pradesh,27.3143_82.2249.png
uttar_pradesh,27.3143_82.2283.png
uttar_pradesh,27.3143_82.2749.png
uttar_pradesh,27.3143_82.2783.png
uttar_pradesh,27.3143_82.3749.png
uttar_pradesh,27.3143_82.3783.png
uttar_pradesh,27.3257_78.8897.png
uttar_pradesh,27.3257_78.9249.png
uttar_pradesh,27.3257_78.9283.png
uttar_pradesh,27.3257_79.0485.png
uttar_pradesh,27.3257_79.1249.png
uttar_pradesh,27.3257_79.1283.png
uttar_pradesh,27.3257_79.1573.png
uttar_pradesh,27.3257_79.1661.png
uttar_pradesh,27.3257_79.1749.png
uttar_pradesh,27.3257_79.1783.png
uttar_pradesh,27.3257_80.0161.png
uttar_pradesh,27.3257_80.0249.png
uttar_pradesh,27.3257_80.1161.png
uttar_pradesh,27.3257_80.1897.png
uttar_pradesh,27.3257_80.2283.png
uttar_pradesh,27.3257_80.2397.png
uttar_pradesh,27.3257_80.7249.png
uttar_pradesh,27.3257_80.7283.png
uttar_pradesh,27.3257_80.7397.png
uttar_pradesh,27.3257_80.7485.png
uttar_pradesh,27.3257_80.9661.png
uttar_pradesh,27.3257_80.9749.png
uttar_pradesh,27.3257_80.9783.png
uttar_pradesh,27.3257_81.7985.png
uttar_pradesh,27.3257_81.8073.png
uttar_pradesh,27.3257_81.9897.png
uttar_pradesh,27.3257_82.3985.png
uttar_pradesh,27.3291_78.8897.png
uttar_pradesh,27.3291_78.9161.png
uttar_pradesh,27.3291_78.9249.png
uttar_pradesh,27.3291_78.9283.png
uttar_pradesh,27.3291_79.0485.png
uttar_pradesh,27.3291_79.1573.png
uttar_pradesh,27.3291_79.1661.png
uttar_pradesh,27.3291_79.1749.png
uttar_pradesh,27.3291_79.1783.png
uttar_pradesh,27.3291_79.3249.png
uttar_pradesh,27.3291_79.3283.png
uttar_pradesh,27.3291_79.5073.png
uttar_pradesh,27.3291_79.5161.png
uttar_pradesh,27.3291_80.0161.png
uttar_pradesh,27.3291_80.0249.png
uttar_pradesh,27.3291_80.1161.png
uttar_pradesh,27.3291_80.1897.png
uttar_pradesh,27.3291_80.2283.png
uttar_pradesh,27.3291_80.2397.png
uttar_pradesh,27.3291_80.7249.png
uttar_pradesh,27.3291_80.7283.png
uttar_pradesh,27.3291_80.7397.png
uttar_pradesh,27.3291_80.7485.png
uttar_pradesh,27.3291_80.8661.png
uttar_pradesh,27.3291_80.9661.png
uttar_pradesh,27.3291_80.9749.png
uttar_pradesh,27.3291_80.9783.png
uttar_pradesh,27.3291_81.7985.png
uttar_pradesh,27.3291_81.8073.png
uttar_pradesh,27.3291_81.9897.png
uttar_pradesh,27.3291_82.3985.png
uttar_pradesh,27.3379_78.8985.png
uttar_pradesh,27.3379_79.0161.png
uttar_pradesh,27.3379_79.0249.png
uttar_pradesh,27.3379_79.0485.png
uttar_pradesh,27.3379_79.1749.png
uttar_pradesh,27.3379_79.1783.png
uttar_pradesh,27.3379_79.3249.png
uttar_pradesh,27.3379_79.3283.png
uttar_pradesh,27.3379_79.3573.png
uttar_pradesh,27.3379_79.3661.png
uttar_pradesh,27.3379_79.5073.png
uttar_pradesh,27.3379_79.5161.png
uttar_pradesh,27.3379_79.6161.png
uttar_pradesh,27.3379_79.8573.png
uttar_pradesh,27.3379_80.1073.png
uttar_pradesh,27.3379_80.1573.png
uttar_pradesh,27.3379_80.1750.png
uttar_pradesh,27.3379_80.1783.png
uttar_pradesh,27.3379_80.8661.png
uttar_pradesh,27.3379_82.0661.png
uttar_pradesh,27.3467_78.8073.png
uttar_pradesh,27.3467_78.8985.png
uttar_pradesh,27.3467_79.0485.png
uttar_pradesh,27.3467_79.3249.png
uttar_pradesh,27.3467_79.3283.png
uttar_pradesh,27.3467_79.3573.png
uttar_pradesh,27.3467_79.3661.png
uttar_pradesh,27.3467_79.5073.png
uttar_pradesh,27.3467_79.5161.png
uttar_pradesh,27.3467_79.6161.png
uttar_pradesh,27.3467_79.6249.png
uttar_pradesh,27.3467_79.7749.png
uttar_pradesh,27.3467_79.7783.png
uttar_pradesh,27.3467_79.8573.png
uttar_pradesh,27.3467_80.1073.png
uttar_pradesh,27.3467_80.1161.png
uttar_pradesh,27.3467_80.1485.png
uttar_pradesh,27.3467_80.1573.png
uttar_pradesh,27.3467_80.1750.png
uttar_pradesh,27.3467_80.1783.png
uttar_pradesh,27.3467_80.2283.png
uttar_pradesh,27.3467_80.8661.png
uttar_pradesh,27.3467_80.8749.png
uttar_pradesh,27.3467_81.0161.png
uttar_pradesh,27.3467_81.0897.png
uttar_pradesh,27.3467_81.0985.png
uttar_pradesh,27.3467_81.4783.png
uttar_pradesh,27.3467_81.7749.png
uttar_pradesh,27.3467_81.7783.png
uttar_pradesh,27.3467_81.7897.png
uttar_pradesh,27.3467_81.7985.png
uttar_pradesh,27.3467_82.0661.png
uttar_pradesh,27.3555_78.8073.png
uttar_pradesh,27.3555_79.2749.png
uttar_pradesh,27.3555_79.2783.png
uttar_pradesh,27.3555_79.5161.png
uttar_pradesh,27.3555_79.5749.png
uttar_pradesh,27.3555_79.5783.png
uttar_pradesh,27.3555_79.6073.png
uttar_pradesh,27.3555_79.6161.png
uttar_pradesh,27.3555_79.8573.png
uttar_pradesh,27.3555_79.8661.png
uttar_pradesh,27.3555_80.1662.png
uttar_pradesh,27.3555_80.1750.png
uttar_pradesh,27.3555_80.1783.png
uttar_pradesh,27.3555_80.2283.png
uttar_pradesh,27.3555_80.2573.png
uttar_pradesh,27.3555_80.2661.png
uttar_pradesh,27.3555_80.5897.png
uttar_pradesh,27.3555_80.8661.png
uttar_pradesh,27.3555_80.8749.png
uttar_pradesh,27.3555_81.0161.png
uttar_pradesh,27.3555_81.0249.png
uttar_pradesh,27.3555_81.0985.png
uttar_pradesh,27.3555_81.4783.png
uttar_pradesh,27.3555_81.7749.png
uttar_pradesh,27.3555_81.7783.png
uttar_pradesh,27.3555_81.9897.png
uttar_pradesh,27.3555_81.9985.png
uttar_pradesh,27.3643_79.0749.png
uttar_pradesh,27.3643_79.0783.png
uttar_pradesh,27.3643_79.5749.png
uttar_pradesh,27.3643_79.5783.png
uttar_pradesh,27.3643_79.5897.png
uttar_pradesh,27.3643_80.1397.png
uttar_pradesh,27.3643_80.1485.png
uttar_pradesh,27.3643_80.1750.png
uttar_pradesh,27.3643_80.1783.png
uttar_pradesh,27.3643_80.5897.png
uttar_pradesh,27.3643_81.0749.png
uttar_pradesh,27.3643_81.0783.png
uttar_pradesh,27.3643_81.7749.png
uttar_pradesh,27.3643_81.7783.png
uttar_pradesh,27.3643_81.8249.png
uttar_pradesh,27.3643_81.8283.png
uttar_pradesh,27.3643_81.9749.png
uttar_pradesh,27.3643_81.9783.png
uttar_pradesh,27.3758_78.7985.png
uttar_pradesh,27.3758_79.2661.png
uttar_pradesh,27.3758_79.3161.png
uttar_pradesh,27.3758_79.5661.png
uttar_pradesh,27.3758_79.6161.png
uttar_pradesh,27.3758_80.1283.png
uttar_pradesh,27.3758_80.1397.png
uttar_pradesh,27.3758_80.1485.png
uttar_pradesh,27.3758_80.3749.png
uttar_pradesh,27.3758_80.3783.png
uttar_pradesh,27.3758_80.6662.png
uttar_pradesh,27.3758_80.9573.png
uttar_pradesh,27.3758_81.0661.png
uttar_pradesh,27.3758_81.0749.png
uttar_pradesh,27.3758_81.8073.png
uttar_pradesh,27.3791_78.7985.png
uttar_pradesh,27.3791_79.2661.png
uttar_pradesh,27.3791_79.3161.png
uttar_pradesh,27.3791_79.4250.png
uttar_pradesh,27.3791_79.4283.png
uttar_pradesh,27.3791_79.5573.png
uttar_pradesh,27.3791_79.5661.png
uttar_pradesh,27.3791_79.6073.png
uttar_pradesh,27.3791_79.6161.png
uttar_pradesh,27.3791_80.1249.png
uttar_pradesh,27.3791_80.1283.png
uttar_pradesh,27.3791_80.1397.png
uttar_pradesh,27.3791_80.1485.png
uttar_pradesh,27.3791_80.3749.png
uttar_pradesh,27.3791_80.3783.png
uttar_pradesh,27.3791_80.5661.png
uttar_pradesh,27.3791_80.5749.png
uttar_pradesh,27.3791_80.6662.png
uttar_pradesh,27.3791_80.9573.png
uttar_pradesh,27.3791_81.8073.png
uttar_pradesh,27.3879_79.4250.png
uttar_pradesh,27.3879_79.4283.png
uttar_pradesh,27.3879_79.5573.png
uttar_pradesh,27.3879_79.5661.png
uttar_pradesh,27.3879_79.5985.png
uttar_pradesh,27.3879_79.6073.png
uttar_pradesh,27.3879_79.6161.png
uttar_pradesh,27.3879_80.9661.png
uttar_pradesh,27.3879_80.9749.png
uttar_pradesh,27.3879_81.9250.png
uttar_pradesh,27.3879_81.9283.png
uttar_pradesh,27.3879_81.9573.png
uttar_pradesh,27.3879_81.9661.png
uttar_pradesh,27.3879_82.2749.png
uttar_pradesh,27.3879_82.2783.png
uttar_pradesh,27.3967_79.0249.png
uttar_pradesh,27.3967_79.0283.png
uttar_pradesh,27.3967_79.5985.png
uttar_pradesh,27.3967_79.9985.png
uttar_pradesh,27.3967_80.0073.png
uttar_pradesh,27.3967_80.2573.png
uttar_pradesh,27.3967_80.2661.png
uttar_pradesh,27.3967_80.6485.png
uttar_pradesh,27.3967_80.6573.png
uttar_pradesh,27.3967_80.7985.png
uttar_pradesh,27.3967_80.9661.png
uttar_pradesh,27.3967_80.9749.png
uttar_pradesh,27.3967_81.9485.png
uttar_pradesh,27.3967_81.9573.png
uttar_pradesh,27.3967_82.1574.png
uttar_pradesh,27.3967_82.1662.png
uttar_pradesh,27.3967_82.1783.png
uttar_pradesh,27.3967_82.1897.png
uttar_pradesh,27.3967_82.2985.png
uttar_pradesh,27.4055_78.9749.png
uttar_pradesh,27.4055_79.1073.png
uttar_pradesh,27.4055_79.1161.png
uttar_pradesh,27.4055_80.2573.png
uttar_pradesh,27.4055_80.2661.png
uttar_pradesh,27.4055_80.6485.png
uttar_pradesh,27.4055_80.6573.png
uttar_pradesh,27.4055_80.7985.png
uttar_pradesh,27.4055_80.9749.png
uttar_pradesh,27.4055_81.8073.png
uttar_pradesh,27.4055_81.8161.png
uttar_pradesh,27.4055_81.9250.png
uttar_pradesh,27.4055_81.9283.png
uttar_pradesh,27.4055_82.0249.png
uttar_pradesh,27.4055_82.0283.png
uttar_pradesh,27.4055_82.1783.png
uttar_pradesh,27.4055_82.1897.png
uttar_pradesh,27.4055_82.2985.png
uttar_pradesh,27.4143_78.9749.png
uttar_pradesh,27.4143_78.9783.png
uttar_pradesh,27.4143_78.9897.png
uttar_pradesh,27.4143_79.0249.png
uttar_pradesh,27.4143_79.0283.png
uttar_pradesh,27.4143_79.1573.png
uttar_pradesh,27.4143_79.1661.png
uttar_pradesh,27.4143_81.7749.png
uttar_pradesh,27.4143_81.7783.png
uttar_pradesh,27.4257_78.9249.png
uttar_pradesh,27.4257_78.9283.png
uttar_pradesh,27.4257_79.2161.png
uttar_pradesh,27.4257_79.4573.png
uttar_pradesh,27.4257_79.4749.png
uttar_pradesh,27.4257_79.4783.png
uttar_pradesh,27.4257_79.6783.png
uttar_pradesh,27.4257_79.7749.png
uttar_pradesh,27.4257_79.7783.png
uttar_pradesh,27.4257_79.7897.png
uttar_pradesh,27.4257_79.8573.png
uttar_pradesh,27.4257_79.8661.png
uttar_pradesh,27.4257_80.1249.png
uttar_pradesh,27.4257_80.1283.png
uttar_pradesh,27.4257_80.5573.png
uttar_pradesh,27.4257_80.6485.png
uttar_pradesh,27.4257_80.9749.png
uttar_pradesh,27.4257_80.9783.png
uttar_pradesh,27.4257_81.8249.png
uttar_pradesh,27.4257_81.8283.png
uttar_pradesh,27.4257_81.9573.png
uttar_pradesh,27.4257_81.9661.png
uttar_pradesh,27.4257_82.3485.png
uttar_pradesh,27.4291_79.2161.png
uttar_pradesh,27.4291_79.2897.png
uttar_pradesh,27.4291_79.3897.png
uttar_pradesh,27.4291_79.4573.png
uttar_pradesh,27.4291_79.6783.png
uttar_pradesh,27.4291_79.7749.png
uttar_pradesh,27.4291_79.7783.png
uttar_pradesh,27.4291_79.7897.png
uttar_pradesh,27.4291_79.8573.png
uttar_pradesh,27.4291_79.8661.png
uttar_pradesh,27.4291_79.8749.png
uttar_pradesh,27.4291_79.8783.png
uttar_pradesh,27.4291_79.9897.png
uttar_pradesh,27.4291_80.1249.png
uttar_pradesh,27.4291_80.1283.png
uttar_pradesh,27.4291_80.5573.png
uttar_pradesh,27.4291_80.6485.png
uttar_pradesh,27.4291_80.9749.png
uttar_pradesh,27.4291_80.9783.png
uttar_pradesh,27.4291_81.9250.png
uttar_pradesh,27.4291_81.9283.png
uttar_pradesh,27.4291_81.9573.png
uttar_pradesh,27.4291_81.9661.png
uttar_pradesh,27.4291_82.3485.png
uttar_pradesh,27.4379_78.9661.png
uttar_pradesh,27.4379_79.2897.png
uttar_pradesh,27.4379_79.3897.png
uttar_pradesh,27.4379_79.4897.png
uttar_pradesh,27.4379_79.4985.png
uttar_pradesh,27.4379_79.8749.png
uttar_pradesh,27.4379_79.8783.png
uttar_pradesh,27.4379_79.9897.png
uttar_pradesh,27.4379_80.0485.png
uttar_pradesh,27.4379_80.1073.png
uttar_pradesh,27.4379_80.1161.png
uttar_pradesh,27.4379_80.1249.png
uttar_pradesh,27.4379_80.1283.png
uttar_pradesh,27.4379_80.2573.png
uttar_pradesh,27.4379_80.2661.png
uttar_pradesh,27.4379_80.2749.png
uttar_pradesh,27.4379_80.2897.png
uttar_pradesh,27.4379_80.3073.png
uttar_pradesh,27.4379_80.3161.png
uttar_pradesh,27.4379_80.4573.png
uttar_pradesh,27.4379_81.1397.png
uttar_pradesh,27.4379_81.1485.png
uttar_pradesh,27.4467_78.9661.png
uttar_pradesh,27.4467_79.3573.png
uttar_pradesh,27.4467_79.3661.png
uttar_pradesh,27.4467_79.8573.png
uttar_pradesh,27.4467_79.8661.png
uttar_pradesh,27.4467_80.0485.png
uttar_pradesh,27.4467_80.0573.png
uttar_pradesh,27.4467_80.1073.png
uttar_pradesh,27.4467_80.1161.png
uttar_pradesh,27.4467_80.1750.png
uttar_pradesh,27.4467_80.1783.png
uttar_pradesh,27.4467_80.2897.png
uttar_pradesh,27.4467_80.4573.png
uttar_pradesh,27.4467_80.5283.png
uttar_pradesh,27.4467_81.1397.png
uttar_pradesh,27.4467_81.6897.png
uttar_pradesh,27.4467_81.6985.png
uttar_pradesh,27.4467_81.7073.png
uttar_pradesh,27.4555_78.8749.png
uttar_pradesh,27.4555_78.8783.png
uttar_pradesh,27.4555_79.1661.png
uttar_pradesh,27.4555_79.6750.png
uttar_pradesh,27.4555_79.6783.png
uttar_pradesh,27.4555_79.9749.png
uttar_pradesh,27.4555_79.9783.png
uttar_pradesh,27.4555_80.5283.png
uttar_pradesh,27.4555_80.5573.png
uttar_pradesh,27.4555_80.8397.png
uttar_pradesh,27.4555_80.8485.png
uttar_pradesh,27.4555_81.6897.png
uttar_pradesh,27.4643_78.8749.png
uttar_pradesh,27.4643_78.8783.png
uttar_pradesh,27.4643_79.2573.png
uttar_pradesh,27.4643_79.8397.png
uttar_pradesh,27.4643_79.8485.png
uttar_pradesh,27.4643_79.9749.png
uttar_pradesh,27.4643_79.9783.png
uttar_pradesh,27.4643_82.2749.png
uttar_pradesh,27.4643_82.2783.png
uttar_pradesh,27.4757_78.8661.png
uttar_pradesh,27.4757_78.9897.png
uttar_pradesh,27.4757_79.6661.png
uttar_pradesh,27.4757_80.1073.png
uttar_pradesh,27.4757_80.1161.png
uttar_pradesh,27.4757_80.1485.png
uttar_pradesh,27.4757_80.9749.png
uttar_pradesh,27.4757_80.9897.png
uttar_pradesh,27.4757_81.0073.png
uttar_pradesh,27.4757_81.7397.png
uttar_pradesh,27.4757_81.7573.png
uttar_pradesh,27.4757_82.0073.png
uttar_pradesh,27.4757_82.0161.png
uttar_pradesh,27.4792_78.8661.png
uttar_pradesh,27.4792_78.9897.png
uttar_pradesh,27.4792_79.3249.png
uttar_pradesh,27.4792_79.3283.png
uttar_pradesh,27.4792_79.4985.png
uttar_pradesh,27.4792_79.6661.png
uttar_pradesh,27.4792_79.9749.png
uttar_pradesh,27.4792_79.9783.png
uttar_pradesh,27.4792_80.1073.png
uttar_pradesh,27.4792_80.1161.png
uttar_pradesh,27.4792_80.1485.png
uttar_pradesh,27.4792_80.9749.png
uttar_pradesh,27.4792_80.9897.png
uttar_pradesh,27.4792_81.0073.png
uttar_pradesh,27.4792_81.0249.png
uttar_pradesh,27.4792_81.0283.png
uttar_pradesh,27.4792_81.7397.png
uttar_pradesh,27.4792_81.7573.png
uttar_pradesh,27.4792_82.0073.png
uttar_pradesh,27.4792_82.0161.png
uttar_pradesh,27.4880_79.1485.png
uttar_pradesh,27.4880_79.1573.png
uttar_pradesh,27.4880_79.2749.png
uttar_pradesh,27.4880_79.2783.png
uttar_pradesh,27.4880_79.3161.png
uttar_pradesh,27.4880_79.3249.png
uttar_pradesh,27.4880_79.3283.png
uttar_pradesh,27.4880_79.4897.png
uttar_pradesh,27.4880_79.4985.png
uttar_pradesh,27.4880_79.6283.png
uttar_pradesh,27.4880_79.9661.png
uttar_pradesh,27.4880_79.9749.png
uttar_pradesh,27.4880_79.9783.png
uttar_pradesh,27.4880_80.0397.png
uttar_pradesh,27.4880_80.0485.png
uttar_pradesh,27.4880_80.1397.png
uttar_pradesh,27.4880_80.1485.png
uttar_pradesh,27.4880_80.2485.png
uttar_pradesh,27.4880_80.2573.png
uttar_pradesh,27.4880_80.2661.png
uttar_pradesh,27.4880_80.5573.png
uttar_pradesh,27.4880_80.9897.png
uttar_pradesh,27.4880_81.0073.png
uttar_pradesh,27.4880_81.0249.png
uttar_pradesh,27.4880_81.0283.png
uttar_pradesh,27.4880_81.7573.png
uttar_pradesh,27.4880_82.0897.png
uttar_pradesh,27.4880_82.1073.png
uttar_pradesh,27.4880_82.2161.png
uttar_pradesh,27.4880_82.2249.png
uttar_pradesh,27.4968_78.9283.png
uttar_pradesh,27.4968_79.2749.png
uttar_pradesh,27.4968_79.2783.png
uttar_pradesh,27.4968_79.4897.png
uttar_pradesh,27.4968_79.4985.png
uttar_pradesh,27.4968_79.8249.png
uttar_pradesh,27.4968_79.8283.png
uttar_pradesh,27.4968_80.0397.png
uttar_pradesh,27.4968_80.0485.png
uttar_pradesh,27.4968_80.5573.png
uttar_pradesh,27.4968_80.9661.png
uttar_pradesh,27.4968_80.9749.png
uttar_pradesh,27.4968_80.9783.png
uttar_pradesh,27.4968_80.9897.png
uttar_pradesh,27.4968_81.7573.png
uttar_pradesh,27.4968_81.9897.png
uttar_pradesh,27.5056_78.8749.png
uttar_pradesh,27.5056_78.8783.png
uttar_pradesh,27.5056_78.9249.png
uttar_pradesh,27.5056_78.9283.png
uttar_pradesh,27.5056_79.2249.png
uttar_pradesh,27.5056_79.2283.png
uttar_pradesh,27.5056_79.4897.png
uttar_pradesh,27.5056_79.7249.png
uttar_pradesh,27.5056_79.7283.png
uttar_pradesh,27.5056_79.8249.png
uttar_pradesh,27.5056_79.8283.png
uttar_pradesh,27.5056_80.0249.png
uttar_pradesh,27.5056_80.0283.png
uttar_pradesh,27.5056_80.9661.png
uttar_pradesh,27.5056_80.9749.png
uttar_pradesh,27.5056_80.9783.png
uttar_pradesh,27.5056_80.9897.png
uttar_pradesh,27.5056_81.7249.png
uttar_pradesh,27.5056_81.7283.png
uttar_pradesh,27.5056_81.9783.png
uttar_pradesh,27.5056_81.9897.png
uttar_pradesh,27.5144_78.8749.png
uttar_pradesh,27.5144_78.8783.png
uttar_pradesh,27.5144_78.9249.png
uttar_pradesh,27.5144_78.9283.png
uttar_pradesh,27.5144_79.2249.png
uttar_pradesh,27.5144_79.2283.png
uttar_pradesh,27.5144_79.8249.png
uttar_pradesh,27.5144_79.8283.png
uttar_pradesh,27.5144_80.0661.png
uttar_pradesh,27.5144_80.0749.png
uttar_pradesh,27.5144_80.2749.png
uttar_pradesh,27.5144_80.2783.png
uttar_pradesh,27.5144_80.4250.png
uttar_pradesh,27.5144_80.4283.png
uttar_pradesh,27.5144_80.5749.png
uttar_pradesh,27.5144_80.5783.png
uttar_pradesh,27.5144_80.6397.png
uttar_pradesh,27.5144_80.6485.png
uttar_pradesh,27.5144_80.9783.png
uttar_pradesh,27.5144_80.9897.png
uttar_pradesh,27.5144_81.6750.png
uttar_pradesh,27.5144_81.6783.png
uttar_pradesh,27.5144_81.7249.png
uttar_pradesh,27.5144_81.7283.png
uttar_pradesh,27.5144_81.9250.png
uttar_pradesh,27.5144_81.9283.png
uttar_pradesh,27.5258_78.9783.png
uttar_pradesh,27.5258_79.1897.png
uttar_pradesh,27.5258_79.2249.png
uttar_pradesh,27.5258_79.2283.png
uttar_pradesh,27.5258_79.2397.png
uttar_pradesh,27.5258_79.2485.png
uttar_pradesh,27.5258_79.4250.png
uttar_pradesh,27.5258_79.4283.png
uttar_pradesh,27.5258_79.4397.png
uttar_pradesh,27.5258_79.7073.png
uttar_pradesh,27.5258_79.8249.png
uttar_pradesh,27.5258_79.8283.png
uttar_pradesh,27.5258_80.0249.png
uttar_pradesh,27.5258_80.1573.png
uttar_pradesh,27.5258_80.1662.png
uttar_pradesh,27.5258_80.2073.png
uttar_pradesh,27.5258_80.2161.png
uttar_pradesh,27.5258_80.4162.png
uttar_pradesh,27.5258_80.6897.png
uttar_pradesh,27.5258_80.9573.png
uttar_pradesh,27.5258_80.9749.png
uttar_pradesh,27.5258_80.9783.png
uttar_pradesh,27.5258_81.2249.png
uttar_pradesh,27.5258_81.6574.png
uttar_pradesh,27.5258_81.6662.png
uttar_pradesh,27.5258_81.6750.png
uttar_pradesh,27.5258_82.3073.png
uttar_pradesh,27.5258_82.3161.png
uttar_pradesh,27.5291_78.8749.png
uttar_pradesh,27.5291_78.8783.png
uttar_pradesh,27.5291_78.9783.png
uttar_pradesh,27.5291_79.1897.png
uttar_pradesh,27.5291_79.2249.png
uttar_pradesh,27.5291_79.2283.png
uttar_pradesh,27.5291_79.2485.png
uttar_pradesh,27.5291_79.2897.png
uttar_pradesh,27.5291_79.4161.png
uttar_pradesh,27.5291_79.4250.png
uttar_pradesh,27.5291_79.4283.png
uttar_pradesh,27.5291_79.4397.png
uttar_pradesh,27.5291_79.7073.png
uttar_pradesh,27.5291_79.8249.png
uttar_pradesh,27.5291_79.8283.png
uttar_pradesh,27.5291_80.0161.png
uttar_pradesh,27.5291_80.0249.png
uttar_pradesh,27.5291_80.1573.png
uttar_pradesh,27.5291_80.1662.png
uttar_pradesh,27.5291_80.2073.png
uttar_pradesh,27.5291_80.2161.png
uttar_pradesh,27.5291_80.4162.png
uttar_pradesh,27.5291_80.6897.png
uttar_pradesh,27.5291_80.9573.png
uttar_pradesh,27.5291_81.1249.png
uttar_pradesh,27.5291_81.1283.png
uttar_pradesh,27.5291_81.2249.png
uttar_pradesh,27.5291_81.6574.png
uttar_pradesh,27.5291_81.6662.png
uttar_pradesh,27.5291_82.3073.png
uttar_pradesh,27.5291_82.3161.png
uttar_pradesh,27.5379_78.8749.png
uttar_pradesh,27.5379_78.8783.png
uttar_pradesh,27.5379_79.1397.png
uttar_pradesh,27.5379_79.2897.png
uttar_pradesh,27.5379_79.4161.png
uttar_pradesh,27.5379_79.7249.png
uttar_pradesh,27.5379_79.7283.png
uttar_pradesh,27.5379_79.8249.png
uttar_pradesh,27.5379_79.8283.png
uttar_pradesh,27.5379_80.0161.png
uttar_pradesh,27.5379_80.0249.png
uttar_pradesh,27.5379_80.0283.png
uttar_pradesh,27.5379_80.1283.png
uttar_pradesh,27.5379_80.1662.png
uttar_pradesh,27.5379_81.1249.png
uttar_pradesh,27.5379_81.1283.png
uttar_pradesh,27.5379_81.6574.png
uttar_pradesh,27.5379_81.8161.png
uttar_pradesh,27.5379_81.8249.png
uttar_pradesh,27.5467_78.8749.png
uttar_pradesh,27.5467_78.8783.png
uttar_pradesh,27.5467_78.9985.png
uttar_pradesh,27.5467_79.1397.png
uttar_pradesh,27.5467_79.6073.png
uttar_pradesh,27.5467_79.6161.png
uttar_pradesh,27.5467_79.7249.png
uttar_pradesh,27.5467_79.7283.png
uttar_pradesh,27.5467_79.8161.png
uttar_pradesh,27.5467_79.8249.png
uttar_pradesh,27.5467_79.9573.png
uttar_pradesh,27.5467_79.9661.png
uttar_pradesh,27.5467_80.1283.png
uttar_pradesh,27.5467_80.6161.png
uttar_pradesh,27.5467_80.6249.png
uttar_pradesh,27.5467_80.6283.png
uttar_pradesh,27.5467_80.9250.png
uttar_pradesh,27.5467_80.9283.png
uttar_pradesh,27.5467_81.6485.png
uttar_pradesh,27.5467_81.6574.png
uttar_pradesh,27.5467_81.8161.png
uttar_pradesh,27.5467_81.8249.png
uttar_pradesh,27.5467_82.1750.png
uttar_pradesh,27.5467_82.1783.png
uttar_pradesh,27.5467_82.2749.png
uttar_pradesh,27.5467_82.2783.png
uttar_pradesh,27.5555_78.9249.png
uttar_pradesh,27.5555_78.9283.png
uttar_pradesh,27.5555_78.9397.png
uttar_pradesh,27.5555_78.9985.png
uttar_pradesh,27.5555_79.3161.png
uttar_pradesh,27.5555_79.3249.png
uttar_pradesh,27.5555_79.8161.png
uttar_pradesh,27.5555_79.8249.png
uttar_pradesh,27.5555_80.0161.png
uttar_pradesh,27.5555_80.2485.png
uttar_pradesh,27.5555_80.9397.png
uttar_pradesh,27.5555_80.9485.png
uttar_pradesh,27.5555_81.6397.png
uttar_pradesh,27.5555_81.6485.png
uttar_pradesh,27.5555_81.7161.png
uttar_pradesh,27.5555_81.7249.png
uttar_pradesh,27.5555_82.0749.png
uttar_pradesh,27.5555_82.0783.png
uttar_pradesh,27.5643_78.9249.png
uttar_pradesh,27.5643_78.9283.png
uttar_pradesh,27.5643_79.1249.png
uttar_pradesh,27.5643_79.1283.png
uttar_pradesh,27.5643_79.3249.png
uttar_pradesh,27.5643_79.3283.png
uttar_pradesh,27.5643_79.7573.png
uttar_pradesh,27.5643_79.7661.png
uttar_pradesh,27.5643_80.0161.png
uttar_pradesh,27.5643_80.1249.png
uttar_pradesh,27.5643_80.1283.png
uttar_pradesh,27.5643_80.2485.png
uttar_pradesh,27.5643_80.2573.png
uttar_pradesh,27.5643_80.2661.png
uttar_pradesh,27.5643_80.9397.png
uttar_pradesh,27.5643_80.9485.png
uttar_pradesh,27.5643_81.6750.png
uttar_pradesh,27.5643_81.6783.png
uttar_pradesh,27.5643_81.7073.png
uttar_pradesh,27.5643_81.7161.png
uttar_pradesh,27.5643_81.7249.png
uttar_pradesh,27.5643_81.8986.png
uttar_pradesh,27.5643_81.9074.png
uttar_pradesh,27.5643_81.9162.png
uttar_pradesh,27.5757_78.8985.png
uttar_pradesh,27.5757_78.9485.png
uttar_pradesh,27.5757_79.0985.png
uttar_pradesh,27.5757_79.1073.png
uttar_pradesh,27.5757_79.1485.png
uttar_pradesh,27.5757_80.0161.png
uttar_pradesh,27.5757_80.1073.png
uttar_pradesh,27.5757_80.7073.png
uttar_pradesh,27.5757_80.7161.png
uttar_pradesh,27.5757_80.9250.png
uttar_pradesh,27.5757_80.9283.png
uttar_pradesh,27.5757_81.4897.png
uttar_pradesh,27.5757_81.5161.png
uttar_pradesh,27.5757_81.6397.png
uttar_pradesh,27.5757_82.0749.png
uttar_pradesh,27.5757_82.0783.png
uttar_pradesh,27.5757_82.1750.png
uttar_pradesh,27.5757_82.1783.png
uttar_pradesh,27.5757_82.2073.png
uttar_pradesh,27.5791_78.8985.png
uttar_pradesh,27.5791_78.9485.png
uttar_pradesh,27.5791_79.0249.png
uttar_pradesh,27.5791_79.0283.png
uttar_pradesh,27.5791_79.0985.png
uttar_pradesh,27.5791_79.1073.png
uttar_pradesh,27.5791_79.1485.png
uttar_pradesh,27.5791_79.6783.png
uttar_pradesh,27.5791_79.7073.png
uttar_pradesh,27.5791_80.0161.png
uttar_pradesh,27.5791_80.0985.png
uttar_pradesh,27.5791_80.1073.png
uttar_pradesh,27.5791_80.7783.png
uttar_pradesh,27.5791_81.2661.png
uttar_pradesh,27.5791_81.4897.png
uttar_pradesh,27.5791_81.5161.png
uttar_pradesh,27.5791_81.6249.png
uttar_pradesh,27.5791_81.6283.png
uttar_pradesh,27.5791_82.0749.png
uttar_pradesh,27.5791_82.0783.png
uttar_pradesh,27.5791_82.1750.png
uttar_pradesh,27.5791_82.1783.png
uttar_pradesh,27.5791_82.2073.png
uttar_pradesh,27.5879_78.9073.png
uttar_pradesh,27.5879_79.0249.png
uttar_pradesh,27.5879_79.0283.png
uttar_pradesh,27.5879_79.1073.png
uttar_pradesh,27.5879_79.1485.png
uttar_pradesh,27.5879_79.1897.png
uttar_pradesh,27.5879_79.1985.png
uttar_pradesh,27.5879_79.6783.png
uttar_pradesh,27.5879_79.7073.png
uttar_pradesh,27.5879_80.0985.png
uttar_pradesh,27.5879_80.1073.png
uttar_pradesh,27.5879_80.5985.png
uttar_pradesh,27.5879_80.6073.png
uttar_pradesh,27.5879_80.6750.png
uttar_pradesh,27.5879_80.6783.png
uttar_pradesh,27.5879_80.7783.png
uttar_pradesh,27.5879_80.7985.png
uttar_pradesh,27.5879_81.1985.png
uttar_pradesh,27.5879_81.2073.png
uttar_pradesh,27.5879_81.2661.png
uttar_pradesh,27.5879_81.6249.png
uttar_pradesh,27.5879_81.6283.png
uttar_pradesh,27.5967_78.8985.png
uttar_pradesh,27.5967_78.9073.png
uttar_pradesh,27.5967_79.0985.png
uttar_pradesh,27.5967_79.1073.png
uttar_pradesh,27.5967_79.1161.png
uttar_pradesh,27.5967_79.1397.png
uttar_pradesh,27.5967_80.6750.png
uttar_pradesh,27.5967_80.6783.png
uttar_pradesh,27.5967_80.7985.png
uttar_pradesh,27.5967_80.8073.png
uttar_pradesh,27.5967_81.2249.png
uttar_pradesh,27.5967_81.2283.png
uttar_pradesh,27.5967_81.7249.png
uttar_pradesh,27.5967_81.7283.png
uttar_pradesh,27.5967_81.9397.png
uttar_pradesh,27.5967_82.1249.png
uttar_pradesh,27.5967_82.1283.png
uttar_pradesh,27.5967_82.1486.png
uttar_pradesh,27.5967_82.1574.png
uttar_pradesh,27.5967_82.2897.png
uttar_pradesh,27.5967_82.2985.png
uttar_pradesh,27.6055_78.8897.png
uttar_pradesh,27.6055_78.8985.png
uttar_pradesh,27.6055_79.0985.png
uttar_pradesh,27.6055_79.1073.png
uttar_pradesh,27.6055_79.1161.png
uttar_pradesh,27.6055_79.1397.png
uttar_pradesh,27.6055_79.5897.png
uttar_pradesh,27.6055_79.5985.png
uttar_pradesh,27.6055_79.6750.png
uttar_pradesh,27.6055_79.6783.png
uttar_pradesh,27.6055_80.1249.png
uttar_pradesh,27.6055_80.1283.png
uttar_pradesh,27.6055_80.4661.png
uttar_pradesh,27.6055_80.4749.png
uttar_pradesh,27.6055_80.8073.png
uttar_pradesh,27.6055_81.1485.png
uttar_pradesh,27.6055_81.6485.png
uttar_pradesh,27.6055_81.6574.png
uttar_pradesh,27.6055_81.9397.png
uttar_pradesh,27.6055_82.0897.png
uttar_pradesh,27.6055_82.1486.png
uttar_pradesh,27.6055_82.1574.png
uttar_pradesh,27.6143_79.0661.png
uttar_pradesh,27.6143_79.0749.png
uttar_pradesh,27.6143_79.0783.png
uttar_pradesh,27.6143_79.1161.png
uttar_pradesh,27.6143_79.1249.png
uttar_pradesh,27.6143_79.1283.png
uttar_pradesh,27.6143_79.5897.png
uttar_pradesh,27.6143_79.5985.png
uttar_pradesh,27.6143_79.6750.png
uttar_pradesh,27.6143_79.6783.png
uttar_pradesh,27.6143_80.1249.png
uttar_pradesh,27.6143_80.1283.png
uttar_pradesh,27.6143_80.4661.png
uttar_pradesh,27.6143_80.4749.png
uttar_pradesh,27.6143_80.6573.png
uttar_pradesh,27.6143_80.6662.png
uttar_pradesh,27.6143_80.9250.png
uttar_pradesh,27.6143_80.9283.png
uttar_pradesh,27.6143_81.1485.png
uttar_pradesh,27.6143_81.6397.png
uttar_pradesh,27.6143_81.6485.png
uttar_pradesh,27.6143_82.0897.png
uttar_pradesh,27.6143_82.1574.png
uttar_pradesh,27.6258_78.9283.png
uttar_pradesh,27.6258_79.5397.png
uttar_pradesh,27.6258_79.5485.png
uttar_pradesh,27.6258_80.0249.png
uttar_pradesh,27.6258_80.0283.png
uttar_pradesh,27.6258_80.0897.png
uttar_pradesh,27.6258_80.1897.png
uttar_pradesh,27.6258_80.2897.png
uttar_pradesh,27.6258_80.2985.png
uttar_pradesh,27.6258_80.8573.png
uttar_pradesh,27.6258_81.0661.png
uttar_pradesh,27.6258_81.0749.png
uttar_pradesh,27.6258_81.6485.png
uttar_pradesh,27.6258_81.6574.png
uttar_pradesh,27.6258_81.6662.png
uttar_pradesh,27.6258_81.6783.png
uttar_pradesh,27.6258_81.7985.png
uttar_pradesh,27.6258_81.9250.png
uttar_pradesh,27.6258_81.9283.png
uttar_pradesh,27.6258_82.1574.png
uttar_pradesh,27.6258_82.1662.png
uttar_pradesh,27.6291_78.9161.png
uttar_pradesh,27.6291_78.9249.png
uttar_pradesh,27.6291_78.9283.png
uttar_pradesh,27.6291_79.5397.png
uttar_pradesh,27.6291_79.5485.png
uttar_pradesh,27.6291_79.8161.png
uttar_pradesh,27.6291_80.0249.png
uttar_pradesh,27.6291_80.0283.png
uttar_pradesh,27.6291_80.0397.png
uttar_pradesh,27.6291_80.0897.png
uttar_pradesh,27.6291_80.1897.png
uttar_pradesh,27.6291_80.2897.png
uttar_pradesh,27.6291_80.2985.png
uttar_pradesh,27.6291_80.8573.png
uttar_pradesh,27.6291_81.0661.png
uttar_pradesh,27.6291_81.0749.png
uttar_pradesh,27.6291_81.6574.png
uttar_pradesh,27.6291_81.6662.png
uttar_pradesh,27.6291_81.6783.png
uttar_pradesh,27.6291_81.7985.png
uttar_pradesh,27.6291_81.8161.png
uttar_pradesh,27.6291_81.9250.png
uttar_pradesh,27.6291_81.9283.png
uttar_pradesh,27.6291_82.1574.png
uttar_pradesh,27.6291_82.1662.png
uttar_pradesh,27.6379_78.9161.png
uttar_pradesh,27.6379_78.9249.png
uttar_pradesh,27.6379_79.5397.png
uttar_pradesh,27.6379_79.8073.png
uttar_pradesh,27.6379_79.8161.png
uttar_pradesh,27.6379_79.9985.png
uttar_pradesh,27.6379_80.0073.png
uttar_pradesh,27.6379_80.0397.png
uttar_pradesh,27.6379_80.4985.png
uttar_pradesh,27.6379_80.5073.png
uttar_pradesh,27.6379_80.7249.png
uttar_pradesh,27.6379_80.7283.png
uttar_pradesh,27.6379_81.6662.png
uttar_pradesh,27.6379_81.6750.png
uttar_pradesh,27.6379_81.6783.png
uttar_pradesh,27.6379_81.6985.png
uttar_pradesh,27.6379_81.7073.png
uttar_pradesh,27.6379_81.7161.png
uttar_pradesh,27.6379_81.8161.png
uttar_pradesh,27.6467_79.7397.png
uttar_pradesh,27.6467_79.8073.png
uttar_pradesh,27.6467_79.8161.png
uttar_pradesh,27.6467_80.4897.png
uttar_pradesh,27.6467_80.4985.png
uttar_pradesh,27.6467_80.5073.png
uttar_pradesh,27.6467_80.9250.png
uttar_pradesh,27.6467_80.9283.png
uttar_pradesh,27.6467_81.7161.png
uttar_pradesh,27.6467_82.1397.png
uttar_pradesh,27.6467_82.1486.png
uttar_pradesh,27.6555_78.9283.png
uttar_pradesh,27.6555_79.7397.png
uttar_pradesh,27.6555_79.9985.png
uttar_pradesh,27.6555_80.8161.png
uttar_pradesh,27.6555_80.9162.png
uttar_pradesh,27.6555_81.3749.png
uttar_pradesh,27.6555_81.3783.png
uttar_pradesh,27.6555_81.4397.png
uttar_pradesh,27.6555_81.4485.png
uttar_pradesh,27.6555_81.5985.png
uttar_pradesh,27.6555_81.6073.png
uttar_pradesh,27.6555_82.0485.png
uttar_pradesh,27.6555_82.1397.png
uttar_pradesh,27.6555_82.1486.png
uttar_pradesh,27.6643_78.9283.png
uttar_pradesh,27.6643_79.9985.png
uttar_pradesh,27.6643_80.1662.png
uttar_pradesh,27.6643_80.1750.png
uttar_pradesh,27.6643_80.2485.png
uttar_pradesh,27.6643_80.2573.png
uttar_pradesh,27.6643_80.8161.png
uttar_pradesh,27.6643_80.8397.png
uttar_pradesh,27.6643_80.8485.png
uttar_pradesh,27.6643_80.9162.png
uttar_pradesh,27.6643_81.3749.png
uttar_pradesh,27.6643_81.3783.png
uttar_pradesh,27.6643_81.4397.png
uttar_pradesh,27.6643_81.4485.png
uttar_pradesh,27.6643_81.7573.png
uttar_pradesh,27.6643_81.7661.png
uttar_pradesh,27.6643_81.7749.png
uttar_pradesh,27.6643_81.7783.png
uttar_pradesh,27.6643_82.0485.png
uttar_pradesh,27.6757_79.4250.png
uttar_pradesh,27.6757_79.4283.png
uttar_pradesh,27.6757_79.4749.png
uttar_pradesh,27.6757_79.4783.png
uttar_pradesh,27.6757_79.5249.png
uttar_pradesh,27.6757_79.5283.png
uttar_pradesh,27.6757_79.5397.png
uttar_pradesh,27.6757_79.7985.png
uttar_pradesh,27.6757_80.0161.png
uttar_pradesh,27.6757_80.0249.png
uttar_pradesh,27.6757_80.0283.png
uttar_pradesh,27.6757_80.4250.png
uttar_pradesh,27.6757_80.4283.png
uttar_pradesh,27.6757_80.4749.png
uttar_pradesh,27.6757_80.4783.png
uttar_pradesh,27.6757_80.5749.png
uttar_pradesh,27.6757_80.5783.png
uttar_pradesh,27.6757_80.8897.png
uttar_pradesh,27.6757_80.8985.png
uttar_pradesh,27.6757_81.7749.png
uttar_pradesh,27.6757_81.7783.png
uttar_pradesh,27.6757_81.7985.png
uttar_pradesh,27.6757_81.9897.png
uttar_pradesh,27.6757_81.9985.png
uttar_pradesh,27.6757_82.0573.png
uttar_pradesh,27.6757_82.2485.png
uttar_pradesh,27.6791_79.4161.png
uttar_pradesh,27.6791_79.4250.png
uttar_pradesh,27.6791_79.4283.png
uttar_pradesh,27.6791_79.4749.png
uttar_pradesh,27.6791_79.4783.png
uttar_pradesh,27.6791_79.5073.png
uttar_pradesh,27.6791_79.5249.png
uttar_pradesh,27.6791_79.5283.png
uttar_pradesh,27.6791_79.5397.png
uttar_pradesh,27.6791_79.7985.png
uttar_pradesh,27.6791_80.0161.png
uttar_pradesh,27.6791_80.0249.png
uttar_pradesh,27.6791_80.0283.png
uttar_pradesh,27.6791_80.4250.png
uttar_pradesh,27.6791_80.4283.png
uttar_pradesh,27.6791_80.4749.png
uttar_pradesh,27.6791_80.4783.png
uttar_pradesh,27.6791_80.5749.png
uttar_pradesh,27.6791_80.5783.png
uttar_pradesh,27.6791_80.8897.png
uttar_pradesh,27.6791_80.8985.png
uttar_pradesh,27.6791_81.5573.png
uttar_pradesh,27.6791_81.5749.png
uttar_pradesh,27.6791_81.5783.png
uttar_pradesh,27.6791_81.6161.png
uttar_pradesh,27.6791_81.7749.png
uttar_pradesh,27.6791_81.7783.png
uttar_pradesh,27.6791_81.7985.png
uttar_pradesh,27.6791_82.0573.png
uttar_pradesh,27.6791_82.0749.png
uttar_pradesh,27.6791_82.0783.png
uttar_pradesh,27.6791_82.2485.png
uttar_pradesh,27.6879_79.3985.png
uttar_pradesh,27.6879_79.4073.png
uttar_pradesh,27.6879_79.4161.png
uttar_pradesh,27.6879_79.4985.png
uttar_pradesh,27.6879_79.5073.png
uttar_pradesh,27.6879_79.5283.png
uttar_pradesh,27.6879_79.6661.png
uttar_pradesh,27.6879_80.0161.png
uttar_pradesh,27.6879_80.0249.png
uttar_pradesh,27.6879_80.4250.png
uttar_pradesh,27.6879_80.4283.png
uttar_pradesh,27.6879_80.6485.png
uttar_pradesh,27.6879_80.6573.png
uttar_pradesh,27.6879_80.7485.png
uttar_pradesh,27.6879_80.8749.png
uttar_pradesh,27.6879_80.8783.png
uttar_pradesh,27.6879_80.8897.png
uttar_pradesh,27.6879_81.5397.png
uttar_pradesh,27.6879_81.5485.png
uttar_pradesh,27.6879_81.5573.png
uttar_pradesh,27.6879_81.5661.png
uttar_pradesh,27.6879_81.5749.png
uttar_pradesh,27.6879_81.5897.png
uttar_pradesh,27.6879_81.6161.png
uttar_pradesh,27.6879_81.7749.png
uttar_pradesh,27.6879_81.7783.png
uttar_pradesh,27.6879_82.2073.png
uttar_pradesh,27.6967_78.9249.png
uttar_pradesh,27.6967_78.9283.png
uttar_pradesh,27.6967_78.9749.png
uttar_pradesh,27.6967_78.9783.png
uttar_pradesh,27.6967_79.3749.png
uttar_pradesh,27.6967_79.3783.png
uttar_pradesh,27.6967_79.6661.png
uttar_pradesh,27.6967_80.0161.png
uttar_pradesh,27.6967_80.0249.png
uttar_pradesh,27.6967_80.4783.png
uttar_pradesh,27.6967_80.7485.png
uttar_pradesh,27.6967_80.8897.png
uttar_pradesh,27.6967_81.1574.png
uttar_pradesh,27.6967_81.5397.png
uttar_pradesh,27.6967_81.5485.png
uttar_pradesh,27.6967_81.5661.png
uttar_pradesh,27.6967_81.5897.png
uttar_pradesh,27.6967_81.8897.png
uttar_pradesh,27.6967_82.2073.png
uttar_pradesh,27.6967_82.2249.png
uttar_pradesh,27.6967_82.2283.png
uttar_pradesh,27.7055_78.9283.png
uttar_pradesh,27.7055_78.9661.png
uttar_pradesh,27.7055_78.9749.png
uttar_pradesh,27.7055_78.9783.png
uttar_pradesh,27.7055_79.4749.png
uttar_pradesh,27.7055_80.0161.png
uttar_pradesh,27.7055_80.0249.png
uttar_pradesh,27.7055_80.0283.png
uttar_pradesh,27.7055_80.4783.png
uttar_pradesh,27.7055_80.6750.png
uttar_pradesh,27.7055_80.6783.png
uttar_pradesh,27.7055_80.8897.png
uttar_pradesh,27.7055_81.9162.png
uttar_pradesh,27.7055_81.9250.png
uttar_pradesh,27.7055_81.9397.png
uttar_pradesh,27.7055_81.9485.png
uttar_pradesh,27.7143_78.9397.png
uttar_pradesh,27.7143_78.9485.png
uttar_pradesh,27.7143_78.9661.png
uttar_pradesh,27.7143_78.9749.png
uttar_pradesh,27.7143_79.4250.png
uttar_pradesh,27.7143_79.4283.png
uttar_pradesh,27.7143_79.4749.png
uttar_pradesh,27.7143_80.0249.png
uttar_pradesh,27.7143_80.0283.png
uttar_pradesh,27.7143_80.7249.png
uttar_pradesh,27.7143_80.7283.png
uttar_pradesh,27.7143_81.9162.png
uttar_pradesh,27.7143_81.9250.png
uttar_pradesh,27.7257_79.4161.png
uttar_pradesh,27.7257_79.4250.png
uttar_pradesh,27.7257_79.4485.png
uttar_pradesh,27.7257_79.4573.png
uttar_pradesh,27.7257_79.9397.png
uttar_pradesh,27.7257_80.3573.png
uttar_pradesh,27.7257_80.8485.png
uttar_pradesh,27.7257_80.8573.png
uttar_pradesh,27.7257_80.8661.png
uttar_pradesh,27.7257_80.8749.png
uttar_pradesh,27.7257_80.8897.png
uttar_pradesh,27.7257_80.8985.png
uttar_pradesh,27.7257_80.9073.png
uttar_pradesh,27.7257_81.1750.png
uttar_pradesh,27.7257_81.1783.png
uttar_pradesh,27.7257_81.5397.png
uttar_pradesh,27.7257_81.6249.png
uttar_pradesh,27.7257_81.6283.png
uttar_pradesh,27.7257_81.9074.png
uttar_pradesh,27.7257_82.1662.png
uttar_pradesh,27.7292_79.4161.png
uttar_pradesh,27.7292_79.4250.png
uttar_pradesh,27.7292_79.9397.png
uttar_pradesh,27.7292_80.2897.png
uttar_pradesh,27.7292_80.2985.png
uttar_pradesh,27.7292_80.3573.png
uttar_pradesh,27.7292_80.8485.png
uttar_pradesh,27.7292_80.8573.png
uttar_pradesh,27.7292_80.8661.png
uttar_pradesh,27.7292_80.8749.png
uttar_pradesh,27.7292_80.8897.png
uttar_pradesh,27.7292_81.1750.png
uttar_pradesh,27.7292_81.1783.png
uttar_pradesh,27.7292_81.5397.png
uttar_pradesh,27.7292_81.5897.png
uttar_pradesh,27.7292_81.6249.png
uttar_pradesh,27.7292_81.6283.png
uttar_pradesh,27.7292_81.9074.png
uttar_pradesh,27.7292_82.1662.png
uttar_pradesh,27.7380_78.9573.png
uttar_pradesh,27.7380_79.2661.png
uttar_pradesh,27.7380_79.2749.png
uttar_pradesh,27.7380_79.8249.png
uttar_pradesh,27.7380_79.8283.png
uttar_pradesh,27.7380_80.2397.png
uttar_pradesh,27.7380_80.2897.png
uttar_pradesh,27.7380_80.2985.png
uttar_pradesh,27.7380_80.8485.png
uttar_pradesh,27.7380_80.8573.png
uttar_pradesh,27.7380_80.8661.png
uttar_pradesh,27.7380_80.8897.png
uttar_pradesh,27.7380_81.1750.png
uttar_pradesh,27.7380_81.1783.png
uttar_pradesh,27.7380_81.5897.png
uttar_pradesh,27.7380_81.6397.png
uttar_pradesh,27.7380_81.7249.png
uttar_pradesh,27.7380_81.7283.png
uttar_pradesh,27.7380_81.7397.png
uttar_pradesh,27.7380_81.7485.png
uttar_pradesh,27.7380_81.7573.png
uttar_pradesh,27.7468_78.9573.png
uttar_pradesh,27.7468_79.8249.png
uttar_pradesh,27.7468_79.8283.png
uttar_pradesh,27.7468_80.1249.png
uttar_pradesh,27.7468_80.1283.png
uttar_pradesh,27.7468_80.2283.png
uttar_pradesh,27.7468_80.2397.png
uttar_pradesh,27.7468_80.6249.png
uttar_pradesh,27.7468_80.6283.png
uttar_pradesh,27.7468_80.8897.png
uttar_pradesh,27.7468_81.1485.png
uttar_pradesh,27.7468_81.1750.png
uttar_pradesh,27.7468_81.1783.png
uttar_pradesh,27.7468_81.4749.png
uttar_pradesh,27.7468_81.4783.png
uttar_pradesh,27.7468_81.6397.png
uttar_pradesh,27.7468_81.6485.png
uttar_pradesh,27.7468_81.6750.png
uttar_pradesh,27.7468_81.7397.png
uttar_pradesh,27.7468_81.7485.png
uttar_pradesh,27.7468_82.1750.png
uttar_pradesh,27.7468_82.1783.png
uttar_pradesh,27.7556_78.9573.png
uttar_pradesh,27.7556_79.4661.png
uttar_pradesh,27.7556_79.6573.png
uttar_pradesh,27.7556_80.1249.png
uttar_pradesh,27.7556_80.1283.png
uttar_pradesh,27.7556_80.2249.png
uttar_pradesh,27.7556_80.2283.png
uttar_pradesh,27.7556_80.2397.png
uttar_pradesh,27.7556_81.4749.png
uttar_pradesh,27.7556_81.4783.png
uttar_pradesh,27.7556_81.5073.png
uttar_pradesh,27.7556_81.5161.png
uttar_pradesh,27.7556_81.5283.png
uttar_pradesh,27.7556_81.5397.png
uttar_pradesh,27.7556_81.5485.png
uttar_pradesh,27.7556_81.6485.png
uttar_pradesh,27.7556_81.6750.png
uttar_pradesh,27.7556_82.0283.png
uttar_pradesh,27.7644_79.4661.png
uttar_pradesh,27.7644_79.6573.png
uttar_pradesh,27.7644_79.6661.png
uttar_pradesh,27.7644_80.2397.png
uttar_pradesh,27.7644_81.4897.png
uttar_pradesh,27.7644_81.4985.png
uttar_pradesh,27.7644_81.5073.png
uttar_pradesh,27.7644_81.5161.png
uttar_pradesh,27.7644_81.5283.png
uttar_pradesh,27.7644_81.5397.png
uttar_pradesh,27.7644_81.5485.png
uttar_pradesh,27.7644_82.0283.png
uttar_pradesh,27.7758_79.3783.png
uttar_pradesh,27.7758_79.4749.png
uttar_pradesh,27.7758_79.4783.png
uttar_pradesh,27.7758_79.6661.png
uttar_pradesh,27.7758_79.9397.png
uttar_pradesh,27.7758_80.1485.png
uttar_pradesh,27.7758_80.1662.png
uttar_pradesh,27.7758_80.1750.png
uttar_pradesh,27.7758_80.5985.png
uttar_pradesh,27.7758_80.6073.png
uttar_pradesh,27.7758_80.8397.png
uttar_pradesh,27.7791_79.3783.png
uttar_pradesh,27.7791_79.6661.png
uttar_pradesh,27.7791_79.9397.png
uttar_pradesh,27.7791_80.1485.png
uttar_pradesh,27.7791_80.5985.png
uttar_pradesh,27.7791_80.6073.png
uttar_pradesh,27.7791_81.8661.png
uttar_pradesh,27.7791_81.8749.png
uttar_pradesh,27.7791_81.8783.png
uttar_pradesh,27.7791_82.1073.png
uttar_pradesh,27.7791_82.1161.png
uttar_pradesh,27.7879_79.3661.png
uttar_pradesh,27.7879_79.6573.png
uttar_pradesh,27.7879_79.6661.png
uttar_pradesh,27.7879_80.4250.png
uttar_pradesh,27.7879_80.4283.png
uttar_pradesh,27.7879_81.2161.png
uttar_pradesh,27.7879_81.2249.png
uttar_pradesh,27.7879_81.6985.png
uttar_pradesh,27.7879_81.7073.png
uttar_pradesh,27.7879_81.8661.png
uttar_pradesh,27.7879_81.8749.png
uttar_pradesh,27.7879_82.1073.png
uttar_pradesh,27.7879_82.1161.png
uttar_pradesh,27.7967_79.3661.png
uttar_pradesh,27.7967_80.2783.png
uttar_pradesh,27.7967_80.2985.png
uttar_pradesh,27.7967_80.6750.png
uttar_pradesh,27.7967_80.6783.png
uttar_pradesh,27.7967_81.2161.png
uttar_pradesh,27.7967_81.2249.png
uttar_pradesh,27.7967_81.6985.png
uttar_pradesh,27.7967_81.7073.png
uttar_pradesh,27.7967_82.0985.png
uttar_pradesh,27.7967_82.1073.png
uttar_pradesh,27.8055_80.2749.png
uttar_pradesh,27.8055_80.2783.png
uttar_pradesh,27.8055_80.2897.png
uttar_pradesh,27.8055_80.2985.png
uttar_pradesh,27.8055_80.4250.png
uttar_pradesh,27.8055_80.4283.png
uttar_pradesh,27.8055_80.4749.png
uttar_pradesh,27.8055_80.4783.png
uttar_pradesh,27.8055_81.8749.png
uttar_pradesh,27.8055_81.8783.png
uttar_pradesh,27.8143_79.6573.png
uttar_pradesh,27.8143_79.6661.png
uttar_pradesh,27.8143_79.7985.png
uttar_pradesh,27.8143_79.8073.png
uttar_pradesh,27.8143_80.2749.png
uttar_pradesh,27.8143_80.2783.png
uttar_pradesh,27.8143_80.2897.png
uttar_pradesh,27.8143_80.4250.png
uttar_pradesh,27.8143_80.4283.png
uttar_pradesh,27.8143_80.4749.png
uttar_pradesh,27.8143_80.4783.png
uttar_pradesh,27.8143_81.2161.png
uttar_pradesh,27.8143_81.2249.png
uttar_pradesh,27.8143_81.6249.png
uttar_pradesh,27.8143_81.6283.png
uttar_pradesh,27.8143_81.6662.png
uttar_pradesh,27.8143_81.6750.png
uttar_pradesh,27.8143_81.8485.png
uttar_pradesh,27.8143_81.8573.png
uttar_pradesh,27.8257_79.3397.png
uttar_pradesh,27.8257_79.3485.png
uttar_pradesh,27.8257_79.5897.png
uttar_pradesh,27.8257_79.5985.png
uttar_pradesh,27.8257_79.7485.png
uttar_pradesh,27.8257_79.7573.png
uttar_pradesh,27.8257_79.7661.png
uttar_pradesh,27.8257_80.1750.png
uttar_pradesh,27.8257_80.2661.png
uttar_pradesh,27.8257_80.4661.png
uttar_pradesh,27.8257_80.7661.png
uttar_pradesh,27.8257_80.8161.png
uttar_pradesh,27.8257_80.8249.png
uttar_pradesh,27.8257_80.8283.png
uttar_pradesh,27.8257_81.5985.png
uttar_pradesh,27.8257_81.6485.png
uttar_pradesh,27.8257_81.6574.png
uttar_pradesh,27.8257_81.9074.png
uttar_pradesh,27.8257_81.9162.png
uttar_pradesh,27.8291_79.3397.png
uttar_pradesh,27.8291_79.4161.png
uttar_pradesh,27.8291_79.5897.png
uttar_pradesh,27.8291_79.5985.png
uttar_pradesh,27.8291_79.7485.png
uttar_pradesh,27.8291_79.7573.png
uttar_pradesh,27.8291_79.7661.png
uttar_pradesh,27.8291_79.9161.png
uttar_pradesh,27.8291_79.9250.png
uttar_pradesh,27.8291_79.9283.png
uttar_pradesh,27.8291_80.1750.png
uttar_pradesh,27.8291_80.2661.png
uttar_pradesh,27.8291_80.4661.png
uttar_pradesh,27.8291_80.7661.png
uttar_pradesh,27.8291_80.8161.png
uttar_pradesh,27.8291_81.5985.png
uttar_pradesh,27.8291_81.7485.png
uttar_pradesh,27.8291_81.7573.png
uttar_pradesh,27.8379_79.4161.png
uttar_pradesh,27.8379_79.9161.png
uttar_pradesh,27.8379_79.9250.png
uttar_pradesh,27.8379_79.9283.png
uttar_pradesh,27.8379_80.0897.png
uttar_pradesh,27.8379_80.2397.png
uttar_pradesh,27.8379_80.2485.png
uttar_pradesh,27.8379_80.2749.png
uttar_pradesh,27.8379_80.4485.png
uttar_pradesh,27.8379_81.5397.png
uttar_pradesh,27.8379_81.7485.png
uttar_pradesh,27.8379_81.7573.png
uttar_pradesh,27.8379_81.7749.png
uttar_pradesh,27.8379_81.7783.png
uttar_pradesh,27.8467_79.5897.png
uttar_pradesh,27.8467_79.9283.png
uttar_pradesh,27.8467_80.0897.png
uttar_pradesh,27.8467_80.2397.png
uttar_pradesh,27.8467_80.2485.png
uttar_pradesh,27.8467_80.3749.png
uttar_pradesh,27.8467_80.3783.png
uttar_pradesh,27.8467_80.4485.png
uttar_pradesh,27.8467_80.5249.png
uttar_pradesh,27.8467_80.5283.png
uttar_pradesh,27.8467_81.4661.png
uttar_pradesh,27.8467_81.4749.png
uttar_pradesh,27.8467_81.4783.png
uttar_pradesh,27.8467_81.5397.png
uttar_pradesh,27.8467_81.5485.png
uttar_pradesh,27.8467_81.7661.png
uttar_pradesh,27.8467_81.7749.png
uttar_pradesh,27.8467_81.7783.png
uttar_pradesh,27.8555_79.2573.png
uttar_pradesh,27.8555_79.2661.png
uttar_pradesh,27.8555_79.2749.png
uttar_pradesh,27.8555_79.2985.png
uttar_pradesh,27.8555_79.3073.png
uttar_pradesh,27.8555_79.3897.png
uttar_pradesh,27.8555_79.5897.png
uttar_pradesh,27.8555_79.5985.png
uttar_pradesh,27.8555_79.6897.png
uttar_pradesh,27.8555_79.7073.png
uttar_pradesh,27.8555_79.7161.png
uttar_pradesh,27.8555_79.8249.png
uttar_pradesh,27.8555_79.8283.png
uttar_pradesh,27.8555_79.9250.png
uttar_pradesh,27.8555_79.9283.png
uttar_pradesh,27.8555_80.2661.png
uttar_pradesh,27.8555_80.3749.png
uttar_pradesh,27.8555_80.3783.png
uttar_pradesh,27.8555_80.7485.png
uttar_pradesh,27.8555_81.5161.png
uttar_pradesh,27.8555_81.5249.png
uttar_pradesh,27.8555_81.6161.png
uttar_pradesh,27.8555_81.6249.png
uttar_pradesh,27.8555_81.7661.png
uttar_pradesh,27.8555_81.9749.png
uttar_pradesh,27.8555_81.9783.png
uttar_pradesh,27.8643_79.2661.png
uttar_pradesh,27.8643_79.2749.png
uttar_pradesh,27.8643_79.3397.png
uttar_pradesh,27.8643_79.3897.png
uttar_pradesh,27.8643_79.6661.png
uttar_pradesh,27.8643_79.6750.png
uttar_pradesh,27.8643_79.6783.png
uttar_pradesh,27.8643_79.6897.png
uttar_pradesh,27.8643_79.7073.png
uttar_pradesh,27.8643_79.8249.png
uttar_pradesh,27.8643_79.8283.png
uttar_pradesh,27.8643_80.2661.png
uttar_pradesh,27.8643_80.7485.png
uttar_pradesh,27.8643_81.5161.png
uttar_pradesh,27.8643_81.5249.png
uttar_pradesh,27.8643_81.6161.png
uttar_pradesh,27.8643_81.6249.png
uttar_pradesh,27.8643_81.6283.png
uttar_pradesh,27.8758_79.2073.png
uttar_pradesh,27.8758_79.2749.png
uttar_pradesh,27.8758_79.2783.png
uttar_pradesh,27.8758_79.2897.png
uttar_pradesh,27.8758_79.3249.png
uttar_pradesh,27.8758_79.3283.png
uttar_pradesh,27.8758_79.3397.png
uttar_pradesh,27.8758_79.8073.png
uttar_pradesh,27.8758_79.9397.png
uttar_pradesh,27.8758_80.0397.png
uttar_pradesh,27.8758_80.0485.png
uttar_pradesh,27.8758_80.4661.png
uttar_pradesh,27.8758_80.6161.png
uttar_pradesh,27.8758_80.6249.png
uttar_pradesh,27.8758_80.6283.png
uttar_pradesh,27.8758_80.8073.png
uttar_pradesh,27.8758_80.8161.png
uttar_pradesh,27.8758_81.3661.png
uttar_pradesh,27.8758_81.5749.png
uttar_pradesh,27.8758_81.5783.png
uttar_pradesh,27.8758_81.6073.png
uttar_pradesh,27.8758_81.7161.png
uttar_pradesh,27.8758_81.7249.png
uttar_pradesh,27.8791_79.2073.png
uttar_pradesh,27.8791_79.2749.png
uttar_pradesh,27.8791_79.2783.png
uttar_pradesh,27.8791_79.2897.png
uttar_pradesh,27.8791_79.2985.png
uttar_pradesh,27.8791_79.3073.png
uttar_pradesh,27.8791_79.3249.png
uttar_pradesh,27.8791_79.3283.png
uttar_pradesh,27.8791_79.3397.png
uttar_pradesh,27.8791_79.8073.png
uttar_pradesh,27.8791_79.9397.png
uttar_pradesh,27.8791_79.9485.png
uttar_pradesh,27.8791_79.9573.png
uttar_pradesh,27.8791_80.0397.png
uttar_pradesh,27.8791_80.0485.png
uttar_pradesh,27.8791_80.4661.png
uttar_pradesh,27.8791_80.6249.png
uttar_pradesh,27.8791_80.6283.png
uttar_pradesh,27.8791_80.8073.png
uttar_pradesh,27.8791_80.8161.png
uttar_pradesh,27.8791_81.3661.png
uttar_pradesh,27.8791_81.4897.png
uttar_pradesh,27.8791_81.5661.png
uttar_pradesh,27.8791_81.5749.png
uttar_pradesh,27.8791_81.5783.png
uttar_pradesh,27.8791_81.6073.png
uttar_pradesh,27.8791_81.7161.png
uttar_pradesh,27.8791_81.7249.png
uttar_pradesh,27.8791_81.7573.png
uttar_pradesh,27.8879_79.2985.png
uttar_pradesh,27.8879_79.9397.png
uttar_pradesh,27.8879_79.9485.png
uttar_pradesh,27.8879_79.9573.png
uttar_pradesh,27.8879_80.1750.png
uttar_pradesh,27.8879_80.1783.png
uttar_pradesh,27.8879_80.8073.png
uttar_pradesh,27.8879_81.1985.png
uttar_pradesh,27.8879_81.2073.png
uttar_pradesh,27.8879_81.4897.png
uttar_pradesh,27.8879_81.5661.png
uttar_pradesh,27.8879_81.6574.png
uttar_pradesh,27.8879_81.6662.png
uttar_pradesh,27.8879_81.6897.png
uttar_pradesh,27.8879_81.7573.png
uttar_pradesh,27.8967_79.2249.png
uttar_pradesh,27.8967_79.2283.png
uttar_pradesh,27.8967_79.2661.png
uttar_pradesh,27.8967_80.0397.png
uttar_pradesh,27.8967_80.0485.png
uttar_pradesh,27.8967_80.7485.png
uttar_pradesh,27.8967_80.7573.png
uttar_pradesh,27.8967_80.7985.png
uttar_pradesh,27.8967_80.8073.png
uttar_pradesh,27.8967_81.1397.png
uttar_pradesh,27.8967_81.1485.png
uttar_pradesh,27.8967_81.4783.png
uttar_pradesh,27.8967_81.4897.png
uttar_pradesh,27.8967_81.6783.png
uttar_pradesh,27.8967_81.6897.png
uttar_pradesh,27.8967_81.7749.png
uttar_pradesh,27.8967_81.7783.png
uttar_pradesh,27.9055_79.1573.png
uttar_pradesh,27.9055_79.1661.png
uttar_pradesh,27.9055_79.1749.png
uttar_pradesh,27.9055_79.1783.png
uttar_pradesh,27.9055_79.2249.png
uttar_pradesh,27.9055_79.2283.png
uttar_pradesh,27.9055_79.2573.png
uttar_pradesh,27.9055_79.2661.png
uttar_pradesh,27.9055_79.5073.png
uttar_pradesh,27.9055_79.5161.png
uttar_pradesh,27.9055_80.0249.png
uttar_pradesh,27.9055_80.0283.png
uttar_pradesh,27.9055_80.0397.png
uttar_pradesh,27.9055_80.7897.png
uttar_pradesh,27.9055_80.8161.png
uttar_pradesh,27.9055_80.8249.png
uttar_pradesh,27.9055_80.8283.png
uttar_pradesh,27.9055_81.1397.png
uttar_pradesh,27.9055_81.1485.png
uttar_pradesh,27.9055_81.4749.png
uttar_pradesh,27.9055_81.4783.png
uttar_pradesh,27.9143_79.5073.png
uttar_pradesh,27.9143_79.5161.png
uttar_pradesh,27.9143_80.0073.png
uttar_pradesh,27.9143_80.0161.png
uttar_pradesh,27.9143_80.0661.png
uttar_pradesh,27.9143_80.0749.png
uttar_pradesh,27.9143_80.5749.png
uttar_pradesh,27.9143_80.5783.png
uttar_pradesh,27.9143_80.7749.png
uttar_pradesh,27.9143_80.7783.png
uttar_pradesh,27.9143_80.7897.png
uttar_pradesh,27.9143_80.8161.png
uttar_pradesh,27.9143_80.8249.png
uttar_pradesh,27.9143_80.8283.png
uttar_pradesh,27.9143_81.4783.png
uttar_pradesh,27.9143_81.5749.png
uttar_pradesh,27.9143_81.5783.png
uttar_pradesh,27.9143_81.6662.png
uttar_pradesh,27.9143_81.7073.png
uttar_pradesh,27.9143_81.7161.png
uttar_pradesh,27.9257_79.1073.png
uttar_pradesh,27.9257_79.2397.png
uttar_pradesh,27.9257_79.9073.png
uttar_pradesh,27.9257_79.9161.png
uttar_pradesh,27.9257_79.9250.png
uttar_pradesh,27.9257_80.1397.png
uttar_pradesh,27.9257_80.1662.png
uttar_pradesh,27.9257_80.2397.png
uttar_pradesh,27.9257_80.4985.png
uttar_pradesh,27.9257_80.7161.png
uttar_pradesh,27.9257_80.7249.png
uttar_pradesh,27.9257_80.7283.png
uttar_pradesh,27.9257_80.7661.png
uttar_pradesh,27.9257_80.7749.png
uttar_pradesh,27.9257_80.7783.png
uttar_pradesh,27.9257_80.8161.png
uttar_pradesh,27.9257_80.8249.png
uttar_pradesh,27.9257_81.4661.png
uttar_pradesh,27.9257_81.5073.png
uttar_pradesh,27.9257_81.6283.png
uttar_pradesh,27.9291_79.1073.png
uttar_pradesh,27.9291_79.2397.png
uttar_pradesh,27.9291_79.9073.png
uttar_pradesh,27.9291_79.9161.png
uttar_pradesh,27.9291_80.1397.png
uttar_pradesh,27.9291_80.1662.png
uttar_pradesh,27.9291_80.2397.png
uttar_pradesh,27.9291_80.4985.png
uttar_pradesh,27.9291_80.7161.png
uttar_pradesh,27.9291_80.7249.png
uttar_pradesh,27.9291_80.7283.png
uttar_pradesh,27.9291_80.7661.png
uttar_pradesh,27.9291_80.7749.png
uttar_pradesh,27.9291_80.7783.png
uttar_pradesh,27.9291_80.8161.png
uttar_pradesh,27.9291_80.8249.png
uttar_pradesh,27.9291_81.4661.png
uttar_pradesh,27.9291_81.4985.png
uttar_pradesh,27.9291_81.5073.png
uttar_pradesh,27.9291_81.6283.png
uttar_pradesh,27.9379_79.1749.png
uttar_pradesh,27.9379_79.1783.png
uttar_pradesh,27.9379_79.7749.png
uttar_pradesh,27.9379_79.7783.png
uttar_pradesh,27.9379_80.2249.png
uttar_pradesh,27.9379_80.2283.png
uttar_pradesh,27.9379_80.5249.png
uttar_pradesh,27.9379_80.5283.png
uttar_pradesh,27.9379_81.4661.png
uttar_pradesh,27.9379_81.4749.png
uttar_pradesh,27.9379_81.4783.png
uttar_pradesh,27.9379_81.5397.png
uttar_pradesh,27.9379_81.5661.png
uttar_pradesh,27.9379_81.5749.png
uttar_pradesh,27.9379_81.6249.png
uttar_pradesh,27.9379_81.6283.png
uttar_pradesh,27.9467_79.7661.png
uttar_pradesh,27.9467_79.7749.png
uttar_pradesh,27.9467_79.7783.png
uttar_pradesh,27.9467_79.8249.png
uttar_pradesh,27.9467_79.8283.png
uttar_pradesh,27.9467_79.8749.png
uttar_pradesh,27.9467_79.8783.png
uttar_pradesh,27.9467_80.1897.png
uttar_pradesh,27.9467_80.4073.png
uttar_pradesh,27.9467_80.4485.png
uttar_pradesh,27.9467_80.5249.png
uttar_pradesh,27.9467_80.5283.png
uttar_pradesh,27.9467_81.4661.png
uttar_pradesh,27.9467_81.4749.png
uttar_pradesh,27.9467_81.4783.png
uttar_pradesh,27.9467_81.4897.png
uttar_pradesh,27.9467_81.4985.png
uttar_pradesh,27.9467_81.5397.png
uttar_pradesh,27.9467_81.5661.png
uttar_pradesh,27.9467_81.5749.png
uttar_pradesh,27.9467_81.6249.png
uttar_pradesh,27.9467_81.6283.png
uttar_pradesh,27.9555_79.1661.png
uttar_pradesh,27.9555_79.1749.png
uttar_pradesh,27.9555_79.6661.png
uttar_pradesh,27.9555_79.8749.png
uttar_pradesh,27.9555_79.8783.png
uttar_pradesh,27.9555_79.8897.png
uttar_pradesh,27.9555_79.8985.png
uttar_pradesh,27.9555_79.9250.png
uttar_pradesh,27.9555_79.9283.png
uttar_pradesh,27.9555_80.1397.png
uttar_pradesh,27.9555_80.1485.png
uttar_pradesh,27.9555_80.2573.png
uttar_pradesh,27.9555_80.4073.png
uttar_pradesh,27.9555_80.4162.png
uttar_pradesh,27.9555_80.4485.png
uttar_pradesh,27.9555_80.5397.png
uttar_pradesh,27.9555_80.7573.png
uttar_pradesh,27.9555_81.0897.png
uttar_pradesh,27.9555_81.0985.png
uttar_pradesh,27.9555_81.4661.png
uttar_pradesh,27.9555_81.4749.png
uttar_pradesh,27.9555_81.5573.png
uttar_pradesh,27.9555_81.5897.png
uttar_pradesh,27.9555_81.5985.png
uttar_pradesh,27.9643_79.6661.png
uttar_pradesh,27.9643_79.7161.png
uttar_pradesh,27.9643_79.7249.png
uttar_pradesh,27.9643_79.8897.png
uttar_pradesh,27.9643_80.2573.png
uttar_pradesh,27.9643_80.5397.png
uttar_pradesh,27.9643_80.6897.png
uttar_pradesh,27.9643_80.6985.png
uttar_pradesh,27.9643_80.7573.png
uttar_pradesh,27.9643_80.7661.png
uttar_pradesh,27.9643_80.7749.png
uttar_pradesh,27.9643_80.7783.png
uttar_pradesh,27.9643_81.4661.png
uttar_pradesh,27.9643_81.4749.png
uttar_pradesh,27.9643_81.5573.png
uttar_pradesh,27.9643_81.5749.png
uttar_pradesh,27.9643_81.5783.png
uttar_pradesh,27.9643_81.5897.png
uttar_pradesh,27.9757_79.1573.png
uttar_pradesh,27.9757_79.5749.png
uttar_pradesh,27.9757_79.5783.png
uttar_pradesh,27.9757_79.5897.png
uttar_pradesh,27.9757_79.7249.png
uttar_pradesh,27.9757_79.7283.png
uttar_pradesh,27.9757_79.8749.png
uttar_pradesh,27.9757_79.8783.png
uttar_pradesh,27.9757_79.8897.png
uttar_pradesh,27.9757_79.9161.png
uttar_pradesh,27.9757_79.9250.png
uttar_pradesh,27.9757_79.9897.png
uttar_pradesh,27.9757_80.1897.png
uttar_pradesh,27.9757_80.4485.png
uttar_pradesh,27.9757_80.7485.png
uttar_pradesh,27.9757_80.7985.png
uttar_pradesh,27.9757_81.4485.png
uttar_pradesh,27.9757_81.4573.png
uttar_pradesh,27.9757_81.4661.png
uttar_pradesh,27.9757_81.5073.png
uttar_pradesh,27.9757_81.5485.png
uttar_pradesh,27.9757_81.5573.png
uttar_pradesh,27.9792_79.1573.png
uttar_pradesh,27.9792_79.5283.png
uttar_pradesh,27.9792_79.5749.png
uttar_pradesh,27.9792_79.5783.png
uttar_pradesh,27.9792_79.5897.png
uttar_pradesh,27.9792_79.6485.png
uttar_pradesh,27.9792_79.7249.png
uttar_pradesh,27.9792_79.7283.png
uttar_pradesh,27.9792_79.8749.png
uttar_pradesh,27.9792_79.8783.png
uttar_pradesh,27.9792_79.8897.png
uttar_pradesh,27.9792_79.9161.png
uttar_pradesh,27.9792_79.9250.png
uttar_pradesh,27.9792_79.9897.png
uttar_pradesh,27.9792_80.1897.png
uttar_pradesh,27.9792_80.4485.png
uttar_pradesh,27.9792_80.7485.png
uttar_pradesh,27.9792_80.7985.png
uttar_pradesh,27.9792_81.4485.png
uttar_pradesh,27.9792_81.4573.png
uttar_pradesh,27.9792_81.4661.png
uttar_pradesh,27.9792_81.4897.png
uttar_pradesh,27.9792_81.4985.png
uttar_pradesh,27.9792_81.5073.png
uttar_pradesh,27.9792_81.5485.png
uttar_pradesh,27.9792_81.5573.png
uttar_pradesh,27.9880_79.5283.png
uttar_pradesh,27.9880_79.5897.png
uttar_pradesh,27.9880_79.5985.png
uttar_pradesh,27.9880_79.6485.png
uttar_pradesh,27.9880_79.7073.png
uttar_pradesh,27.9880_79.8897.png
uttar_pradesh,27.9880_79.9897.png
uttar_pradesh,27.9880_80.3749.png
uttar_pradesh,27.9880_80.3783.png
uttar_pradesh,27.9880_81.4573.png
uttar_pradesh,27.9880_81.4661.png
uttar_pradesh,27.9880_81.4749.png
uttar_pradesh,27.9880_81.4985.png
uttar_pradesh,27.9880_81.5073.png
uttar_pradesh,27.9880_81.5161.png
uttar_pradesh,27.9880_81.5249.png
uttar_pradesh,27.9880_81.5749.png
uttar_pradesh,27.9880_81.5783.png
uttar_pradesh,27.9968_79.6985.png
uttar_pradesh,27.9968_79.7073.png
uttar_pradesh,27.9968_79.7573.png
uttar_pradesh,27.9968_79.9161.png
uttar_pradesh,27.9968_81.4985.png
uttar_pradesh,27.9968_81.5073.png
uttar_pradesh,27.9968_81.5749.png
uttar_pradesh,27.9968_81.5783.png
uttar_pradesh,28.0056_79.7573.png
uttar_pradesh,28.0056_81.0985.png
uttar_pradesh,28.0056_81.1073.png
uttar_pradesh,28.0056_81.5749.png
uttar_pradesh,28.0056_81.5783.png
uttar_pradesh,28.0144_79.4250.png
uttar_pradesh,28.0144_79.4283.png
uttar_pradesh,28.0144_81.3661.png
uttar_pradesh,28.0144_81.3749.png
uttar_pradesh,28.0258_79.4161.png
uttar_pradesh,28.0258_79.4250.png
uttar_pradesh,28.0258_79.4283.png
uttar_pradesh,28.0258_79.8249.png
uttar_pradesh,28.0258_79.8283.png
uttar_pradesh,28.0258_79.8749.png
uttar_pradesh,28.0258_79.8783.png
uttar_pradesh,28.0258_79.9749.png
uttar_pradesh,28.0258_79.9783.png
uttar_pradesh,28.0258_80.3897.png
uttar_pradesh,28.0258_80.3985.png
uttar_pradesh,28.0258_80.4250.png
uttar_pradesh,28.0258_80.4283.png
uttar_pradesh,28.0258_80.4783.png
uttar_pradesh,28.0258_80.6485.png
uttar_pradesh,28.0258_80.6573.png
uttar_pradesh,28.0258_80.6662.png
uttar_pradesh,28.0258_81.4749.png
uttar_pradesh,28.0258_81.4783.png
uttar_pradesh,28.0291_79.4161.png
uttar_pradesh,28.0291_79.4250.png
uttar_pradesh,28.0291_79.4283.png
uttar_pradesh,28.0291_79.8749.png
uttar_pradesh,28.0291_79.8783.png
uttar_pradesh,28.0291_79.9749.png
uttar_pradesh,28.0291_79.9783.png
uttar_pradesh,28.0291_80.3897.png
uttar_pradesh,28.0291_80.3985.png
uttar_pradesh,28.0291_80.4250.png
uttar_pradesh,28.0291_80.4283.png
uttar_pradesh,28.0291_80.4783.png
uttar_pradesh,28.0291_80.5573.png
uttar_pradesh,28.0291_80.6485.png
uttar_pradesh,28.0291_80.6573.png
uttar_pradesh,28.0291_80.6662.png
uttar_pradesh,28.0379_79.2161.png
uttar_pradesh,28.0379_79.2249.png
uttar_pradesh,28.0379_79.2283.png
uttar_pradesh,28.0379_79.2397.png
uttar_pradesh,28.0379_79.6750.png
uttar_pradesh,28.0379_79.6783.png
uttar_pradesh,28.0379_79.8749.png
uttar_pradesh,28.0379_79.8783.png
uttar_pradesh,28.0379_80.0485.png
uttar_pradesh,28.0379_80.0573.png
uttar_pradesh,28.0379_80.1249.png
uttar_pradesh,28.0379_80.1283.png
uttar_pradesh,28.0379_80.5283.png
uttar_pradesh,28.0379_80.5397.png
uttar_pradesh,28.0379_80.5485.png
uttar_pradesh,28.0379_80.5573.png
uttar_pradesh,28.0467_79.7249.png
uttar_pradesh,28.0467_79.7283.png
uttar_pradesh,28.0467_79.8249.png
uttar_pradesh,28.0467_79.8283.png
uttar_pradesh,28.0467_80.5283.png
uttar_pradesh,28.0467_80.5397.png
uttar_pradesh,28.0467_80.5485.png
uttar_pradesh,28.0555_79.5485.png
uttar_pradesh,28.0555_79.5573.png
uttar_pradesh,28.0555_79.7249.png
uttar_pradesh,28.0555_79.7283.png
uttar_pradesh,28.0555_80.0661.png
uttar_pradesh,28.0757_79.6249.png
uttar_pradesh,28.0757_79.6283.png
uttar_pradesh,28.0757_79.6985.png
uttar_pradesh,28.0757_80.4897.png
uttar_pradesh,28.0757_80.5073.png
uttar_pradesh,28.0791_79.6249.png
uttar_pradesh,28.0791_79.6283.png
uttar_pradesh,28.0791_79.6985.png
uttar_pradesh,28.0791_79.8485.png
uttar_pradesh,28.0791_79.8573.png
uttar_pradesh,28.0791_80.0397.png
uttar_pradesh,28.0791_80.0485.png
uttar_pradesh,28.0791_80.4897.png
uttar_pradesh,28.0791_80.4985.png
uttar_pradesh,28.0791_80.5073.png
uttar_pradesh,28.0791_80.6573.png
uttar_pradesh,28.0791_80.6662.png
uttar_pradesh,28.0879_79.8485.png
uttar_pradesh,28.0879_79.8573.png
uttar_pradesh,28.0879_79.8661.png
uttar_pradesh,28.0879_80.0397.png
uttar_pradesh,28.0879_80.0485.png
uttar_pradesh,28.0879_80.1249.png
uttar_pradesh,28.0879_80.1283.png
uttar_pradesh,28.0879_80.3485.png
uttar_pradesh,28.0879_80.4897.png
uttar_pradesh,28.0879_80.4985.png
uttar_pradesh,28.0879_80.5249.png
uttar_pradesh,28.0879_80.5283.png
uttar_pradesh,28.0879_80.6573.png
uttar_pradesh,28.0879_80.6662.png
uttar_pradesh,28.0879_81.0485.png
uttar_pradesh,28.0967_79.5573.png
uttar_pradesh,28.0967_79.5661.png
uttar_pradesh,28.0967_79.8661.png
uttar_pradesh,28.0967_79.9661.png
uttar_pradesh,28.0967_79.9749.png
uttar_pradesh,28.0967_79.9783.png
uttar_pradesh,28.0967_79.9897.png
uttar_pradesh,28.0967_80.1283.png
uttar_pradesh,28.0967_80.3485.png
uttar_pradesh,28.0967_80.4573.png
uttar_pradesh,28.0967_81.0485.png
uttar_pradesh,28.1055_79.8749.png
uttar_pradesh,28.1055_79.8783.png
uttar_pradesh,28.1055_79.9661.png
uttar_pradesh,28.1055_79.9749.png
uttar_pradesh,28.1055_81.0397.png
uttar_pradesh,28.1143_79.5249.png
uttar_pradesh,28.1143_79.5283.png
uttar_pradesh,28.1143_80.1397.png
uttar_pradesh,28.1143_80.1485.png
uttar_pradesh,28.1143_81.0249.png
uttar_pradesh,28.1143_81.0283.png
uttar_pradesh,28.1143_81.0397.png
uttar_pradesh,28.1258_79.3485.png
uttar_pradesh,28.1258_79.3573.png
uttar_pradesh,28.1258_79.5985.png
uttar_pradesh,28.1258_79.6073.png
uttar_pradesh,28.1258_79.7749.png
uttar_pradesh,28.1258_79.7783.png
uttar_pradesh,28.1258_81.4074.png
uttar_pradesh,28.1258_81.4162.png
uttar_pradesh,28.1258_81.4250.png
uttar_pradesh,28.1258_81.4283.png
uttar_pradesh,28.1291_79.3485.png
uttar_pradesh,28.1291_79.3573.png
uttar_pradesh,28.1291_79.5985.png
uttar_pradesh,28.1291_79.6073.png
uttar_pradesh,28.1291_79.7749.png
uttar_pradesh,28.1291_79.7783.png
uttar_pradesh,28.1291_81.4074.png
uttar_pradesh,28.1291_81.4162.png
uttar_pradesh,28.1291_81.4250.png
uttar_pradesh,28.1291_81.4283.png
uttar_pradesh,28.1379_79.5249.png
uttar_pradesh,28.1379_79.5283.png
uttar_pradesh,28.1379_79.7749.png
uttar_pradesh,28.1379_79.7783.png
uttar_pradesh,28.1379_80.3749.png
uttar_pradesh,28.1379_80.3783.png
uttar_pradesh,28.1467_79.5249.png
uttar_pradesh,28.1467_79.5283.png
uttar_pradesh,28.1467_80.3485.png
uttar_pradesh,28.1555_79.9661.png
uttar_pradesh,28.1555_79.9749.png
uttar_pradesh,28.1555_80.3397.png
uttar_pradesh,28.1555_80.3485.png
uttar_pradesh,28.1643_79.9661.png
uttar_pradesh,28.1643_79.9749.png
uttar_pradesh,28.1643_80.2749.png
uttar_pradesh,28.1643_80.2783.png
uttar_pradesh,28.1643_80.3397.png
uttar_pradesh,28.1757_79.3749.png
uttar_pradesh,28.1757_79.6485.png
uttar_pradesh,28.1757_79.8397.png
uttar_pradesh,28.1757_79.9661.png
uttar_pradesh,28.1757_80.0485.png
uttar_pradesh,28.1757_80.0573.png
uttar_pradesh,28.1791_79.3661.png
uttar_pradesh,28.1791_79.6485.png
uttar_pradesh,28.1791_79.7661.png
uttar_pradesh,28.1791_79.8397.png
uttar_pradesh,28.1791_79.9661.png
uttar_pradesh,28.1791_80.0485.png
uttar_pradesh,28.1879_79.3661.png
uttar_pradesh,28.1879_79.3749.png
uttar_pradesh,28.1879_79.7661.png
uttar_pradesh,28.1879_79.8397.png
uttar_pradesh,28.1879_80.0485.png
uttar_pradesh,28.1879_80.0573.png
uttar_pradesh,28.1879_80.0661.png
uttar_pradesh,28.1879_81.0249.png
uttar_pradesh,28.1879_81.0283.png
uttar_pradesh,28.1967_79.3661.png
uttar_pradesh,28.1967_79.3749.png
uttar_pradesh,28.1967_79.6249.png
uttar_pradesh,28.1967_79.6283.png
uttar_pradesh,28.1967_79.8161.png
uttar_pradesh,28.1967_79.9397.png
uttar_pradesh,28.1967_79.9485.png
uttar_pradesh,28.1967_80.0249.png
uttar_pradesh,28.1967_80.0283.png
uttar_pradesh,28.1967_80.0485.png
uttar_pradesh,28.1967_80.0573.png
uttar_pradesh,28.1967_80.2749.png
uttar_pradesh,28.1967_80.2783.png
uttar_pradesh,28.1967_80.2897.png
uttar_pradesh,28.1967_80.2985.png
uttar_pradesh,28.1967_80.3249.png
uttar_pradesh,28.1967_80.3283.png
uttar_pradesh,28.2055_79.3749.png
uttar_pradesh,28.2055_79.3783.png
uttar_pradesh,28.2055_79.5073.png
uttar_pradesh,28.2055_79.5161.png
uttar_pradesh,28.2055_79.5249.png
uttar_pradesh,28.2055_79.6249.png
uttar_pradesh,28.2055_79.6283.png
uttar_pradesh,28.2055_79.8161.png
uttar_pradesh,28.2055_79.8249.png
uttar_pradesh,28.2055_79.8283.png
uttar_pradesh,28.2055_79.9397.png
uttar_pradesh,28.2055_79.9485.png
uttar_pradesh,28.2055_80.2749.png
uttar_pradesh,28.2055_80.2783.png
uttar_pradesh,28.2055_80.3249.png
uttar_pradesh,28.2055_80.3283.png
uttar_pradesh,28.2143_79.5161.png
uttar_pradesh,28.2143_79.5249.png
uttar_pradesh,28.2143_79.8249.png
uttar_pradesh,28.2143_79.8283.png
uttar_pradesh,28.2143_79.9397.png
uttar_pradesh,28.2143_79.9485.png
uttar_pradesh,28.2143_80.2749.png
uttar_pradesh,28.2143_80.2783.png
uttar_pradesh,28.2143_80.3249.png
uttar_pradesh,28.2143_80.3283.png
uttar_pradesh,28.2257_79.4661.png
uttar_pradesh,28.2257_79.5661.png
uttar_pradesh,28.2257_79.6073.png
uttar_pradesh,28.2257_79.6161.png
uttar_pradesh,28.2257_79.6249.png
uttar_pradesh,28.2257_79.8161.png
uttar_pradesh,28.2257_80.1985.png
uttar_pradesh,28.2257_80.3397.png
uttar_pradesh,28.2257_80.5661.png
uttar_pradesh,28.2292_79.4485.png
uttar_pradesh,28.2292_79.4573.png
uttar_pradesh,28.2292_79.5573.png
uttar_pradesh,28.2292_79.5661.png
uttar_pradesh,28.2292_79.6073.png
uttar_pradesh,28.2292_79.6161.png
uttar_pradesh,28.2292_79.6249.png
uttar_pradesh,28.2292_79.8161.png
uttar_pradesh,28.2292_80.1985.png
uttar_pradesh,28.2292_80.3397.png
uttar_pradesh,28.2292_80.5661.png
uttar_pradesh,28.2380_79.4485.png
uttar_pradesh,28.2380_79.4573.png
uttar_pradesh,28.2380_79.5161.png
uttar_pradesh,28.2380_79.5573.png
uttar_pradesh,28.2380_79.5661.png
uttar_pradesh,28.2380_79.5749.png
uttar_pradesh,28.2380_79.8161.png
uttar_pradesh,28.2380_79.9573.png
uttar_pradesh,28.2380_80.5573.png
uttar_pradesh,28.2468_79.5161.png
uttar_pradesh,28.2468_79.9573.png
uttar_pradesh,28.2468_80.5573.png
uttar_pradesh,28.2468_80.5985.png
uttar_pradesh,28.2468_80.6073.png
uttar_pradesh,28.2556_79.5073.png
uttar_pradesh,28.2556_79.5161.png
uttar_pradesh,28.2556_79.5249.png
uttar_pradesh,28.2556_79.8073.png
uttar_pradesh,28.2556_79.8161.png
uttar_pradesh,28.2556_79.8397.png
uttar_pradesh,28.2556_79.8749.png
uttar_pradesh,28.2556_79.8783.png
uttar_pradesh,28.2644_79.6249.png
uttar_pradesh,28.2644_79.6283.png
uttar_pradesh,28.2644_79.8397.png
uttar_pradesh,28.2644_79.8749.png
uttar_pradesh,28.2644_79.8783.png
uttar_pradesh,28.2644_80.2485.png
uttar_pradesh,28.2644_80.2573.png
uttar_pradesh,28.2644_80.3397.png
uttar_pradesh,28.2644_80.3485.png
uttar_pradesh,28.2758_79.5073.png
uttar_pradesh,28.2758_79.5661.png
uttar_pradesh,28.2758_79.5749.png
uttar_pradesh,28.2758_79.6073.png
uttar_pradesh,28.2758_79.7161.png
uttar_pradesh,28.2758_79.7249.png
uttar_pradesh,28.2758_79.7283.png
uttar_pradesh,28.2758_79.7897.png
uttar_pradesh,28.2758_79.7985.png
uttar_pradesh,28.2758_79.8283.png
uttar_pradesh,28.2758_79.8397.png
uttar_pradesh,28.2758_79.8661.png
uttar_pradesh,28.2758_80.2485.png
uttar_pradesh,28.2758_80.3485.png
uttar_pradesh,28.2791_79.4985.png
uttar_pradesh,28.2791_79.5073.png
uttar_pradesh,28.2791_79.5661.png
uttar_pradesh,28.2791_79.5749.png
uttar_pradesh,28.2791_79.6073.png
uttar_pradesh,28.2791_79.7161.png
uttar_pradesh,28.2791_79.7249.png
uttar_pradesh,28.2791_79.7283.png
uttar_pradesh,28.2791_79.7897.png
uttar_pradesh,28.2791_79.7985.png
uttar_pradesh,28.2791_79.8249.png
uttar_pradesh,28.2791_79.8283.png
uttar_pradesh,28.2791_79.8397.png
uttar_pradesh,28.2791_79.8661.png
uttar_pradesh,28.2791_80.3485.png
uttar_pradesh,28.2879_79.4985.png
uttar_pradesh,28.2879_79.5073.png
uttar_pradesh,28.2879_79.5661.png
uttar_pradesh,28.2879_79.7249.png
uttar_pradesh,28.2879_79.7283.png
uttar_pradesh,28.2879_80.1750.png
uttar_pradesh,28.2879_80.1783.png
uttar_pradesh,28.2879_80.2397.png
uttar_pradesh,28.2879_80.2485.png
uttar_pradesh,28.2879_80.7897.png
uttar_pradesh,28.2967_79.6485.png
uttar_pradesh,28.2967_79.6573.png
uttar_pradesh,28.2967_79.8249.png
uttar_pradesh,28.2967_79.8283.png
uttar_pradesh,28.2967_80.2397.png
uttar_pradesh,28.2967_80.3073.png
uttar_pradesh,28.2967_80.7897.png
uttar_pradesh,28.3055_79.6485.png
uttar_pradesh,28.3055_79.6573.png
uttar_pradesh,28.3055_79.7161.png
uttar_pradesh,28.3055_79.7249.png
uttar_pradesh,28.3055_79.9250.png
uttar_pradesh,28.3055_79.9283.png
uttar_pradesh,28.3143_79.9250.png
uttar_pradesh,28.3143_79.9283.png
uttar_pradesh,28.3143_80.2485.png
uttar_pradesh,28.3143_80.2573.png
uttar_pradesh,28.3257_79.7897.png
uttar_pradesh,28.3257_80.9573.png
uttar_pradesh,28.3257_80.9749.png
uttar_pradesh,28.3257_80.9783.png
uttar_pradesh,28.3291_79.7897.png
uttar_pradesh,28.3291_79.7985.png
uttar_pradesh,28.3291_80.2397.png
uttar_pradesh,28.3291_80.9485.png
uttar_pradesh,28.3291_80.9573.png
uttar_pradesh,28.3291_80.9749.png
uttar_pradesh,28.3291_80.9783.png
uttar_pradesh,28.3379_79.7985.png
uttar_pradesh,28.3379_79.8749.png
uttar_pradesh,28.3379_79.8783.png
uttar_pradesh,28.3379_80.2397.png
uttar_pradesh,28.3379_80.2485.png
uttar_pradesh,28.3379_80.2573.png
uttar_pradesh,28.3379_80.2661.png
uttar_pradesh,28.3467_79.8749.png
uttar_pradesh,28.3467_79.8783.png
uttar_pradesh,28.3467_80.2397.png
uttar_pradesh,28.3467_80.2485.png
uttar_pradesh,28.3467_80.2749.png
uttar_pradesh,28.3467_80.2783.png
uttar_pradesh,28.3467_80.3249.png
uttar_pradesh,28.3467_80.3283.png
uttar_pradesh,28.3555_79.8397.png
uttar_pradesh,28.3555_80.1073.png
uttar_pradesh,28.3644_79.8397.png
uttar_pradesh,28.3644_80.9573.png
uttar_pradesh,28.3758_79.8397.png
uttar_pradesh,28.3758_79.8485.png
uttar_pradesh,28.3758_80.2985.png
uttar_pradesh,28.3791_80.2985.png
uttar_pradesh,28.3879_79.7897.png
uttar_pradesh,28.3879_79.9250.png
uttar_pradesh,28.3879_79.9283.png
uttar_pradesh,28.3879_80.2397.png
uttar_pradesh,28.3879_80.9250.png
uttar_pradesh,28.3879_80.9283.png
uttar_pradesh,28.3967_79.7897.png
uttar_pradesh,28.3967_79.8749.png
uttar_pradesh,28.3967_79.8783.png
uttar_pradesh,28.3967_79.9161.png
uttar_pradesh,28.3967_79.9250.png
uttar_pradesh,28.3967_80.2397.png
uttar_pradesh,28.4055_79.9161.png
uttar_pradesh,28.4055_80.0749.png
uttar_pradesh,28.4055_80.0783.png
uttar_pradesh,28.4143_79.8749.png
uttar_pradesh,28.4143_79.8783.png
uttar_pradesh,28.4143_80.0573.png
uttar_pradesh,28.4143_80.0661.png
uttar_pradesh,28.4379_79.8073.png
uttar_pradesh,28.4379_80.2661.png
uttar_pradesh,28.4467_79.8073.png
uttar_pradesh,28.4467_80.1397.png
uttar_pradesh,28.4467_80.2661.png
uttar_pradesh,28.4467_80.2749.png
uttar_pradesh,28.4555_79.9250.png
uttar_pradesh,28.4555_79.9283.png
uttar_pradesh,28.4555_80.1397.png
uttar_pradesh,28.4643_80.1397.png
uttar_pradesh,28.4792_79.9485.png
uttar_pradesh,28.4792_79.9573.png
uttar_pradesh,28.4880_79.9485.png
uttar_pradesh,28.4880_79.9573.png
uttar_pradesh,28.4880_80.1985.png
uttar_pradesh,28.4880_80.2073.png
uttar_pradesh,28.4968_79.9485.png
uttar_pradesh,28.5056_80.1750.png
uttar_pradesh,28.5056_80.1783.png
uttar_pradesh,28.5056_80.1897.png
uttar_pradesh,28.5056_80.1985.png
uttar_pradesh,28.5144_80.1985.png
uttar_pradesh,28.5144_80.2073.png
